event_index,ts_event,account_id,account_type,currency,total,locked,free,reported
0,1609459200000000000,BINANCE-001,MARGIN,USDT,10000.00000000,0.00000000,10000.00000000,True
1,1612137660000000000,BINANCE-001,MARGIN,USDT,9990.02900778,249.27480550,9740.75420228,False
2,1612166400014000000,BINANCE-001,MARGIN,USDT,9986.20336784,249.27480550,9736.92856234,True
3,1612166400014000000,BINANCE-001,MARGIN,USDT,9986.20336784,249.27480550,9736.92856234,False
4,1612195200000000000,BINANCE-001,MARGIN,USDT,9979.52522624,249.27480550,9730.25042074,True
5,1612195200000000000,BINANCE-001,MARGIN,USDT,9979.52522624,249.27480550,9730.25042074,False
6,1612224000000000000,BINANCE-001,MARGIN,USDT,9975.81109537,249.27480550,9726.53628987,True
7,1612224000000000000,BINANCE-001,MARGIN,USDT,9975.81109537,249.27480550,9726.53628987,False
8,1612252800006000000,BINANCE-001,MARGIN,USDT,9971.24359971,249.27480550,9721.96879421,True
9,1612252800006000000,BINANCE-001,MARGIN,USDT,9971.24359971,249.27480550,9721.96879421,False
10,1612281600000000000,BINANCE-001,MARGIN,USDT,9958.46347100,249.27480550,9709.18866550,True
11,1612281600000000000,BINANCE-001,MARGIN,USDT,9958.46347100,249.27480550,9709.18866550,False
12,1612310400009000000,BINANCE-001,MARGIN,USDT,9950.19971211,249.27480550,9700.92490661,True
13,1612310400009000000,BINANCE-001,MARGIN,USDT,9950.19971211,249.27480550,9700.92490661,False
14,1612339200006000000,BINANCE-001,MARGIN,USDT,9941.36045455,249.27480550,9692.08564905,True
15,1612339200006000000,BINANCE-001,MARGIN,USDT,9941.36045455,249.27480550,9692.08564905,False
16,1612368000006000000,BINANCE-001,MARGIN,USDT,9932.99974657,249.27480550,9683.72494107,True
17,1612368000006000000,BINANCE-001,MARGIN,USDT,9932.99974657,249.27480550,9683.72494107,False
18,1612396800005000000,BINANCE-001,MARGIN,USDT,9929.70601532,249.27480550,9680.43120982,True
19,1612396800005000000,BINANCE-001,MARGIN,USDT,9929.70601532,249.27480550,9680.43120982,False
20,1612425600000000000,BINANCE-001,MARGIN,USDT,9921.23734982,249.27480550,9671.96254432,True
21,1612425600000000000,BINANCE-001,MARGIN,USDT,9921.23734982,249.27480550,9671.96254432,False
22,1612454400011000000,BINANCE-001,MARGIN,USDT,9914.41371881,249.27480550,9665.13891331,True
23,1612454400011000000,BINANCE-001,MARGIN,USDT,9914.41371881,249.27480550,9665.13891331,False
24,1612483200009000000,BINANCE-001,MARGIN,USDT,9908.10744511,249.27480550,9658.83263961,True
25,1612483200009000000,BINANCE-001,MARGIN,USDT,9908.10744511,249.27480550,9658.83263961,False
26,1612512000004000000,BINANCE-001,MARGIN,USDT,9899.61592497,249.27480550,9650.34111947,True
27,1612512000004000000,BINANCE-001,MARGIN,USDT,9899.61592497,249.27480550,9650.34111947,False
28,1612540800000000000,BINANCE-001,MARGIN,USDT,9888.27633194,249.27480550,9639.00152644,True
29,1612540800000000000,BINANCE-001,MARGIN,USDT,9888.27633194,249.27480550,9639.00152644,False
30,1612569600008000000,BINANCE-001,MARGIN,USDT,9884.26400504,249.27480550,9634.98919954,True
31,1612569600008000000,BINANCE-001,MARGIN,USDT,9884.26400504,249.27480550,9634.98919954,False
32,1612598400009000000,BINANCE-001,MARGIN,USDT,9875.98328147,249.27480550,9626.70847597,True
33,1612598400009000000,BINANCE-001,MARGIN,USDT,9875.98328147,249.27480550,9626.70847597,False
34,1612627200000000000,BINANCE-001,MARGIN,USDT,9863.38452046,249.27480550,9614.10971496,True
35,1612627200000000000,BINANCE-001,MARGIN,USDT,9863.38452046,249.27480550,9614.10971496,False
36,1612656000000000000,BINANCE-001,MARGIN,USDT,9845.00747301,249.27480550,9595.73266751,True
37,1612656000000000000,BINANCE-001,MARGIN,USDT,9845.00747301,249.27480550,9595.73266751,False
38,1612684800005000000,BINANCE-001,MARGIN,USDT,9837.35074242,249.27480550,9588.07593692,True
39,1612684800005000000,BINANCE-001,MARGIN,USDT,9837.35074242,249.27480550,9588.07593692,False
40,1612713600001000000,BINANCE-001,MARGIN,USDT,9825.21630752,249.27480550,9575.94150202,True
41,1612713600001000000,BINANCE-001,MARGIN,USDT,9825.21630752,249.27480550,9575.94150202,False
42,1612742400000000000,BINANCE-001,MARGIN,USDT,9818.28696258,249.27480550,9569.01215708,True
43,1612742400000000000,BINANCE-001,MARGIN,USDT,9818.28696258,249.27480550,9569.01215708,False
44,1612742460000000000,BINANCE-001,MARGIN,USDT,9841.02364562,245.96218350,9595.06146212,False
45,1612771200001000000,BINANCE-001,MARGIN,USDT,9834.26599586,245.96218350,9588.30381236,True
46,1612771200001000000,BINANCE-001,MARGIN,USDT,9834.26599586,245.96218350,9588.30381236,False
47,1612800000000000000,BINANCE-001,MARGIN,USDT,9801.89586594,245.96218350,9555.93368244,True
48,1612800000000000000,BINANCE-001,MARGIN,USDT,9801.89586594,245.96218350,9555.93368244,False
49,1612828800010000000,BINANCE-001,MARGIN,USDT,9783.81974392,245.96218350,9537.85756042,True
50,1612828800010000000,BINANCE-001,MARGIN,USDT,9783.81974392,245.96218350,9537.85756042,False
51,1612857600006000000,BINANCE-001,MARGIN,USDT,9757.43010726,245.96218350,9511.46792376,True
52,1612857600006000000,BINANCE-001,MARGIN,USDT,9757.43010726,245.96218350,9511.46792376,False
53,1612886400007000000,BINANCE-001,MARGIN,USDT,9735.00226777,245.96218350,9489.04008427,True
54,1612886400007000000,BINANCE-001,MARGIN,USDT,9735.00226777,245.96218350,9489.04008427,False
55,1612915200009000000,BINANCE-001,MARGIN,USDT,9717.82825077,245.96218350,9471.86606727,True
56,1612915200009000000,BINANCE-001,MARGIN,USDT,9717.82825077,245.96218350,9471.86606727,False
57,1612944000014000000,BINANCE-001,MARGIN,USDT,9693.51982818,245.96218350,9447.55764468,True
58,1612944000014000000,BINANCE-001,MARGIN,USDT,9693.51982818,245.96218350,9447.55764468,False
59,1612972800005000000,BINANCE-001,MARGIN,USDT,9678.71036153,245.96218350,9432.74817803,True
60,1612972800005000000,BINANCE-001,MARGIN,USDT,9678.71036153,245.96218350,9432.74817803,False
61,1613001600000000000,BINANCE-001,MARGIN,USDT,9668.48469285,245.96218350,9422.52250935,True
62,1613001600000000000,BINANCE-001,MARGIN,USDT,9668.48469285,245.96218350,9422.52250935,False
63,1613030400000000000,BINANCE-001,MARGIN,USDT,9657.44155768,245.96218350,9411.47937418,True
64,1613030400000000000,BINANCE-001,MARGIN,USDT,9657.44155768,245.96218350,9411.47937418,False
65,1613059200000000000,BINANCE-001,MARGIN,USDT,9632.57981381,245.96218350,9386.61763031,True
66,1613059200000000000,BINANCE-001,MARGIN,USDT,9632.57981381,245.96218350,9386.61763031,False
67,1613088000000000000,BINANCE-001,MARGIN,USDT,9614.19493446,245.96218350,9368.23275096,True
68,1613088000000000000,BINANCE-001,MARGIN,USDT,9614.19493446,245.96218350,9368.23275096,False
69,1613116800000000000,BINANCE-001,MARGIN,USDT,9596.51188228,245.96218350,9350.54969878,True
70,1613116800000000000,BINANCE-001,MARGIN,USDT,9596.51188228,245.96218350,9350.54969878,False
71,1613145600000000000,BINANCE-001,MARGIN,USDT,9581.76044327,245.96218350,9335.79825977,True
72,1613145600000000000,BINANCE-001,MARGIN,USDT,9581.76044327,245.96218350,9335.79825977,False
73,1613174400001000000,BINANCE-001,MARGIN,USDT,9562.05977209,245.96218350,9316.09758859,True
74,1613174400001000000,BINANCE-001,MARGIN,USDT,9562.05977209,245.96218350,9316.09758859,False
75,1613203200003000000,BINANCE-001,MARGIN,USDT,9542.27409576,245.96218350,9296.31191226,True
76,1613203200003000000,BINANCE-001,MARGIN,USDT,9542.27409576,245.96218350,9296.31191226,False
77,1613232000000000000,BINANCE-001,MARGIN,USDT,9531.64340771,245.96218350,9285.68122421,True
78,1613232000000000000,BINANCE-001,MARGIN,USDT,9531.64340771,245.96218350,9285.68122421,False
79,1613260800013000000,BINANCE-001,MARGIN,USDT,9519.71557530,245.96218350,9273.75339180,True
80,1613260800013000000,BINANCE-001,MARGIN,USDT,9519.71557530,245.96218350,9273.75339180,False
81,1613289600000000000,BINANCE-001,MARGIN,USDT,9498.51688137,245.96218350,9252.55469787,True
82,1613289600000000000,BINANCE-001,MARGIN,USDT,9498.51688137,245.96218350,9252.55469787,False
83,1613318400008000000,BINANCE-001,MARGIN,USDT,9476.91951292,245.96218350,9230.95732942,True
84,1613318400008000000,BINANCE-001,MARGIN,USDT,9476.91951292,245.96218350,9230.95732942,False
85,1613347200000000000,BINANCE-001,MARGIN,USDT,9459.88206482,245.96218350,9213.91988132,True
86,1613347200000000000,BINANCE-001,MARGIN,USDT,9459.88206482,245.96218350,9213.91988132,False
87,1613347260000000000,BINANCE-001,MARGIN,USDT,9583.72466322,239.33693950,9344.38772372,False
88,1613376000006000000,BINANCE-001,MARGIN,USDT,9578.17373121,239.33693950,9338.83679171,True
89,1613376000006000000,BINANCE-001,MARGIN,USDT,9578.17373121,239.33693950,9338.83679171,False
90,1613404800000000000,BINANCE-001,MARGIN,USDT,9568.72328825,239.33693950,9329.38634875,True
91,1613404800000000000,BINANCE-001,MARGIN,USDT,9568.72328825,239.33693950,9329.38634875,False
92,1613433600001000000,BINANCE-001,MARGIN,USDT,9554.91241224,239.33693950,9315.57547274,True
93,1613433600001000000,BINANCE-001,MARGIN,USDT,9554.91241224,239.33693950,9315.57547274,False
94,1613462400000000000,BINANCE-001,MARGIN,USDT,9537.33908391,239.33693950,9298.00214441,True
95,1613462400000000000,BINANCE-001,MARGIN,USDT,9537.33908391,239.33693950,9298.00214441,False
96,1613491200010000000,BINANCE-001,MARGIN,USDT,9517.24227320,239.33693950,9277.90533370,True
97,1613491200010000000,BINANCE-001,MARGIN,USDT,9517.24227320,239.33693950,9277.90533370,False
98,1613520000005000000,BINANCE-001,MARGIN,USDT,9502.43879246,239.33693950,9263.10185296,True
99,1613520000005000000,BINANCE-001,MARGIN,USDT,9502.43879246,239.33693950,9263.10185296,False
100,1613548800010000000,BINANCE-001,MARGIN,USDT,9488.61917617,239.33693950,9249.28223667,True
101,1613548800010000000,BINANCE-001,MARGIN,USDT,9488.61917617,239.33693950,9249.28223667,False
102,1613577600008000000,BINANCE-001,MARGIN,USDT,9466.84232426,239.33693950,9227.50538476,True
103,1613577600008000000,BINANCE-001,MARGIN,USDT,9466.84232426,239.33693950,9227.50538476,False
104,1613606400012000000,BINANCE-001,MARGIN,USDT,9446.89356467,239.33693950,9207.55662517,True
105,1613606400012000000,BINANCE-001,MARGIN,USDT,9446.89356467,239.33693950,9207.55662517,False
106,1613635200000000000,BINANCE-001,MARGIN,USDT,9423.69846160,239.33693950,9184.36152210,True
107,1613635200000000000,BINANCE-001,MARGIN,USDT,9423.69846160,239.33693950,9184.36152210,False
108,1613664000009000000,BINANCE-001,MARGIN,USDT,9404.91132608,239.33693950,9165.57438658,True
109,1613664000009000000,BINANCE-001,MARGIN,USDT,9404.91132608,239.33693950,9165.57438658,False
110,1613692800010000000,BINANCE-001,MARGIN,USDT,9391.30033336,239.33693950,9151.96339386,True
111,1613692800010000000,BINANCE-001,MARGIN,USDT,9391.30033336,239.33693950,9151.96339386,False
112,1613721600002000000,BINANCE-001,MARGIN,USDT,9378.63971387,239.33693950,9139.30277437,True
113,1613721600002000000,BINANCE-001,MARGIN,USDT,9378.63971387,239.33693950,9139.30277437,False
114,1613750400008000000,BINANCE-001,MARGIN,USDT,9358.56414128,239.33693950,9119.22720178,True
115,1613750400008000000,BINANCE-001,MARGIN,USDT,9358.56414128,239.33693950,9119.22720178,False
116,1613779200000000000,BINANCE-001,MARGIN,USDT,9333.27331138,239.33693950,9093.93637188,True
117,1613779200000000000,BINANCE-001,MARGIN,USDT,9333.27331138,239.33693950,9093.93637188,False
118,1613808000009000000,BINANCE-001,MARGIN,USDT,9314.65965220,239.33693950,9075.32271270,True
119,1613808000009000000,BINANCE-001,MARGIN,USDT,9314.65965220,239.33693950,9075.32271270,False
120,1613836800000000000,BINANCE-001,MARGIN,USDT,9294.75865497,239.33693950,9055.42171547,True
121,1613836800000000000,BINANCE-001,MARGIN,USDT,9294.75865497,239.33693950,9055.42171547,False
122,1613865600007000000,BINANCE-001,MARGIN,USDT,9278.53528350,239.33693950,9039.19834400,True
123,1613865600007000000,BINANCE-001,MARGIN,USDT,9278.53528350,239.33693950,9039.19834400,False
124,1613894400012000000,BINANCE-001,MARGIN,USDT,9262.46833399,239.33693950,9023.13139449,True
125,1613894400012000000,BINANCE-001,MARGIN,USDT,9262.46833399,239.33693950,9023.13139449,False
126,1613923200001000000,BINANCE-001,MARGIN,USDT,9241.60024371,239.33693950,9002.26330421,True
127,1613923200001000000,BINANCE-001,MARGIN,USDT,9241.60024371,239.33693950,9002.26330421,False
128,1613952000006000000,BINANCE-001,MARGIN,USDT,9222.15977428,239.33693950,8982.82283478,True
129,1613952000006000000,BINANCE-001,MARGIN,USDT,9222.15977428,239.33693950,8982.82283478,False
130,1613952060000000000,BINANCE-001,MARGIN,USDT,9367.98204976,234.36800650,9133.61404326,False
131,1613980800002000000,BINANCE-001,MARGIN,USDT,9353.30630713,234.36800650,9118.93830063,True
132,1613980800002000000,BINANCE-001,MARGIN,USDT,9353.30630713,234.36800650,9118.93830063,False
133,1614009600000000000,BINANCE-001,MARGIN,USDT,9341.56335185,234.36800650,9107.19534535,True
134,1614009600000000000,BINANCE-001,MARGIN,USDT,9341.56335185,234.36800650,9107.19534535,False
135,1614038400000000000,BINANCE-001,MARGIN,USDT,9337.74286375,234.36800650,9103.37485725,True
136,1614038400000000000,BINANCE-001,MARGIN,USDT,9337.74286375,234.36800650,9103.37485725,False
137,1614067200006000000,BINANCE-001,MARGIN,USDT,9333.57646266,234.36800650,9099.20845616,True
138,1614067200006000000,BINANCE-001,MARGIN,USDT,9333.57646266,234.36800650,9099.20845616,False
139,1614096000000000000,BINANCE-001,MARGIN,USDT,9331.74918619,234.36800650,9097.38117969,True
140,1614096000000000000,BINANCE-001,MARGIN,USDT,9331.74918619,234.36800650,9097.38117969,False
141,1614124800012000000,BINANCE-001,MARGIN,USDT,9330.36435242,234.36800650,9095.99634592,True
142,1614124800012000000,BINANCE-001,MARGIN,USDT,9330.36435242,234.36800650,9095.99634592,False
143,1614153600016000000,BINANCE-001,MARGIN,USDT,9323.01731172,234.36800650,9088.64930522,True
144,1614153600016000000,BINANCE-001,MARGIN,USDT,9323.01731172,234.36800650,9088.64930522,False
145,1614182400011000000,BINANCE-001,MARGIN,USDT,9317.75654584,234.36800650,9083.38853934,True
146,1614182400011000000,BINANCE-001,MARGIN,USDT,9317.75654584,234.36800650,9083.38853934,False
147,1614211200007000000,BINANCE-001,MARGIN,USDT,9315.26591817,234.36800650,9080.89791167,True
148,1614211200007000000,BINANCE-001,MARGIN,USDT,9315.26591817,234.36800650,9080.89791167,False
149,1614240000000000000,BINANCE-001,MARGIN,USDT,9312.66245537,234.36800650,9078.29444887,True
150,1614240000000000000,BINANCE-001,MARGIN,USDT,9312.66245537,234.36800650,9078.29444887,False
151,1614268800010000000,BINANCE-001,MARGIN,USDT,9307.76049881,234.36800650,9073.39249231,True
152,1614268800010000000,BINANCE-001,MARGIN,USDT,9307.76049881,234.36800650,9073.39249231,False
153,1614297600000000000,BINANCE-001,MARGIN,USDT,9306.42761781,234.36800650,9072.05961131,True
154,1614297600000000000,BINANCE-001,MARGIN,USDT,9306.42761781,234.36800650,9072.05961131,False
155,1614326400025000000,BINANCE-001,MARGIN,USDT,9305.15615444,234.36800650,9070.78814794,True
156,1614326400025000000,BINANCE-001,MARGIN,USDT,9305.15615444,234.36800650,9070.78814794,False
157,1614355200010000000,BINANCE-001,MARGIN,USDT,9303.80868758,234.36800650,9069.44068108,True
158,1614355200010000000,BINANCE-001,MARGIN,USDT,9303.80868758,234.36800650,9069.44068108,False
159,1614384000001000000,BINANCE-001,MARGIN,USDT,9299.85468043,234.36800650,9065.48667393,True
160,1614384000001000000,BINANCE-001,MARGIN,USDT,9299.85468043,234.36800650,9065.48667393,False
161,1614412800000000000,BINANCE-001,MARGIN,USDT,9293.90159013,234.36800650,9059.53358363,True
162,1614412800000000000,BINANCE-001,MARGIN,USDT,9293.90159013,234.36800650,9059.53358363,False
163,1614441600000000000,BINANCE-001,MARGIN,USDT,9292.57882826,234.36800650,9058.21082176,True
164,1614441600000000000,BINANCE-001,MARGIN,USDT,9292.57882826,234.36800650,9058.21082176,False
165,1614470400021000000,BINANCE-001,MARGIN,USDT,9291.27369452,234.36800650,9056.90568802,True
166,1614470400021000000,BINANCE-001,MARGIN,USDT,9291.27369452,234.36800650,9056.90568802,False
167,1614499200009000000,BINANCE-001,MARGIN,USDT,9290.01596979,234.36800650,9055.64796329,True
168,1614499200009000000,BINANCE-001,MARGIN,USDT,9290.01596979,234.36800650,9055.64796329,False
169,1614528000000000000,BINANCE-001,MARGIN,USDT,9285.38085258,234.36800650,9051.01284608,True
170,1614528000000000000,BINANCE-001,MARGIN,USDT,9285.38085258,234.36800650,9051.01284608,False
171,1614556800000000000,BINANCE-001,MARGIN,USDT,9283.21682472,234.36800650,9048.84881822,True
172,1614556800000000000,BINANCE-001,MARGIN,USDT,9283.21682472,234.36800650,9048.84881822,False
173,1614556860000000000,BINANCE-001,MARGIN,USDT,9307.20075802,232.71169550,9074.48906252,False
174,1614585600003000000,BINANCE-001,MARGIN,USDT,9305.89979968,232.71169550,9073.18810418,True
175,1614585600003000000,BINANCE-001,MARGIN,USDT,9305.89979968,232.71169550,9073.18810418,False
176,1614614400001000000,BINANCE-001,MARGIN,USDT,9304.51795191,232.71169550,9071.80625641,True
177,1614614400001000000,BINANCE-001,MARGIN,USDT,9304.51795191,232.71169550,9071.80625641,False
178,1614643200000000000,BINANCE-001,MARGIN,USDT,9303.12473765,232.71169550,9070.41304215,True
179,1614643200000000000,BINANCE-001,MARGIN,USDT,9303.12473765,232.71169550,9070.41304215,False
180,1614672000000000000,BINANCE-001,MARGIN,USDT,9301.76572639,232.71169550,9069.05403089,True
181,1614672000000000000,BINANCE-001,MARGIN,USDT,9301.76572639,232.71169550,9069.05403089,False
182,1614700800004000000,BINANCE-001,MARGIN,USDT,9300.39772340,232.71169550,9067.68602790,True
183,1614700800004000000,BINANCE-001,MARGIN,USDT,9300.39772340,232.71169550,9067.68602790,False
184,1614729600000000000,BINANCE-001,MARGIN,USDT,9299.03645636,232.71169550,9066.32476086,True
185,1614729600000000000,BINANCE-001,MARGIN,USDT,9299.03645636,232.71169550,9066.32476086,False
186,1614758400016000000,BINANCE-001,MARGIN,USDT,9297.63860122,232.71169550,9064.92690572,True
187,1614758400016000000,BINANCE-001,MARGIN,USDT,9297.63860122,232.71169550,9064.92690572,False
188,1614787200000000000,BINANCE-001,MARGIN,USDT,9291.20706101,232.71169550,9058.49536551,True
189,1614787200000000000,BINANCE-001,MARGIN,USDT,9291.20706101,232.71169550,9058.49536551,False
190,1614816000000000000,BINANCE-001,MARGIN,USDT,9289.79164575,232.71169550,9057.07995025,True
191,1614816000000000000,BINANCE-001,MARGIN,USDT,9289.79164575,232.71169550,9057.07995025,False
192,1614844800015000000,BINANCE-001,MARGIN,USDT,9288.39508063,232.71169550,9055.68338513,True
193,1614844800015000000,BINANCE-001,MARGIN,USDT,9288.39508063,232.71169550,9055.68338513,False
194,1614873600001000000,BINANCE-001,MARGIN,USDT,9287.00578094,232.71169550,9054.29408544,True
195,1614873600001000000,BINANCE-001,MARGIN,USDT,9287.00578094,232.71169550,9054.29408544,False
196,1614902400000000000,BINANCE-001,MARGIN,USDT,9285.64654101,232.71169550,9052.93484551,True
197,1614902400000000000,BINANCE-001,MARGIN,USDT,9285.64654101,232.71169550,9052.93484551,False
198,1614931200002000000,BINANCE-001,MARGIN,USDT,9284.31369508,232.71169550,9051.60199958,True
199,1614931200002000000,BINANCE-001,MARGIN,USDT,9284.31369508,232.71169550,9051.60199958,False
200,1614960000008000000,BINANCE-001,MARGIN,USDT,9282.96759071,232.71169550,9050.25589521,True
201,1614960000008000000,BINANCE-001,MARGIN,USDT,9282.96759071,232.71169550,9050.25589521,False
202,1614988800000000000,BINANCE-001,MARGIN,USDT,9281.59701433,232.71169550,9048.88531883,True
203,1614988800000000000,BINANCE-001,MARGIN,USDT,9281.59701433,232.71169550,9048.88531883,False
204,1615017600000000000,BINANCE-001,MARGIN,USDT,9280.22456846,232.71169550,9047.51287296,True
205,1615017600000000000,BINANCE-001,MARGIN,USDT,9280.22456846,232.71169550,9047.51287296,False
206,1615046400000000000,BINANCE-001,MARGIN,USDT,9278.89636028,232.71169550,9046.18466478,True
207,1615046400000000000,BINANCE-001,MARGIN,USDT,9278.89636028,232.71169550,9046.18466478,False
208,1615075200006000000,BINANCE-001,MARGIN,USDT,9277.52301352,232.71169550,9044.81131802,True
209,1615075200006000000,BINANCE-001,MARGIN,USDT,9277.52301352,232.71169550,9044.81131802,False
210,1615104000005000000,BINANCE-001,MARGIN,USDT,9276.11586298,232.71169550,9043.40416748,True
211,1615104000005000000,BINANCE-001,MARGIN,USDT,9276.11586298,232.71169550,9043.40416748,False
212,1615132800008000000,BINANCE-001,MARGIN,USDT,9273.61315764,232.71169550,9040.90146214,True
213,1615132800008000000,BINANCE-001,MARGIN,USDT,9273.61315764,232.71169550,9040.90146214,False
214,1615161600000000000,BINANCE-001,MARGIN,USDT,9272.18084332,232.71169550,9039.46914782,True
215,1615161600000000000,BINANCE-001,MARGIN,USDT,9272.18084332,232.71169550,9039.46914782,False
216,1615161660000000000,BINANCE-001,MARGIN,USDT,9289.99888806,231.88354000,9058.11534806,False
217,1615190400000000000,BINANCE-001,MARGIN,USDT,9288.60464327,231.88354000,9056.72110327,True
218,1615190400000000000,BINANCE-001,MARGIN,USDT,9288.60464327,231.88354000,9056.72110327,False
219,1615219200006000000,BINANCE-001,MARGIN,USDT,9285.06539483,231.88354000,9053.18185483,True
220,1615219200006000000,BINANCE-001,MARGIN,USDT,9285.06539483,231.88354000,9053.18185483,False
221,1615248000000000000,BINANCE-001,MARGIN,USDT,9274.43682870,231.88354000,9042.55328870,True
222,1615248000000000000,BINANCE-001,MARGIN,USDT,9274.43682870,231.88354000,9042.55328870,False
223,1615276800000000000,BINANCE-001,MARGIN,USDT,9268.13965538,231.88354000,9036.25611538,True
224,1615276800000000000,BINANCE-001,MARGIN,USDT,9268.13965538,231.88354000,9036.25611538,False
225,1615305600000000000,BINANCE-001,MARGIN,USDT,9259.49393965,231.88354000,9027.61039965,True
226,1615305600000000000,BINANCE-001,MARGIN,USDT,9259.49393965,231.88354000,9027.61039965,False
227,1615334400009000000,BINANCE-001,MARGIN,USDT,9255.75032333,231.88354000,9023.86678333,True
228,1615334400009000000,BINANCE-001,MARGIN,USDT,9255.75032333,231.88354000,9023.86678333,False
229,1615363200006000000,BINANCE-001,MARGIN,USDT,9248.37671276,231.88354000,9016.49317276,True
230,1615363200006000000,BINANCE-001,MARGIN,USDT,9248.37671276,231.88354000,9016.49317276,False
231,1615392000008000000,BINANCE-001,MARGIN,USDT,9239.39032875,231.88354000,9007.50678875,True
232,1615392000008000000,BINANCE-001,MARGIN,USDT,9239.39032875,231.88354000,9007.50678875,False
233,1615420800000000000,BINANCE-001,MARGIN,USDT,9224.36796889,231.88354000,8992.48442889,True
234,1615420800000000000,BINANCE-001,MARGIN,USDT,9224.36796889,231.88354000,8992.48442889,False
235,1615449600000000000,BINANCE-001,MARGIN,USDT,9209.04516092,231.88354000,8977.16162092,True
236,1615449600000000000,BINANCE-001,MARGIN,USDT,9209.04516092,231.88354000,8977.16162092,False
237,1615478400014000000,BINANCE-001,MARGIN,USDT,9195.54900406,231.88354000,8963.66546406,True
238,1615478400014000000,BINANCE-001,MARGIN,USDT,9195.54900406,231.88354000,8963.66546406,False
239,1615507200002000000,BINANCE-001,MARGIN,USDT,9179.02386690,231.88354000,8947.14032690,True
240,1615507200002000000,BINANCE-001,MARGIN,USDT,9179.02386690,231.88354000,8947.14032690,False
241,1615536000005000000,BINANCE-001,MARGIN,USDT,9168.35436129,231.88354000,8936.47082129,True
242,1615536000005000000,BINANCE-001,MARGIN,USDT,9168.35436129,231.88354000,8936.47082129,False
243,1615564800011000000,BINANCE-001,MARGIN,USDT,9160.18051933,231.88354000,8928.29697933,True
244,1615564800011000000,BINANCE-001,MARGIN,USDT,9160.18051933,231.88354000,8928.29697933,False
245,1615593600000000000,BINANCE-001,MARGIN,USDT,9152.50373705,231.88354000,8920.62019705,True
246,1615593600000000000,BINANCE-001,MARGIN,USDT,9152.50373705,231.88354000,8920.62019705,False
247,1615622400002000000,BINANCE-001,MARGIN,USDT,9142.77152526,231.88354000,8910.88798526,True
248,1615622400002000000,BINANCE-001,MARGIN,USDT,9142.77152526,231.88354000,8910.88798526,False
249,1615651200000000000,BINANCE-001,MARGIN,USDT,9133.22041000,231.88354000,8901.33687000,True
250,1615651200000000000,BINANCE-001,MARGIN,USDT,9133.22041000,231.88354000,8901.33687000,False
251,1615680000011000000,BINANCE-001,MARGIN,USDT,9119.18782676,231.88354000,8887.30428676,True
252,1615680000011000000,BINANCE-001,MARGIN,USDT,9119.18782676,231.88354000,8887.30428676,False
253,1615708800000000000,BINANCE-001,MARGIN,USDT,9104.83589613,231.88354000,8872.95235613,True
254,1615708800000000000,BINANCE-001,MARGIN,USDT,9104.83589613,231.88354000,8872.95235613,False
255,1615737600000000000,BINANCE-001,MARGIN,USDT,9085.57984883,231.88354000,8853.69630883,True
256,1615737600000000000,BINANCE-001,MARGIN,USDT,9085.57984883,231.88354000,8853.69630883,False
257,1615766400012000000,BINANCE-001,MARGIN,USDT,9072.01883413,231.88354000,8840.13529413,True
258,1615766400012000000,BINANCE-001,MARGIN,USDT,9072.01883413,231.88354000,8840.13529413,False
259,1615766460000000000,BINANCE-001,MARGIN,USDT,9175.42624569,228.57091800,8946.85532769,False
260,1615795200016000000,BINANCE-001,MARGIN,USDT,9158.63231866,228.57091800,8930.06140066,True
261,1615795200016000000,BINANCE-001,MARGIN,USDT,9158.63231866,228.57091800,8930.06140066,False
262,1615824000030000000,BINANCE-001,MARGIN,USDT,9156.18309771,228.57091800,8927.61217971,True
263,1615824000030000000,BINANCE-001,MARGIN,USDT,9156.18309771,228.57091800,8927.61217971,False
264,1615852800005000000,BINANCE-001,MARGIN,USDT,9152.71492758,228.57091800,8924.14400958,True
265,1615852800005000000,BINANCE-001,MARGIN,USDT,9152.71492758,228.57091800,8924.14400958,False
266,1615881600008000000,BINANCE-001,MARGIN,USDT,9147.24765354,228.57091800,8918.67673554,True
267,1615881600008000000,BINANCE-001,MARGIN,USDT,9147.24765354,228.57091800,8918.67673554,False
268,1615910400012000000,BINANCE-001,MARGIN,USDT,9140.97412902,228.57091800,8912.40321102,True
269,1615910400012000000,BINANCE-001,MARGIN,USDT,9140.97412902,228.57091800,8912.40321102,False
270,1615939200010000000,BINANCE-001,MARGIN,USDT,9135.41505134,228.57091800,8906.84413334,True
271,1615939200010000000,BINANCE-001,MARGIN,USDT,9135.41505134,228.57091800,8906.84413334,False
272,1615968000000000000,BINANCE-001,MARGIN,USDT,9132.44994217,228.57091800,8903.87902417,True
273,1615968000000000000,BINANCE-001,MARGIN,USDT,9132.44994217,228.57091800,8903.87902417,False
274,1615996800009000000,BINANCE-001,MARGIN,USDT,9128.72271219,228.57091800,8900.15179419,True
275,1615996800009000000,BINANCE-001,MARGIN,USDT,9128.72271219,228.57091800,8900.15179419,False
276,1616025600001000000,BINANCE-001,MARGIN,USDT,9123.79937899,228.57091800,8895.22846099,True
277,1616025600001000000,BINANCE-001,MARGIN,USDT,9123.79937899,228.57091800,8895.22846099,False
278,1616054400000000000,BINANCE-001,MARGIN,USDT,9119.08337628,228.57091800,8890.51245828,True
279,1616054400000000000,BINANCE-001,MARGIN,USDT,9119.08337628,228.57091800,8890.51245828,False
280,1616083200000000000,BINANCE-001,MARGIN,USDT,9113.73249670,228.57091800,8885.16157870,True
281,1616083200000000000,BINANCE-001,MARGIN,USDT,9113.73249670,228.57091800,8885.16157870,False
282,1616112000011000000,BINANCE-001,MARGIN,USDT,9108.63547719,228.57091800,8880.06455919,True
283,1616112000011000000,BINANCE-001,MARGIN,USDT,9108.63547719,228.57091800,8880.06455919,False
284,1616140800001000000,BINANCE-001,MARGIN,USDT,9106.57725918,228.57091800,8878.00634118,True
285,1616140800001000000,BINANCE-001,MARGIN,USDT,9106.57725918,228.57091800,8878.00634118,False
286,1616169600000000000,BINANCE-001,MARGIN,USDT,9101.15943092,228.57091800,8872.58851292,True
287,1616169600000000000,BINANCE-001,MARGIN,USDT,9101.15943092,228.57091800,8872.58851292,False
288,1616198400000000000,BINANCE-001,MARGIN,USDT,9093.25673769,228.57091800,8864.68581969,True
289,1616198400000000000,BINANCE-001,MARGIN,USDT,9093.25673769,228.57091800,8864.68581969,False
290,1616227200000000000,BINANCE-001,MARGIN,USDT,9086.08293584,228.57091800,8857.51201784,True
291,1616227200000000000,BINANCE-001,MARGIN,USDT,9086.08293584,228.57091800,8857.51201784,False
292,1616256000007000000,BINANCE-001,MARGIN,USDT,9078.07660947,228.57091800,8849.50569147,True
293,1616256000007000000,BINANCE-001,MARGIN,USDT,9078.07660947,228.57091800,8849.50569147,False
294,1616284800000000000,BINANCE-001,MARGIN,USDT,9073.04189169,228.57091800,8844.47097369,True
295,1616284800000000000,BINANCE-001,MARGIN,USDT,9073.04189169,228.57091800,8844.47097369,False
296,1616313600000000000,BINANCE-001,MARGIN,USDT,9066.37371172,228.57091800,8837.80279372,True
297,1616313600000000000,BINANCE-001,MARGIN,USDT,9066.37371172,228.57091800,8837.80279372,False
298,1616342400000000000,BINANCE-001,MARGIN,USDT,9064.79496660,228.57091800,8836.22404860,True
299,1616342400000000000,BINANCE-001,MARGIN,USDT,9064.79496660,228.57091800,8836.22404860,False
300,1616371200007000000,BINANCE-001,MARGIN,USDT,9056.56856445,228.57091800,8827.99764645,True
301,1616371200007000000,BINANCE-001,MARGIN,USDT,9056.56856445,228.57091800,8827.99764645,False
302,1616371260000000000,BINANCE-001,MARGIN,USDT,15744.47217753,0.00000000,15744.47217753,False
303,1616371320000000000,BINANCE-001,MARGIN,USDT,15728.73105289,393.52811600,15335.20293689,False
304,1616400000001000000,BINANCE-001,MARGIN,USDT,15735.92625275,393.52811600,15342.39813675,True
305,1616400000001000000,BINANCE-001,MARGIN,USDT,15735.92625275,393.52811600,15342.39813675,False
306,1616428800000000000,BINANCE-001,MARGIN,USDT,15743.58952605,393.52811600,15350.06141005,True
307,1616428800000000000,BINANCE-001,MARGIN,USDT,15743.58952605,393.52811600,15350.06141005,False
308,1616457600000000000,BINANCE-001,MARGIN,USDT,15747.17886183,393.52811600,15353.65074583,True
309,1616457600000000000,BINANCE-001,MARGIN,USDT,15747.17886183,393.52811600,15353.65074583,False
310,1616486400010000000,BINANCE-001,MARGIN,USDT,15751.13195398,393.52811600,15357.60383798,True
311,1616486400010000000,BINANCE-001,MARGIN,USDT,15751.13195398,393.52811600,15357.60383798,False
312,1616515200023000000,BINANCE-001,MARGIN,USDT,15757.52339351,393.52811600,15363.99527751,True
313,1616515200023000000,BINANCE-001,MARGIN,USDT,15757.52339351,393.52811600,15363.99527751,False
314,1616544000002000000,BINANCE-001,MARGIN,USDT,15765.49044415,393.52811600,15371.96232815,True
315,1616544000002000000,BINANCE-001,MARGIN,USDT,15765.49044415,393.52811600,15371.96232815,False
316,1616572800000000000,BINANCE-001,MARGIN,USDT,15768.00931938,393.52811600,15374.48120338,True
317,1616572800000000000,BINANCE-001,MARGIN,USDT,15768.00931938,393.52811600,15374.48120338,False
318,1616601600000000000,BINANCE-001,MARGIN,USDT,15772.08884614,393.52811600,15378.56073014,True
319,1616601600000000000,BINANCE-001,MARGIN,USDT,15772.08884614,393.52811600,15378.56073014,False
320,1616630400000000000,BINANCE-001,MARGIN,USDT,15773.78409979,393.52811600,15380.25598379,True
321,1616630400000000000,BINANCE-001,MARGIN,USDT,15773.78409979,393.52811600,15380.25598379,False
322,1616659200000000000,BINANCE-001,MARGIN,USDT,15775.21655699,393.52811600,15381.68844099,True
323,1616659200000000000,BINANCE-001,MARGIN,USDT,15775.21655699,393.52811600,15381.68844099,False
324,1616688000000000000,BINANCE-001,MARGIN,USDT,15776.61409865,393.52811600,15383.08598265,True
325,1616688000000000000,BINANCE-001,MARGIN,USDT,15776.61409865,393.52811600,15383.08598265,False
326,1616716800008000000,BINANCE-001,MARGIN,USDT,15778.86456017,393.52811600,15385.33644417,True
327,1616716800008000000,BINANCE-001,MARGIN,USDT,15778.86456017,393.52811600,15385.33644417,False
328,1616745600000000000,BINANCE-001,MARGIN,USDT,15780.33231957,393.52811600,15386.80420357,True
329,1616745600000000000,BINANCE-001,MARGIN,USDT,15780.33231957,393.52811600,15386.80420357,False
330,1616774400012000000,BINANCE-001,MARGIN,USDT,15781.79284695,393.52811600,15388.26473095,True
331,1616774400012000000,BINANCE-001,MARGIN,USDT,15781.79284695,393.52811600,15388.26473095,False
332,1616803200018000000,BINANCE-001,MARGIN,USDT,15783.30066922,393.52811600,15389.77255322,True
333,1616803200018000000,BINANCE-001,MARGIN,USDT,15783.30066922,393.52811600,15389.77255322,False
334,1616832000000000000,BINANCE-001,MARGIN,USDT,15784.80684221,393.52811600,15391.27872621,True
335,1616832000000000000,BINANCE-001,MARGIN,USDT,15784.80684221,393.52811600,15391.27872621,False
336,1616860800001000000,BINANCE-001,MARGIN,USDT,15786.31332271,393.52811600,15392.78520671,True
337,1616860800001000000,BINANCE-001,MARGIN,USDT,15786.31332271,393.52811600,15392.78520671,False
338,1616889600000000000,BINANCE-001,MARGIN,USDT,15787.84384976,393.52811600,15394.31573376,True
339,1616889600000000000,BINANCE-001,MARGIN,USDT,15787.84384976,393.52811600,15394.31573376,False
340,1616918400000000000,BINANCE-001,MARGIN,USDT,15789.38392129,393.52811600,15395.85580529,True
341,1616918400000000000,BINANCE-001,MARGIN,USDT,15789.38392129,393.52811600,15395.85580529,False
342,1616947200005000000,BINANCE-001,MARGIN,USDT,15790.92837051,393.52811600,15397.40025451,True
343,1616947200005000000,BINANCE-001,MARGIN,USDT,15790.92837051,393.52811600,15397.40025451,False
344,1616976000003000000,BINANCE-001,MARGIN,USDT,15792.45711113,393.52811600,15398.92899513,True
345,1616976000003000000,BINANCE-001,MARGIN,USDT,15792.45711113,393.52811600,15398.92899513,False
346,1616976060000000000,BINANCE-001,MARGIN,USDT,16227.69649647,0.00000000,16227.69649647,False
347,1616976120000000000,BINANCE-001,MARGIN,USDT,16211.44209783,406.35996600,15805.08213183,False
348,1617004800000000000,BINANCE-001,MARGIN,USDT,16209.81451008,406.35996600,15803.45454408,True
349,1617004800000000000,BINANCE-001,MARGIN,USDT,16209.81451008,406.35996600,15803.45454408,False
350,1617033600000000000,BINANCE-001,MARGIN,USDT,16206.76072230,406.35996600,15800.40075630,True
351,1617033600000000000,BINANCE-001,MARGIN,USDT,16206.76072230,406.35996600,15800.40075630,False
352,1617062400018000000,BINANCE-001,MARGIN,USDT,16201.38586470,406.35996600,15795.02589870,True
353,1617062400018000000,BINANCE-001,MARGIN,USDT,16201.38586470,406.35996600,15795.02589870,False
354,1617091200012000000,BINANCE-001,MARGIN,USDT,16196.77213272,406.35996600,15790.41216672,True
355,1617091200012000000,BINANCE-001,MARGIN,USDT,16196.77213272,406.35996600,15790.41216672,False
356,1617120000001000000,BINANCE-001,MARGIN,USDT,16182.52901245,406.35996600,15776.16904645,True
357,1617120000001000000,BINANCE-001,MARGIN,USDT,16182.52901245,406.35996600,15776.16904645,False
358,1617148800000000000,BINANCE-001,MARGIN,USDT,16168.71186226,406.35996600,15762.35189626,True
359,1617148800000000000,BINANCE-001,MARGIN,USDT,16168.71186226,406.35996600,15762.35189626,False
360,1617177600000000000,BINANCE-001,MARGIN,USDT,16156.71508970,406.35996600,15750.35512370,True
361,1617177600000000000,BINANCE-001,MARGIN,USDT,16156.71508970,406.35996600,15750.35512370,False
362,1617206400000000000,BINANCE-001,MARGIN,USDT,16146.63025544,406.35996600,15740.27028944,True
363,1617206400000000000,BINANCE-001,MARGIN,USDT,16146.63025544,406.35996600,15740.27028944,False
364,1617235200025000000,BINANCE-001,MARGIN,USDT,16127.92792396,406.35996600,15721.56795796,True
365,1617235200025000000,BINANCE-001,MARGIN,USDT,16127.92792396,406.35996600,15721.56795796,False
366,1617264000011000000,BINANCE-001,MARGIN,USDT,16111.60932160,406.35996600,15705.24935560,True
367,1617264000011000000,BINANCE-001,MARGIN,USDT,16111.60932160,406.35996600,15705.24935560,False
368,1617292800004000000,BINANCE-001,MARGIN,USDT,16102.68838640,406.35996600,15696.32842040,True
369,1617292800004000000,BINANCE-001,MARGIN,USDT,16102.68838640,406.35996600,15696.32842040,False
370,1617321600000000000,BINANCE-001,MARGIN,USDT,16090.53044549,406.35996600,15684.17047949,True
371,1617321600000000000,BINANCE-001,MARGIN,USDT,16090.53044549,406.35996600,15684.17047949,False
372,1617350400000000000,BINANCE-001,MARGIN,USDT,16072.12121630,406.35996600,15665.76125030,True
373,1617350400000000000,BINANCE-001,MARGIN,USDT,16072.12121630,406.35996600,15665.76125030,False
374,1617379200000000000,BINANCE-001,MARGIN,USDT,16054.45672460,406.35996600,15648.09675860,True
375,1617379200000000000,BINANCE-001,MARGIN,USDT,16054.45672460,406.35996600,15648.09675860,False
376,1617408000003000000,BINANCE-001,MARGIN,USDT,16043.58805616,406.35996600,15637.22809016,True
377,1617408000003000000,BINANCE-001,MARGIN,USDT,16043.58805616,406.35996600,15637.22809016,False
378,1617436800000000000,BINANCE-001,MARGIN,USDT,16024.95800254,406.35996600,15618.59803654,True
379,1617436800000000000,BINANCE-001,MARGIN,USDT,16024.95800254,406.35996600,15618.59803654,False
380,1617465600000000000,BINANCE-001,MARGIN,USDT,16007.60268906,406.35996600,15601.24272306,True
381,1617465600000000000,BINANCE-001,MARGIN,USDT,16007.60268906,406.35996600,15601.24272306,False
382,1617494400000000000,BINANCE-001,MARGIN,USDT,15998.94224178,406.35996600,15592.58227578,True
383,1617494400000000000,BINANCE-001,MARGIN,USDT,15998.94224178,406.35996600,15592.58227578,False
384,1617523200000000000,BINANCE-001,MARGIN,USDT,15990.80587500,406.35996600,15584.44590900,True
385,1617523200000000000,BINANCE-001,MARGIN,USDT,15990.80587500,406.35996600,15584.44590900,False
386,1617552000016000000,BINANCE-001,MARGIN,USDT,15986.33436836,406.35996600,15579.97440236,True
387,1617552000016000000,BINANCE-001,MARGIN,USDT,15986.33436836,406.35996600,15579.97440236,False
388,1617580800000000000,BINANCE-001,MARGIN,USDT,15979.64772191,406.35996600,15573.28775591,True
389,1617580800000000000,BINANCE-001,MARGIN,USDT,15979.64772191,406.35996600,15573.28775591,False
390,1617580860000000000,BINANCE-001,MARGIN,USDT,15991.24434891,399.37783600,15591.86651291,False
391,1617609600001000000,BINANCE-001,MARGIN,USDT,15984.16368716,399.37783600,15584.78585116,True
392,1617609600001000000,BINANCE-001,MARGIN,USDT,15984.16368716,399.37783600,15584.78585116,False
393,1617638400001000000,BINANCE-001,MARGIN,USDT,15977.83966678,399.37783600,15578.46183078,True
394,1617638400001000000,BINANCE-001,MARGIN,USDT,15977.83966678,399.37783600,15578.46183078,False
395,1617667200010000000,BINANCE-001,MARGIN,USDT,15961.37894548,399.37783600,15562.00110948,True
396,1617667200010000000,BINANCE-001,MARGIN,USDT,15961.37894548,399.37783600,15562.00110948,False
397,1617696000000000000,BINANCE-001,MARGIN,USDT,15951.68935006,399.37783600,15552.31151406,True
398,1617696000000000000,BINANCE-001,MARGIN,USDT,15951.68935006,399.37783600,15552.31151406,False
399,1617724800003000000,BINANCE-001,MARGIN,USDT,15937.82987406,399.37783600,15538.45203806,True
400,1617724800003000000,BINANCE-001,MARGIN,USDT,15937.82987406,399.37783600,15538.45203806,False
401,1617753600000000000,BINANCE-001,MARGIN,USDT,15928.26442908,399.37783600,15528.88659308,True
402,1617753600000000000,BINANCE-001,MARGIN,USDT,15928.26442908,399.37783600,15528.88659308,False
403,1617782400006000000,BINANCE-001,MARGIN,USDT,15919.36520075,399.37783600,15519.98736475,True
404,1617782400006000000,BINANCE-001,MARGIN,USDT,15919.36520075,399.37783600,15519.98736475,False
405,1617811200004000000,BINANCE-001,MARGIN,USDT,15910.69073184,399.37783600,15511.31289584,True
406,1617811200004000000,BINANCE-001,MARGIN,USDT,15910.69073184,399.37783600,15511.31289584,False
407,1617840000013000000,BINANCE-001,MARGIN,USDT,15904.15747141,399.37783600,15504.77963541,True
408,1617840000013000000,BINANCE-001,MARGIN,USDT,15904.15747141,399.37783600,15504.77963541,False
409,1617868800003000000,BINANCE-001,MARGIN,USDT,15900.08613299,399.37783600,15500.70829699,True
410,1617868800003000000,BINANCE-001,MARGIN,USDT,15900.08613299,399.37783600,15500.70829699,False
411,1617897600005000000,BINANCE-001,MARGIN,USDT,15895.75192515,399.37783600,15496.37408915,True
412,1617897600005000000,BINANCE-001,MARGIN,USDT,15895.75192515,399.37783600,15496.37408915,False
413,1617926400000000000,BINANCE-001,MARGIN,USDT,15892.49173010,399.37783600,15493.11389410,True
414,1617926400000000000,BINANCE-001,MARGIN,USDT,15892.49173010,399.37783600,15493.11389410,False
415,1617955200004000000,BINANCE-001,MARGIN,USDT,15888.12110274,399.37783600,15488.74326674,True
416,1617955200004000000,BINANCE-001,MARGIN,USDT,15888.12110274,399.37783600,15488.74326674,False
417,1617984000004000000,BINANCE-001,MARGIN,USDT,15884.48964368,399.37783600,15485.11180768,True
418,1617984000004000000,BINANCE-001,MARGIN,USDT,15884.48964368,399.37783600,15485.11180768,False
419,1618012800011000000,BINANCE-001,MARGIN,USDT,15882.33401352,399.37783600,15482.95617752,True
420,1618012800011000000,BINANCE-001,MARGIN,USDT,15882.33401352,399.37783600,15482.95617752,False
421,1618041600005000000,BINANCE-001,MARGIN,USDT,15856.58341135,399.37783600,15457.20557535,True
422,1618041600005000000,BINANCE-001,MARGIN,USDT,15856.58341135,399.37783600,15457.20557535,False
423,1618070400000000000,BINANCE-001,MARGIN,USDT,15835.93492912,399.37783600,15436.55709312,True
424,1618070400000000000,BINANCE-001,MARGIN,USDT,15835.93492912,399.37783600,15436.55709312,False
425,1618099200004000000,BINANCE-001,MARGIN,USDT,15821.09250761,399.37783600,15421.71467161,True
426,1618099200004000000,BINANCE-001,MARGIN,USDT,15821.09250761,399.37783600,15421.71467161,False
427,1618128000000000000,BINANCE-001,MARGIN,USDT,15804.11008873,399.37783600,15404.73225273,True
428,1618128000000000000,BINANCE-001,MARGIN,USDT,15804.11008873,399.37783600,15404.73225273,False
429,1618156800000000000,BINANCE-001,MARGIN,USDT,15786.00362661,399.37783600,15386.62579061,True
430,1618156800000000000,BINANCE-001,MARGIN,USDT,15786.00362661,399.37783600,15386.62579061,False
431,1618185600001000000,BINANCE-001,MARGIN,USDT,15769.88622367,399.37783600,15370.50838767,True
432,1618185600001000000,BINANCE-001,MARGIN,USDT,15769.88622367,399.37783600,15370.50838767,False
433,1618185660000000000,BINANCE-001,MARGIN,USDT,15786.57846291,393.79213200,15392.78633091,False
434,1618214400001000000,BINANCE-001,MARGIN,USDT,15768.33524742,393.79213200,15374.54311542,True
435,1618214400001000000,BINANCE-001,MARGIN,USDT,15768.33524742,393.79213200,15374.54311542,False
436,1618243200008000000,BINANCE-001,MARGIN,USDT,15752.35237846,393.79213200,15358.56024646,True
437,1618243200008000000,BINANCE-001,MARGIN,USDT,15752.35237846,393.79213200,15358.56024646,False
438,1618272000003000000,BINANCE-001,MARGIN,USDT,15738.14780654,393.79213200,15344.35567454,True
439,1618272000003000000,BINANCE-001,MARGIN,USDT,15738.14780654,393.79213200,15344.35567454,False
440,1618300800008000000,BINANCE-001,MARGIN,USDT,15722.64743840,393.79213200,15328.85530640,True
441,1618300800008000000,BINANCE-001,MARGIN,USDT,15722.64743840,393.79213200,15328.85530640,False
442,1618329600008000000,BINANCE-001,MARGIN,USDT,15700.70741969,393.79213200,15306.91528769,True
443,1618329600008000000,BINANCE-001,MARGIN,USDT,15700.70741969,393.79213200,15306.91528769,False
444,1618358400008000000,BINANCE-001,MARGIN,USDT,15684.46255400,393.79213200,15290.67042200,True
445,1618358400008000000,BINANCE-001,MARGIN,USDT,15684.46255400,393.79213200,15290.67042200,False
446,1618387200000000000,BINANCE-001,MARGIN,USDT,15664.75492780,393.79213200,15270.96279580,True
447,1618387200000000000,BINANCE-001,MARGIN,USDT,15664.75492780,393.79213200,15270.96279580,False
448,1618416000012000000,BINANCE-001,MARGIN,USDT,15646.09754052,393.79213200,15252.30540852,True
449,1618416000012000000,BINANCE-001,MARGIN,USDT,15646.09754052,393.79213200,15252.30540852,False
450,1618444800006000000,BINANCE-001,MARGIN,USDT,15632.52985853,393.79213200,15238.73772653,True
451,1618444800006000000,BINANCE-001,MARGIN,USDT,15632.52985853,393.79213200,15238.73772653,False
452,1618473600000000000,BINANCE-001,MARGIN,USDT,15617.96499226,393.79213200,15224.17286026,True
453,1618473600000000000,BINANCE-001,MARGIN,USDT,15617.96499226,393.79213200,15224.17286026,False
454,1618502400008000000,BINANCE-001,MARGIN,USDT,15598.43087048,393.79213200,15204.63873848,True
455,1618502400008000000,BINANCE-001,MARGIN,USDT,15598.43087048,393.79213200,15204.63873848,False
456,1618531200008000000,BINANCE-001,MARGIN,USDT,15578.88162679,393.79213200,15185.08949479,True
457,1618531200008000000,BINANCE-001,MARGIN,USDT,15578.88162679,393.79213200,15185.08949479,False
458,1618560000000000000,BINANCE-001,MARGIN,USDT,15558.06852499,393.79213200,15164.27639299,True
459,1618560000000000000,BINANCE-001,MARGIN,USDT,15558.06852499,393.79213200,15164.27639299,False
460,1618588800002000000,BINANCE-001,MARGIN,USDT,15537.99725354,393.79213200,15144.20512154,True
461,1618588800002000000,BINANCE-001,MARGIN,USDT,15537.99725354,393.79213200,15144.20512154,False
462,1618617600008000000,BINANCE-001,MARGIN,USDT,15528.48648297,393.79213200,15134.69435097,True
463,1618617600008000000,BINANCE-001,MARGIN,USDT,15528.48648297,393.79213200,15134.69435097,False
464,1618646400000000000,BINANCE-001,MARGIN,USDT,15519.02150951,393.79213200,15125.22937751,True
465,1618646400000000000,BINANCE-001,MARGIN,USDT,15519.02150951,393.79213200,15125.22937751,False
466,1618675200001000000,BINANCE-001,MARGIN,USDT,15504.11788861,393.79213200,15110.32575661,True
467,1618675200001000000,BINANCE-001,MARGIN,USDT,15504.11788861,393.79213200,15110.32575661,False
468,1618704000006000000,BINANCE-001,MARGIN,USDT,15490.28897657,393.79213200,15096.49684457,True
469,1618704000006000000,BINANCE-001,MARGIN,USDT,15490.28897657,393.79213200,15096.49684457,False
470,1618732800004000000,BINANCE-001,MARGIN,USDT,15481.02770457,393.79213200,15087.23557257,True
471,1618732800004000000,BINANCE-001,MARGIN,USDT,15481.02770457,393.79213200,15087.23557257,False
472,1618761600000000000,BINANCE-001,MARGIN,USDT,15479.46331162,393.79213200,15085.67117962,True
473,1618761600000000000,BINANCE-001,MARGIN,USDT,15479.46331162,393.79213200,15085.67117962,False
474,1618790400000000000,BINANCE-001,MARGIN,USDT,15477.87963773,393.79213200,15084.08750573,True
475,1618790400000000000,BINANCE-001,MARGIN,USDT,15477.87963773,393.79213200,15084.08750573,False
476,1618790460000000000,BINANCE-001,MARGIN,USDT,15541.85414645,0.00000000,15541.85414645,False
477,1618790520000000000,BINANCE-001,MARGIN,USDT,15526.27664426,389.43755475,15136.83908951,False
478,1618819200000000000,BINANCE-001,MARGIN,USDT,15527.86453550,389.43755475,15138.42698075,True
479,1618819200000000000,BINANCE-001,MARGIN,USDT,15527.86453550,389.43755475,15138.42698075,False
480,1618848000009000000,BINANCE-001,MARGIN,USDT,15529.37633751,389.43755475,15139.93878276,True
481,1618848000009000000,BINANCE-001,MARGIN,USDT,15529.37633751,389.43755475,15139.93878276,False
482,1618876800004000000,BINANCE-001,MARGIN,USDT,15530.91739488,389.43755475,15141.47984013,True
483,1618876800004000000,BINANCE-001,MARGIN,USDT,15530.91739488,389.43755475,15141.47984013,False
484,1618905600000000000,BINANCE-001,MARGIN,USDT,15532.42423924,389.43755475,15142.98668449,True
485,1618905600000000000,BINANCE-001,MARGIN,USDT,15532.42423924,389.43755475,15142.98668449,False
486,1618934400001000000,BINANCE-001,MARGIN,USDT,15533.95685642,389.43755475,15144.51930167,True
487,1618934400001000000,BINANCE-001,MARGIN,USDT,15533.95685642,389.43755475,15144.51930167,False
488,1618963200013000000,BINANCE-001,MARGIN,USDT,15535.52023345,389.43755475,15146.08267870,True
489,1618963200013000000,BINANCE-001,MARGIN,USDT,15535.52023345,389.43755475,15146.08267870,False
490,1618992000001000000,BINANCE-001,MARGIN,USDT,15537.05173293,389.43755475,15147.61417818,True
491,1618992000001000000,BINANCE-001,MARGIN,USDT,15537.05173293,389.43755475,15147.61417818,False
492,1619020800002000000,BINANCE-001,MARGIN,USDT,15538.60701316,389.43755475,15149.16945841,True
493,1619020800002000000,BINANCE-001,MARGIN,USDT,15538.60701316,389.43755475,15149.16945841,False
494,1619049600000000000,BINANCE-001,MARGIN,USDT,15540.09710787,389.43755475,15150.65955312,True
495,1619049600000000000,BINANCE-001,MARGIN,USDT,15540.09710787,389.43755475,15150.65955312,False
496,1619078400000000000,BINANCE-001,MARGIN,USDT,15541.59689861,389.43755475,15152.15934386,True
497,1619078400000000000,BINANCE-001,MARGIN,USDT,15541.59689861,389.43755475,15152.15934386,False
498,1619107200001000000,BINANCE-001,MARGIN,USDT,15543.11120941,389.43755475,15153.67365466,True
499,1619107200001000000,BINANCE-001,MARGIN,USDT,15543.11120941,389.43755475,15153.67365466,False
500,1619136000002000000,BINANCE-001,MARGIN,USDT,15544.54395479,389.43755475,15155.10640004,True
501,1619136000002000000,BINANCE-001,MARGIN,USDT,15544.54395479,389.43755475,15155.10640004,False
502,1619164800009000000,BINANCE-001,MARGIN,USDT,15550.88258309,389.43755475,15161.44502834,True
503,1619164800009000000,BINANCE-001,MARGIN,USDT,15550.88258309,389.43755475,15161.44502834,False
504,1619193600001000000,BINANCE-001,MARGIN,USDT,15552.26324790,389.43755475,15162.82569315,True
505,1619193600001000000,BINANCE-001,MARGIN,USDT,15552.26324790,389.43755475,15162.82569315,False
506,1619222400019000000,BINANCE-001,MARGIN,USDT,15553.67955915,389.43755475,15164.24200440,True
507,1619222400019000000,BINANCE-001,MARGIN,USDT,15553.67955915,389.43755475,15164.24200440,False
508,1619251200001000000,BINANCE-001,MARGIN,USDT,15557.50107007,389.43755475,15168.06351532,True
509,1619251200001000000,BINANCE-001,MARGIN,USDT,15557.50107007,389.43755475,15168.06351532,False
510,1619280000011000000,BINANCE-001,MARGIN,USDT,15559.83309910,389.43755475,15170.39554435,True
511,1619280000011000000,BINANCE-001,MARGIN,USDT,15559.83309910,389.43755475,15170.39554435,False
512,1619308800000000000,BINANCE-001,MARGIN,USDT,15562.84415667,389.43755475,15173.40660192,True
513,1619308800000000000,BINANCE-001,MARGIN,USDT,15562.84415667,389.43755475,15173.40660192,False
514,1619337600010000000,BINANCE-001,MARGIN,USDT,15568.15054791,389.43755475,15178.71299316,True
515,1619337600010000000,BINANCE-001,MARGIN,USDT,15568.15054791,389.43755475,15178.71299316,False
516,1619366400000000000,BINANCE-001,MARGIN,USDT,15569.54294342,389.43755475,15180.10538867,True
517,1619366400000000000,BINANCE-001,MARGIN,USDT,15569.54294342,389.43755475,15180.10538867,False
518,1619395200003000000,BINANCE-001,MARGIN,USDT,15570.90179022,389.43755475,15181.46423547,True
519,1619395200003000000,BINANCE-001,MARGIN,USDT,15570.90179022,389.43755475,15181.46423547,False
520,1619395260000000000,BINANCE-001,MARGIN,USDT,15566.97667582,487.56541475,15079.41126107,False
521,1619424000002000000,BINANCE-001,MARGIN,USDT,15568.86220289,487.56541475,15081.29678814,True
522,1619424000002000000,BINANCE-001,MARGIN,USDT,15568.86220289,487.56541475,15081.29678814,False
523,1619452800004000000,BINANCE-001,MARGIN,USDT,15570.77452053,487.56541475,15083.20910578,True
524,1619452800004000000,BINANCE-001,MARGIN,USDT,15570.77452053,487.56541475,15083.20910578,False
525,1619481600000000000,BINANCE-001,MARGIN,USDT,15572.70189319,487.56541475,15085.13647844,True
526,1619481600000000000,BINANCE-001,MARGIN,USDT,15572.70189319,487.56541475,15085.13647844,False
527,1619510400000000000,BINANCE-001,MARGIN,USDT,15574.64900645,487.56541475,15087.08359170,True
528,1619510400000000000,BINANCE-001,MARGIN,USDT,15574.64900645,487.56541475,15087.08359170,False
529,1619539200009000000,BINANCE-001,MARGIN,USDT,15576.61231802,487.56541475,15089.04690327,True
530,1619539200009000000,BINANCE-001,MARGIN,USDT,15576.61231802,487.56541475,15089.04690327,False
531,1619568000000000000,BINANCE-001,MARGIN,USDT,15578.57633366,487.56541475,15091.01091891,True
532,1619568000000000000,BINANCE-001,MARGIN,USDT,15578.57633366,487.56541475,15091.01091891,False
533,1619596800000000000,BINANCE-001,MARGIN,USDT,15580.51421387,487.56541475,15092.94879912,True
534,1619596800000000000,BINANCE-001,MARGIN,USDT,15580.51421387,487.56541475,15092.94879912,False
535,1619625600001000000,BINANCE-001,MARGIN,USDT,15582.45471721,487.56541475,15094.88930246,True
536,1619625600001000000,BINANCE-001,MARGIN,USDT,15582.45471721,487.56541475,15094.88930246,False
537,1619654400004000000,BINANCE-001,MARGIN,USDT,15584.41242310,487.56541475,15096.84700835,True
538,1619654400004000000,BINANCE-001,MARGIN,USDT,15584.41242310,487.56541475,15096.84700835,False
539,1619683200013000000,BINANCE-001,MARGIN,USDT,15586.35629895,487.56541475,15098.79088420,True
540,1619683200013000000,BINANCE-001,MARGIN,USDT,15586.35629895,487.56541475,15098.79088420,False
541,1619712000003000000,BINANCE-001,MARGIN,USDT,15588.27527605,487.56541475,15100.70986130,True
542,1619712000003000000,BINANCE-001,MARGIN,USDT,15588.27527605,487.56541475,15100.70986130,False
543,1619740800004000000,BINANCE-001,MARGIN,USDT,15590.18721918,487.56541475,15102.62180443,True
544,1619740800004000000,BINANCE-001,MARGIN,USDT,15590.18721918,487.56541475,15102.62180443,False
545,1619769600019000000,BINANCE-001,MARGIN,USDT,15592.12765698,487.56541475,15104.56224223,True
546,1619769600019000000,BINANCE-001,MARGIN,USDT,15592.12765698,487.56541475,15104.56224223,False
547,1619798400003000000,BINANCE-001,MARGIN,USDT,15594.16761250,487.56541475,15106.60219775,True
548,1619798400003000000,BINANCE-001,MARGIN,USDT,15594.16761250,487.56541475,15106.60219775,False
549,1619827200002000000,BINANCE-001,MARGIN,USDT,15596.47628451,487.56541475,15108.91086976,True
550,1619827200002000000,BINANCE-001,MARGIN,USDT,15596.47628451,487.56541475,15108.91086976,False
551,1619856000006000000,BINANCE-001,MARGIN,USDT,15598.53776780,487.56541475,15110.97235305,True
552,1619856000006000000,BINANCE-001,MARGIN,USDT,15598.53776780,487.56541475,15110.97235305,False
553,1619884800000000000,BINANCE-001,MARGIN,USDT,15605.19618915,487.56541475,15117.63077440,True
554,1619884800000000000,BINANCE-001,MARGIN,USDT,15605.19618915,487.56541475,15117.63077440,False
555,1619913600010000000,BINANCE-001,MARGIN,USDT,15608.46227630,487.56541475,15120.89686155,True
556,1619913600010000000,BINANCE-001,MARGIN,USDT,15608.46227630,487.56541475,15120.89686155,False
557,1619942400011000000,BINANCE-001,MARGIN,USDT,15617.62598344,487.56541475,15130.06056869,True
558,1619942400011000000,BINANCE-001,MARGIN,USDT,15617.62598344,487.56541475,15130.06056869,False
559,1619971200007000000,BINANCE-001,MARGIN,USDT,15626.78400749,487.56541475,15139.21859274,True
560,1619971200007000000,BINANCE-001,MARGIN,USDT,15626.78400749,487.56541475,15139.21859274,False
561,1620000000003000000,BINANCE-001,MARGIN,USDT,15634.93374764,487.56541475,15147.36833289,True
562,1620000000003000000,BINANCE-001,MARGIN,USDT,15634.93374764,487.56541475,15147.36833289,False
563,1620000060000000000,BINANCE-001,MARGIN,USDT,15441.50127927,359.18684616,15082.31443311,False
564,1620028800000000000,BINANCE-001,MARGIN,USDT,15447.10167714,359.18684616,15087.91483098,True
565,1620028800000000000,BINANCE-001,MARGIN,USDT,15447.10167714,359.18684616,15087.91483098,False
566,1620057600043000000,BINANCE-001,MARGIN,USDT,15457.30981641,359.18684616,15098.12297025,True
567,1620057600043000000,BINANCE-001,MARGIN,USDT,15457.30981641,359.18684616,15098.12297025,False
568,1620086400004000000,BINANCE-001,MARGIN,USDT,15464.97478895,359.18684616,15105.78794279,True
569,1620086400004000000,BINANCE-001,MARGIN,USDT,15464.97478895,359.18684616,15105.78794279,False
570,1620115200003000000,BINANCE-001,MARGIN,USDT,15466.76781975,359.18684616,15107.58097359,True
571,1620115200003000000,BINANCE-001,MARGIN,USDT,15466.76781975,359.18684616,15107.58097359,False
572,1620144000011000000,BINANCE-001,MARGIN,USDT,15476.17730489,359.18684616,15116.99045873,True
573,1620144000011000000,BINANCE-001,MARGIN,USDT,15476.17730489,359.18684616,15116.99045873,False
574,1620172800001000000,BINANCE-001,MARGIN,USDT,15482.43858153,359.18684616,15123.25173537,True
575,1620172800001000000,BINANCE-001,MARGIN,USDT,15482.43858153,359.18684616,15123.25173537,False
576,1620201600007000000,BINANCE-001,MARGIN,USDT,15488.56645218,359.18684616,15129.37960602,True
577,1620201600007000000,BINANCE-001,MARGIN,USDT,15488.56645218,359.18684616,15129.37960602,False
578,1620230400001000000,BINANCE-001,MARGIN,USDT,15490.34348090,359.18684616,15131.15663474,True
579,1620230400001000000,BINANCE-001,MARGIN,USDT,15490.34348090,359.18684616,15131.15663474,False
580,1620259200003000000,BINANCE-001,MARGIN,USDT,15501.85313155,359.18684616,15142.66628539,True
581,1620259200003000000,BINANCE-001,MARGIN,USDT,15501.85313155,359.18684616,15142.66628539,False
582,1620288000001000000,BINANCE-001,MARGIN,USDT,15510.82175204,359.18684616,15151.63490588,True
583,1620288000001000000,BINANCE-001,MARGIN,USDT,15510.82175204,359.18684616,15151.63490588,False
584,1620316800000000000,BINANCE-001,MARGIN,USDT,15524.88351856,359.18684616,15165.69667240,True
585,1620316800000000000,BINANCE-001,MARGIN,USDT,15524.88351856,359.18684616,15165.69667240,False
586,1620345600000000000,BINANCE-001,MARGIN,USDT,15531.51052436,359.18684616,15172.32367820,True
587,1620345600000000000,BINANCE-001,MARGIN,USDT,15531.51052436,359.18684616,15172.32367820,False
588,1620374400000000000,BINANCE-001,MARGIN,USDT,15539.34045093,359.18684616,15180.15360477,True
589,1620374400000000000,BINANCE-001,MARGIN,USDT,15539.34045093,359.18684616,15180.15360477,False
590,1620403200001000000,BINANCE-001,MARGIN,USDT,15541.93505509,359.18684616,15182.74820893,True
591,1620403200001000000,BINANCE-001,MARGIN,USDT,15541.93505509,359.18684616,15182.74820893,False
592,1620432000006000000,BINANCE-001,MARGIN,USDT,15550.88986344,359.18684616,15191.70301728,True
593,1620432000006000000,BINANCE-001,MARGIN,USDT,15550.88986344,359.18684616,15191.70301728,False
594,1620460800000000000,BINANCE-001,MARGIN,USDT,15558.00934976,359.18684616,15198.82250360,True
595,1620460800000000000,BINANCE-001,MARGIN,USDT,15558.00934976,359.18684616,15198.82250360,False
596,1620489600000000000,BINANCE-001,MARGIN,USDT,15565.04581517,359.18684616,15205.85896901,True
597,1620489600000000000,BINANCE-001,MARGIN,USDT,15565.04581517,359.18684616,15205.85896901,False
598,1620518400005000000,BINANCE-001,MARGIN,USDT,15572.62998564,359.18684616,15213.44313948,True
599,1620518400005000000,BINANCE-001,MARGIN,USDT,15572.62998564,359.18684616,15213.44313948,False
600,1620547200016000000,BINANCE-001,MARGIN,USDT,15579.31780789,359.18684616,15220.13096173,True
601,1620547200016000000,BINANCE-001,MARGIN,USDT,15579.31780789,359.18684616,15220.13096173,False
602,1620576000000000000,BINANCE-001,MARGIN,USDT,15588.96883794,359.18684616,15229.78199178,True
603,1620576000000000000,BINANCE-001,MARGIN,USDT,15588.96883794,359.18684616,15229.78199178,False
604,1620604800004000000,BINANCE-001,MARGIN,USDT,15594.10728172,359.18684616,15234.92043556,True
605,1620604800004000000,BINANCE-001,MARGIN,USDT,15594.10728172,359.18684616,15234.92043556,False
606,1620604860000000000,BINANCE-001,MARGIN,USDT,15549.44742872,342.79809272,15206.64933600,False
607,1620633600000000000,BINANCE-001,MARGIN,USDT,15562.69208753,342.79809272,15219.89399481,True
608,1620633600000000000,BINANCE-001,MARGIN,USDT,15562.69208753,342.79809272,15219.89399481,False
609,1620662400013000000,BINANCE-001,MARGIN,USDT,15577.14143050,342.79809272,15234.34333778,True
610,1620662400013000000,BINANCE-001,MARGIN,USDT,15577.14143050,342.79809272,15234.34333778,False
611,1620691200000000000,BINANCE-001,MARGIN,USDT,15582.68915098,342.79809272,15239.89105826,True
612,1620691200000000000,BINANCE-001,MARGIN,USDT,15582.68915098,342.79809272,15239.89105826,False
613,1620720000000000000,BINANCE-001,MARGIN,USDT,15589.81368529,342.79809272,15247.01559257,True
614,1620720000000000000,BINANCE-001,MARGIN,USDT,15589.81368529,342.79809272,15247.01559257,False
615,1620748800002000000,BINANCE-001,MARGIN,USDT,15593.42096894,342.79809272,15250.62287622,True
616,1620748800002000000,BINANCE-001,MARGIN,USDT,15593.42096894,342.79809272,15250.62287622,False
617,1620777600004000000,BINANCE-001,MARGIN,USDT,15595.79245422,342.79809272,15252.99436150,True
618,1620777600004000000,BINANCE-001,MARGIN,USDT,15595.79245422,342.79809272,15252.99436150,False
619,1620806400007000000,BINANCE-001,MARGIN,USDT,15600.63274117,342.79809272,15257.83464845,True
620,1620806400007000000,BINANCE-001,MARGIN,USDT,15600.63274117,342.79809272,15257.83464845,False
621,1620835200012000000,BINANCE-001,MARGIN,USDT,15606.17336537,342.79809272,15263.37527265,True
622,1620835200012000000,BINANCE-001,MARGIN,USDT,15606.17336537,342.79809272,15263.37527265,False
623,1620864000016000000,BINANCE-001,MARGIN,USDT,15607.62423619,342.79809272,15264.82614347,True
624,1620864000016000000,BINANCE-001,MARGIN,USDT,15607.62423619,342.79809272,15264.82614347,False
625,1620892800000000000,BINANCE-001,MARGIN,USDT,15608.90173538,342.79809272,15266.10364266,True
626,1620892800000000000,BINANCE-001,MARGIN,USDT,15608.90173538,342.79809272,15266.10364266,False
627,1620921600008000000,BINANCE-001,MARGIN,USDT,15611.75381118,342.79809272,15268.95571846,True
628,1620921600008000000,BINANCE-001,MARGIN,USDT,15611.75381118,342.79809272,15268.95571846,False
629,1620950400007000000,BINANCE-001,MARGIN,USDT,15616.74955843,342.79809272,15273.95146571,True
630,1620950400007000000,BINANCE-001,MARGIN,USDT,15616.74955843,342.79809272,15273.95146571,False
631,1620979200001000000,BINANCE-001,MARGIN,USDT,15621.17352378,342.79809272,15278.37543106,True
632,1620979200001000000,BINANCE-001,MARGIN,USDT,15621.17352378,342.79809272,15278.37543106,False
633,1621008000004000000,BINANCE-001,MARGIN,USDT,15623.11171831,342.79809272,15280.31362559,True
634,1621008000004000000,BINANCE-001,MARGIN,USDT,15623.11171831,342.79809272,15280.31362559,False
635,1621036800022000000,BINANCE-001,MARGIN,USDT,15624.36328357,342.79809272,15281.56519085,True
636,1621036800022000000,BINANCE-001,MARGIN,USDT,15624.36328357,342.79809272,15281.56519085,False
637,1621065600014000000,BINANCE-001,MARGIN,USDT,15625.59548450,342.79809272,15282.79739178,True
638,1621065600014000000,BINANCE-001,MARGIN,USDT,15625.59548450,342.79809272,15282.79739178,False
639,1621094400002000000,BINANCE-001,MARGIN,USDT,15628.07443108,342.79809272,15285.27633836,True
640,1621094400002000000,BINANCE-001,MARGIN,USDT,15628.07443108,342.79809272,15285.27633836,False
641,1621123200000000000,BINANCE-001,MARGIN,USDT,15632.80085930,342.79809272,15290.00276658,True
642,1621123200000000000,BINANCE-001,MARGIN,USDT,15632.80085930,342.79809272,15290.00276658,False
643,1621152000003000000,BINANCE-001,MARGIN,USDT,15634.86876696,342.79809272,15292.07067424,True
644,1621152000003000000,BINANCE-001,MARGIN,USDT,15634.86876696,342.79809272,15292.07067424,False
645,1621180800002000000,BINANCE-001,MARGIN,USDT,15639.21149065,342.79809272,15296.41339793,True
646,1621180800002000000,BINANCE-001,MARGIN,USDT,15639.21149065,342.79809272,15296.41339793,False
647,1621209600005000000,BINANCE-001,MARGIN,USDT,15640.37697334,342.79809272,15297.57888062,True
648,1621209600005000000,BINANCE-001,MARGIN,USDT,15640.37697334,342.79809272,15297.57888062,False
649,1621209660000000000,BINANCE-001,MARGIN,USDT,15634.34116824,493.69322022,15140.64794802,False
650,1621238400001000000,BINANCE-001,MARGIN,USDT,15645.35067065,493.69322022,15151.65745043,True
651,1621238400001000000,BINANCE-001,MARGIN,USDT,15645.35067065,493.69322022,15151.65745043,False
652,1621267200000000000,BINANCE-001,MARGIN,USDT,15655.15526787,493.69322022,15161.46204765,True
653,1621267200000000000,BINANCE-001,MARGIN,USDT,15655.15526787,493.69322022,15161.46204765,False
654,1621296000019000000,BINANCE-001,MARGIN,USDT,15664.22328820,493.69322022,15170.53006798,True
655,1621296000019000000,BINANCE-001,MARGIN,USDT,15664.22328820,493.69322022,15170.53006798,False
656,1621324800001000000,BINANCE-001,MARGIN,USDT,15666.75625749,493.69322022,15173.06303727,True
657,1621324800001000000,BINANCE-001,MARGIN,USDT,15666.75625749,493.69322022,15173.06303727,False
658,1621353600006000000,BINANCE-001,MARGIN,USDT,15670.32995994,493.69322022,15176.63673972,True
659,1621353600006000000,BINANCE-001,MARGIN,USDT,15670.32995994,493.69322022,15176.63673972,False
660,1621382400000000000,BINANCE-001,MARGIN,USDT,15671.96321232,493.69322022,15178.26999210,True
661,1621382400000000000,BINANCE-001,MARGIN,USDT,15671.96321232,493.69322022,15178.26999210,False
662,1621411200003000000,BINANCE-001,MARGIN,USDT,15677.47590130,493.69322022,15183.78268108,True
663,1621411200003000000,BINANCE-001,MARGIN,USDT,15677.47590130,493.69322022,15183.78268108,False
664,1621440000018000000,BINANCE-001,MARGIN,USDT,15664.72595067,493.69322022,15171.03273045,True
665,1621440000018000000,BINANCE-001,MARGIN,USDT,15664.72595067,493.69322022,15171.03273045,False
666,1621468800005000000,BINANCE-001,MARGIN,USDT,15666.12244567,493.69322022,15172.42922545,True
667,1621468800005000000,BINANCE-001,MARGIN,USDT,15666.12244567,493.69322022,15172.42922545,False
668,1621497600000000000,BINANCE-001,MARGIN,USDT,15667.64490186,493.69322022,15173.95168164,True
669,1621497600000000000,BINANCE-001,MARGIN,USDT,15667.64490186,493.69322022,15173.95168164,False
670,1621526400005000000,BINANCE-001,MARGIN,USDT,15669.22266283,493.69322022,15175.52944261,True
671,1621526400005000000,BINANCE-001,MARGIN,USDT,15669.22266283,493.69322022,15175.52944261,False
672,1621555200000000000,BINANCE-001,MARGIN,USDT,15670.76611900,493.69322022,15177.07289878,True
673,1621555200000000000,BINANCE-001,MARGIN,USDT,15670.76611900,493.69322022,15177.07289878,False
674,1621584000000000000,BINANCE-001,MARGIN,USDT,15670.61425312,493.69322022,15176.92103290,True
675,1621584000000000000,BINANCE-001,MARGIN,USDT,15670.61425312,493.69322022,15176.92103290,False
676,1621612800001000000,BINANCE-001,MARGIN,USDT,15671.67212878,493.69322022,15177.97890856,True
677,1621612800001000000,BINANCE-001,MARGIN,USDT,15671.67212878,493.69322022,15177.97890856,False
678,1621641600001000000,BINANCE-001,MARGIN,USDT,15668.20380962,493.69322022,15174.51058940,True
679,1621641600001000000,BINANCE-001,MARGIN,USDT,15668.20380962,493.69322022,15174.51058940,False
680,1621670400002000000,BINANCE-001,MARGIN,USDT,15669.58567356,493.69322022,15175.89245334,True
681,1621670400002000000,BINANCE-001,MARGIN,USDT,15669.58567356,493.69322022,15175.89245334,False
682,1621699200005000000,BINANCE-001,MARGIN,USDT,15671.03873142,493.69322022,15177.34551120,True
683,1621699200005000000,BINANCE-001,MARGIN,USDT,15671.03873142,493.69322022,15177.34551120,False
684,1621728000006000000,BINANCE-001,MARGIN,USDT,15670.32408133,493.69322022,15176.63086111,True
685,1621728000006000000,BINANCE-001,MARGIN,USDT,15670.32408133,493.69322022,15176.63086111,False
686,1621756800004000000,BINANCE-001,MARGIN,USDT,15670.17926345,493.69322022,15176.48604323,True
687,1621756800004000000,BINANCE-001,MARGIN,USDT,15670.17926345,493.69322022,15176.48604323,False
688,1621785600002000000,BINANCE-001,MARGIN,USDT,15670.77530036,493.69322022,15177.08208014,True
689,1621785600002000000,BINANCE-001,MARGIN,USDT,15670.77530036,493.69322022,15177.08208014,False
690,1621814400007000000,BINANCE-001,MARGIN,USDT,15669.65005147,493.69322022,15175.95683125,True
691,1621814400007000000,BINANCE-001,MARGIN,USDT,15669.65005147,493.69322022,15175.95683125,False
692,1621814460000000000,BINANCE-001,MARGIN,USDT,15660.64063807,718.92855522,14941.71208285,False
693,1621843200005000000,BINANCE-001,MARGIN,USDT,15658.31615350,718.92855522,14939.38759828,True
694,1621843200005000000,BINANCE-001,MARGIN,USDT,15658.31615350,718.92855522,14939.38759828,False
695,1621872000005000000,BINANCE-001,MARGIN,USDT,15658.81867262,718.92855522,14939.89011740,True
696,1621872000005000000,BINANCE-001,MARGIN,USDT,15658.81867262,718.92855522,14939.89011740,False
697,1621900800000000000,BINANCE-001,MARGIN,USDT,15661.30432575,718.92855522,14942.37577053,True
698,1621900800000000000,BINANCE-001,MARGIN,USDT,15661.30432575,718.92855522,14942.37577053,False
699,1621929600014000000,BINANCE-001,MARGIN,USDT,15663.80311782,718.92855522,14944.87456260,True
700,1621929600014000000,BINANCE-001,MARGIN,USDT,15663.80311782,718.92855522,14944.87456260,False
701,1621958400000000000,BINANCE-001,MARGIN,USDT,15666.25604539,718.92855522,14947.32749017,True
702,1621958400000000000,BINANCE-001,MARGIN,USDT,15666.25604539,718.92855522,14947.32749017,False
703,1621987200022000000,BINANCE-001,MARGIN,USDT,15668.71386875,718.92855522,14949.78531353,True
704,1621987200022000000,BINANCE-001,MARGIN,USDT,15668.71386875,718.92855522,14949.78531353,False
705,1622016000018000000,BINANCE-001,MARGIN,USDT,15671.30717380,718.92855522,14952.37861858,True
706,1622016000018000000,BINANCE-001,MARGIN,USDT,15671.30717380,718.92855522,14952.37861858,False
707,1622044800004000000,BINANCE-001,MARGIN,USDT,15673.79328076,718.92855522,14954.86472554,True
708,1622044800004000000,BINANCE-001,MARGIN,USDT,15673.79328076,718.92855522,14954.86472554,False
709,1622073600000000000,BINANCE-001,MARGIN,USDT,15676.30789427,718.92855522,14957.37933905,True
710,1622073600000000000,BINANCE-001,MARGIN,USDT,15676.30789427,718.92855522,14957.37933905,False
711,1622102400017000000,BINANCE-001,MARGIN,USDT,15678.76077371,718.92855522,14959.83221849,True
712,1622102400017000000,BINANCE-001,MARGIN,USDT,15678.76077371,718.92855522,14959.83221849,False
713,1622131200000000000,BINANCE-001,MARGIN,USDT,15681.30434889,718.92855522,14962.37579367,True
714,1622131200000000000,BINANCE-001,MARGIN,USDT,15681.30434889,718.92855522,14962.37579367,False
715,1622160000005000000,BINANCE-001,MARGIN,USDT,15683.77163799,718.92855522,14964.84308277,True
716,1622160000005000000,BINANCE-001,MARGIN,USDT,15683.77163799,718.92855522,14964.84308277,False
717,1622188800009000000,BINANCE-001,MARGIN,USDT,15686.14181516,718.92855522,14967.21325994,True
718,1622188800009000000,BINANCE-001,MARGIN,USDT,15686.14181516,718.92855522,14967.21325994,False
719,1622217600000000000,BINANCE-001,MARGIN,USDT,15688.49697485,718.92855522,14969.56841963,True
720,1622217600000000000,BINANCE-001,MARGIN,USDT,15688.49697485,718.92855522,14969.56841963,False
721,1622246400006000000,BINANCE-001,MARGIN,USDT,15690.78313020,718.92855522,14971.85457498,True
722,1622246400006000000,BINANCE-001,MARGIN,USDT,15690.78313020,718.92855522,14971.85457498,False
723,1622275200000000000,BINANCE-001,MARGIN,USDT,15693.10296625,718.92855522,14974.17441103,True
724,1622275200000000000,BINANCE-001,MARGIN,USDT,15693.10296625,718.92855522,14974.17441103,False
725,1622304000000000000,BINANCE-001,MARGIN,USDT,15695.39275687,718.92855522,14976.46420165,True
726,1622304000000000000,BINANCE-001,MARGIN,USDT,15695.39275687,718.92855522,14976.46420165,False
727,1622332800003000000,BINANCE-001,MARGIN,USDT,15697.60997675,718.92855522,14978.68142153,True
728,1622332800003000000,BINANCE-001,MARGIN,USDT,15697.60997675,718.92855522,14978.68142153,False
729,1622361600004000000,BINANCE-001,MARGIN,USDT,15699.91702100,718.92855522,14980.98846578,True
730,1622361600004000000,BINANCE-001,MARGIN,USDT,15699.91702100,718.92855522,14980.98846578,False
731,1622390400018000000,BINANCE-001,MARGIN,USDT,15702.19211397,718.92855522,14983.26355875,True
732,1622390400018000000,BINANCE-001,MARGIN,USDT,15702.19211397,718.92855522,14983.26355875,False
733,1622419200002000000,BINANCE-001,MARGIN,USDT,15704.47739435,718.92855522,14985.54883913,True
734,1622419200002000000,BINANCE-001,MARGIN,USDT,15704.47739435,718.92855522,14985.54883913,False
735,1622419260000000000,BINANCE-001,MARGIN,USDT,16025.61865337,679.67348591,15345.94516746,False
736,1622448000000000000,BINANCE-001,MARGIN,USDT,16027.79034615,679.67348591,15348.11686024,True
737,1622448000000000000,BINANCE-001,MARGIN,USDT,16027.79034615,679.67348591,15348.11686024,False
738,1622476800000000000,BINANCE-001,MARGIN,USDT,16030.02985852,679.67348591,15350.35637261,True
739,1622476800000000000,BINANCE-001,MARGIN,USDT,16030.02985852,679.67348591,15350.35637261,False
740,1622505600001000000,BINANCE-001,MARGIN,USDT,16032.28672483,679.67348591,15352.61323892,True
741,1622505600001000000,BINANCE-001,MARGIN,USDT,16032.28672483,679.67348591,15352.61323892,False
742,1622534400010000000,BINANCE-001,MARGIN,USDT,16034.51809260,679.67348591,15354.84460669,True
743,1622534400010000000,BINANCE-001,MARGIN,USDT,16034.51809260,679.67348591,15354.84460669,False
744,1622563200010000000,BINANCE-001,MARGIN,USDT,16036.71322121,679.67348591,15357.03973530,True
745,1622563200010000000,BINANCE-001,MARGIN,USDT,16036.71322121,679.67348591,15357.03973530,False
746,1622592000008000000,BINANCE-001,MARGIN,USDT,16038.93673269,679.67348591,15359.26324678,True
747,1622592000008000000,BINANCE-001,MARGIN,USDT,16038.93673269,679.67348591,15359.26324678,False
748,1622620800000000000,BINANCE-001,MARGIN,USDT,16041.19222288,679.67348591,15361.51873697,True
749,1622620800000000000,BINANCE-001,MARGIN,USDT,16041.19222288,679.67348591,15361.51873697,False
750,1622649600007000000,BINANCE-001,MARGIN,USDT,16043.49706492,679.67348591,15363.82357901,True
751,1622649600007000000,BINANCE-001,MARGIN,USDT,16043.49706492,679.67348591,15363.82357901,False
752,1622678400019000000,BINANCE-001,MARGIN,USDT,16045.77364824,679.67348591,15366.10016233,True
753,1622678400019000000,BINANCE-001,MARGIN,USDT,16045.77364824,679.67348591,15366.10016233,False
754,1622707200002000000,BINANCE-001,MARGIN,USDT,16048.11487288,679.67348591,15368.44138697,True
755,1622707200002000000,BINANCE-001,MARGIN,USDT,16048.11487288,679.67348591,15368.44138697,False
756,1622736000003000000,BINANCE-001,MARGIN,USDT,16050.45129012,679.67348591,15370.77780421,True
757,1622736000003000000,BINANCE-001,MARGIN,USDT,16050.45129012,679.67348591,15370.77780421,False
758,1622764800003000000,BINANCE-001,MARGIN,USDT,16052.82925427,679.67348591,15373.15576836,True
759,1622764800003000000,BINANCE-001,MARGIN,USDT,16052.82925427,679.67348591,15373.15576836,False
760,1622793600006000000,BINANCE-001,MARGIN,USDT,16057.39381285,679.67348591,15377.72032694,True
761,1622793600006000000,BINANCE-001,MARGIN,USDT,16057.39381285,679.67348591,15377.72032694,False
762,1622822400002000000,BINANCE-001,MARGIN,USDT,16059.63287547,679.67348591,15379.95938956,True
763,1622822400002000000,BINANCE-001,MARGIN,USDT,16059.63287547,679.67348591,15379.95938956,False
764,1622851200000000000,BINANCE-001,MARGIN,USDT,16061.86547600,679.67348591,15382.19199009,True
765,1622851200000000000,BINANCE-001,MARGIN,USDT,16061.86547600,679.67348591,15382.19199009,False
766,1622880000004000000,BINANCE-001,MARGIN,USDT,16064.14279987,679.67348591,15384.46931396,True
767,1622880000004000000,BINANCE-001,MARGIN,USDT,16064.14279987,679.67348591,15384.46931396,False
768,1622908800020000000,BINANCE-001,MARGIN,USDT,16066.34265592,679.67348591,15386.66917001,True
769,1622908800020000000,BINANCE-001,MARGIN,USDT,16066.34265592,679.67348591,15386.66917001,False
770,1622937600000000000,BINANCE-001,MARGIN,USDT,16068.49423810,679.67348591,15388.82075219,True
771,1622937600000000000,BINANCE-001,MARGIN,USDT,16068.49423810,679.67348591,15388.82075219,False
772,1622966400004000000,BINANCE-001,MARGIN,USDT,16070.68372928,679.67348591,15391.01024337,True
773,1622966400004000000,BINANCE-001,MARGIN,USDT,16070.68372928,679.67348591,15391.01024337,False
774,1622995200000000000,BINANCE-001,MARGIN,USDT,16072.87563128,679.67348591,15393.20214537,True
775,1622995200000000000,BINANCE-001,MARGIN,USDT,16072.87563128,679.67348591,15393.20214537,False
776,1623024000007000000,BINANCE-001,MARGIN,USDT,16075.04526823,679.67348591,15395.37178232,True
777,1623024000007000000,BINANCE-001,MARGIN,USDT,16075.04526823,679.67348591,15395.37178232,False
778,1623024060000000000,BINANCE-001,MARGIN,USDT,16111.14692680,675.18719227,15435.95973453,False
779,1623052800007000000,BINANCE-001,MARGIN,USDT,16113.32310202,675.18719227,15438.13590975,True
780,1623052800007000000,BINANCE-001,MARGIN,USDT,16113.32310202,675.18719227,15438.13590975,False
781,1623081600003000000,BINANCE-001,MARGIN,USDT,16115.49261852,675.18719227,15440.30542625,True
782,1623081600003000000,BINANCE-001,MARGIN,USDT,16115.49261852,675.18719227,15440.30542625,False
783,1623110400000000000,BINANCE-001,MARGIN,USDT,16117.51334310,675.18719227,15442.32615083,True
784,1623110400000000000,BINANCE-001,MARGIN,USDT,16117.51334310,675.18719227,15442.32615083,False
785,1623139200000000000,BINANCE-001,MARGIN,USDT,16117.71461048,675.18719227,15442.52741821,True
786,1623139200000000000,BINANCE-001,MARGIN,USDT,16117.71461048,675.18719227,15442.52741821,False
787,1623168000002000000,BINANCE-001,MARGIN,USDT,16119.62277608,675.18719227,15444.43558381,True
788,1623168000002000000,BINANCE-001,MARGIN,USDT,16119.62277608,675.18719227,15444.43558381,False
789,1623196800009000000,BINANCE-001,MARGIN,USDT,16121.63208051,675.18719227,15446.44488824,True
790,1623196800009000000,BINANCE-001,MARGIN,USDT,16121.63208051,675.18719227,15446.44488824,False
791,1623225600002000000,BINANCE-001,MARGIN,USDT,16120.52300206,675.18719227,15445.33580979,True
792,1623225600002000000,BINANCE-001,MARGIN,USDT,16120.52300206,675.18719227,15445.33580979,False
793,1623254400000000000,BINANCE-001,MARGIN,USDT,16117.27619030,675.18719227,15442.08899803,True
794,1623254400000000000,BINANCE-001,MARGIN,USDT,16117.27619030,675.18719227,15442.08899803,False
795,1623283200007000000,BINANCE-001,MARGIN,USDT,16113.49987768,675.18719227,15438.31268541,True
796,1623283200007000000,BINANCE-001,MARGIN,USDT,16113.49987768,675.18719227,15438.31268541,False
797,1623312000003000000,BINANCE-001,MARGIN,USDT,16114.84030963,675.18719227,15439.65311736,True
798,1623312000003000000,BINANCE-001,MARGIN,USDT,16114.84030963,675.18719227,15439.65311736,False
799,1623340800000000000,BINANCE-001,MARGIN,USDT,16117.06164496,675.18719227,15441.87445269,True
800,1623340800000000000,BINANCE-001,MARGIN,USDT,16117.06164496,675.18719227,15441.87445269,False
801,1623369600010000000,BINANCE-001,MARGIN,USDT,16119.26881776,675.18719227,15444.08162549,True
802,1623369600010000000,BINANCE-001,MARGIN,USDT,16119.26881776,675.18719227,15444.08162549,False
803,1623398400007000000,BINANCE-001,MARGIN,USDT,16119.85292499,675.18719227,15444.66573272,True
804,1623398400007000000,BINANCE-001,MARGIN,USDT,16119.85292499,675.18719227,15444.66573272,False
805,1623427200006000000,BINANCE-001,MARGIN,USDT,16120.91165059,675.18719227,15445.72445832,True
806,1623427200006000000,BINANCE-001,MARGIN,USDT,16120.91165059,675.18719227,15445.72445832,False
807,1623456000005000000,BINANCE-001,MARGIN,USDT,16119.16417220,675.18719227,15443.97697993,True
808,1623456000005000000,BINANCE-001,MARGIN,USDT,16119.16417220,675.18719227,15443.97697993,False
809,1623484800000000000,BINANCE-001,MARGIN,USDT,16121.28783556,675.18719227,15446.10064329,True
810,1623484800000000000,BINANCE-001,MARGIN,USDT,16121.28783556,675.18719227,15446.10064329,False
811,1623513600018000000,BINANCE-001,MARGIN,USDT,16121.11442777,675.18719227,15445.92723550,True
812,1623513600018000000,BINANCE-001,MARGIN,USDT,16121.11442777,675.18719227,15445.92723550,False
813,1623542400002000000,BINANCE-001,MARGIN,USDT,16123.17648911,675.18719227,15447.98929684,True
814,1623542400002000000,BINANCE-001,MARGIN,USDT,16123.17648911,675.18719227,15447.98929684,False
815,1623571200000000000,BINANCE-001,MARGIN,USDT,16123.78203685,675.18719227,15448.59484458,True
816,1623571200000000000,BINANCE-001,MARGIN,USDT,16123.78203685,675.18719227,15448.59484458,False
817,1623600000003000000,BINANCE-001,MARGIN,USDT,16122.36026606,675.18719227,15447.17307379,True
818,1623600000003000000,BINANCE-001,MARGIN,USDT,16122.36026606,675.18719227,15447.17307379,False
819,1623628800000000000,BINANCE-001,MARGIN,USDT,16124.70823859,675.18719227,15449.52104632,True
820,1623628800000000000,BINANCE-001,MARGIN,USDT,16124.70823859,675.18719227,15449.52104632,False
821,1623628860000000000,BINANCE-001,MARGIN,USDT,16701.90622623,564.15142477,16137.75480146,False
822,1623657600015000000,BINANCE-001,MARGIN,USDT,16703.89458171,564.15142477,16139.74315694,True
823,1623657600015000000,BINANCE-001,MARGIN,USDT,16703.89458171,564.15142477,16139.74315694,False
824,1623686400000000000,BINANCE-001,MARGIN,USDT,16703.25129787,564.15142477,16139.09987310,True
825,1623686400000000000,BINANCE-001,MARGIN,USDT,16703.25129787,564.15142477,16139.09987310,False
826,1623715200000000000,BINANCE-001,MARGIN,USDT,16704.88107610,564.15142477,16140.72965133,True
827,1623715200000000000,BINANCE-001,MARGIN,USDT,16704.88107610,564.15142477,16140.72965133,False
828,1623744000000000000,BINANCE-001,MARGIN,USDT,16706.91082272,564.15142477,16142.75939795,True
829,1623744000000000000,BINANCE-001,MARGIN,USDT,16706.91082272,564.15142477,16142.75939795,False
830,1623772800004000000,BINANCE-001,MARGIN,USDT,16708.92631932,564.15142477,16144.77489455,True
831,1623772800004000000,BINANCE-001,MARGIN,USDT,16708.92631932,564.15142477,16144.77489455,False
832,1623801600004000000,BINANCE-001,MARGIN,USDT,16710.94539402,564.15142477,16146.79396925,True
833,1623801600004000000,BINANCE-001,MARGIN,USDT,16710.94539402,564.15142477,16146.79396925,False
834,1623830400001000000,BINANCE-001,MARGIN,USDT,16712.96370014,564.15142477,16148.81227537,True
835,1623830400001000000,BINANCE-001,MARGIN,USDT,16712.96370014,564.15142477,16148.81227537,False
836,1623859200000000000,BINANCE-001,MARGIN,USDT,16714.91428540,564.15142477,16150.76286063,True
837,1623859200000000000,BINANCE-001,MARGIN,USDT,16714.91428540,564.15142477,16150.76286063,False
838,1623888000004000000,BINANCE-001,MARGIN,USDT,16716.84322463,564.15142477,16152.69179986,True
839,1623888000004000000,BINANCE-001,MARGIN,USDT,16716.84322463,564.15142477,16152.69179986,False
840,1623916800000000000,BINANCE-001,MARGIN,USDT,16718.81566206,564.15142477,16154.66423729,True
841,1623916800000000000,BINANCE-001,MARGIN,USDT,16718.81566206,564.15142477,16154.66423729,False
842,1623945600002000000,BINANCE-001,MARGIN,USDT,16720.77753710,564.15142477,16156.62611233,True
843,1623945600002000000,BINANCE-001,MARGIN,USDT,16720.77753710,564.15142477,16156.62611233,False
844,1623974400009000000,BINANCE-001,MARGIN,USDT,16721.80016169,564.15142477,16157.64873692,True
845,1623974400009000000,BINANCE-001,MARGIN,USDT,16721.80016169,564.15142477,16157.64873692,False
846,1624003200014000000,BINANCE-001,MARGIN,USDT,16721.86556464,564.15142477,16157.71413987,True
847,1624003200014000000,BINANCE-001,MARGIN,USDT,16721.86556464,564.15142477,16157.71413987,False
848,1624032000007000000,BINANCE-001,MARGIN,USDT,16723.69425484,564.15142477,16159.54283007,True
849,1624032000007000000,BINANCE-001,MARGIN,USDT,16723.69425484,564.15142477,16159.54283007,False
850,1624060800003000000,BINANCE-001,MARGIN,USDT,16722.75692254,564.15142477,16158.60549777,True
851,1624060800003000000,BINANCE-001,MARGIN,USDT,16722.75692254,564.15142477,16158.60549777,False
852,1624089600001000000,BINANCE-001,MARGIN,USDT,16721.05820444,564.15142477,16156.90677967,True
853,1624089600001000000,BINANCE-001,MARGIN,USDT,16721.05820444,564.15142477,16156.90677967,False
854,1624118400000000000,BINANCE-001,MARGIN,USDT,16722.41571258,564.15142477,16158.26428781,True
855,1624118400000000000,BINANCE-001,MARGIN,USDT,16722.41571258,564.15142477,16158.26428781,False
856,1624147200005000000,BINANCE-001,MARGIN,USDT,16724.20079017,564.15142477,16160.04936540,True
857,1624147200005000000,BINANCE-001,MARGIN,USDT,16724.20079017,564.15142477,16160.04936540,False
858,1624176000000000000,BINANCE-001,MARGIN,USDT,16725.99223585,564.15142477,16161.84081108,True
859,1624176000000000000,BINANCE-001,MARGIN,USDT,16725.99223585,564.15142477,16161.84081108,False
860,1624204800002000000,BINANCE-001,MARGIN,USDT,16722.80247396,564.15142477,16158.65104919,True
861,1624204800002000000,BINANCE-001,MARGIN,USDT,16722.80247396,564.15142477,16158.65104919,False
862,1624233600019000000,BINANCE-001,MARGIN,USDT,16722.51302471,564.15142477,16158.36159994,True
863,1624233600019000000,BINANCE-001,MARGIN,USDT,16722.51302471,564.15142477,16158.36159994,False
864,1624233660000000000,BINANCE-001,MARGIN,USDT,21369.57797455,0.00000000,21369.57797455,False
865,1624233720000000000,BINANCE-001,MARGIN,USDT,21348.23568055,533.55735000,20814.67833055,False
866,1624262400000000000,BINANCE-001,MARGIN,USDT,21346.25656075,533.55735000,20812.69921075,True
867,1624262400000000000,BINANCE-001,MARGIN,USDT,21346.25656075,533.55735000,20812.69921075,False
868,1624291200024000000,BINANCE-001,MARGIN,USDT,21350.14745671,533.55735000,20816.59010671,True
869,1624291200024000000,BINANCE-001,MARGIN,USDT,21350.14745671,533.55735000,20816.59010671,False
870,1624320000008000000,BINANCE-001,MARGIN,USDT,21348.63968840,533.55735000,20815.08233840,True
871,1624320000008000000,BINANCE-001,MARGIN,USDT,21348.63968840,533.55735000,20815.08233840,False
872,1624348800009000000,BINANCE-001,MARGIN,USDT,21346.68196330,533.55735000,20813.12461330,True
873,1624348800009000000,BINANCE-001,MARGIN,USDT,21346.68196330,533.55735000,20813.12461330,False
874,1624377600001000000,BINANCE-001,MARGIN,USDT,21352.90886392,533.55735000,20819.35151392,True
875,1624377600001000000,BINANCE-001,MARGIN,USDT,21352.90886392,533.55735000,20819.35151392,False
876,1624406400003000000,BINANCE-001,MARGIN,USDT,21352.89580277,533.55735000,20819.33845277,True
877,1624406400003000000,BINANCE-001,MARGIN,USDT,21352.89580277,533.55735000,20819.33845277,False
878,1624435200000000000,BINANCE-001,MARGIN,USDT,21355.68555900,533.55735000,20822.12820900,True
879,1624435200000000000,BINANCE-001,MARGIN,USDT,21355.68555900,533.55735000,20822.12820900,False
880,1624464000000000000,BINANCE-001,MARGIN,USDT,21359.68261820,533.55735000,20826.12526820,True
881,1624464000000000000,BINANCE-001,MARGIN,USDT,21359.68261820,533.55735000,20826.12526820,False
882,1624492800009000000,BINANCE-001,MARGIN,USDT,21361.25420511,533.55735000,20827.69685511,True
883,1624492800009000000,BINANCE-001,MARGIN,USDT,21361.25420511,533.55735000,20827.69685511,False
884,1624521600018000000,BINANCE-001,MARGIN,USDT,21359.28367288,533.55735000,20825.72632288,True
885,1624521600018000000,BINANCE-001,MARGIN,USDT,21359.28367288,533.55735000,20825.72632288,False
886,1624550400001000000,BINANCE-001,MARGIN,USDT,21363.11809095,533.55735000,20829.56074095,True
887,1624550400001000000,BINANCE-001,MARGIN,USDT,21363.11809095,533.55735000,20829.56074095,False
888,1624579200009000000,BINANCE-001,MARGIN,USDT,21362.62499289,533.55735000,20829.06764289,True
889,1624579200009000000,BINANCE-001,MARGIN,USDT,21362.62499289,533.55735000,20829.06764289,False
890,1624608000004000000,BINANCE-001,MARGIN,USDT,21360.56853791,533.55735000,20827.01118791,True
891,1624608000004000000,BINANCE-001,MARGIN,USDT,21360.56853791,533.55735000,20827.01118791,False
892,1624636800000000000,BINANCE-001,MARGIN,USDT,21358.61235133,533.55735000,20825.05500133,True
893,1624636800000000000,BINANCE-001,MARGIN,USDT,21358.61235133,533.55735000,20825.05500133,False
894,1624665600007000000,BINANCE-001,MARGIN,USDT,21360.70160387,533.55735000,20827.14425387,True
895,1624665600007000000,BINANCE-001,MARGIN,USDT,21360.70160387,533.55735000,20827.14425387,False
896,1624694400000000000,BINANCE-001,MARGIN,USDT,21363.11833791,533.55735000,20829.56098791,True
897,1624694400000000000,BINANCE-001,MARGIN,USDT,21363.11833791,533.55735000,20829.56098791,False
898,1624723200002000000,BINANCE-001,MARGIN,USDT,21365.08028028,533.55735000,20831.52293028,True
899,1624723200002000000,BINANCE-001,MARGIN,USDT,21365.08028028,533.55735000,20831.52293028,False
900,1624752000005000000,BINANCE-001,MARGIN,USDT,21369.64503814,533.55735000,20836.08768814,True
901,1624752000005000000,BINANCE-001,MARGIN,USDT,21369.64503814,533.55735000,20836.08768814,False
902,1624780800010000000,BINANCE-001,MARGIN,USDT,21380.20124262,533.55735000,20846.64389262,True
903,1624780800010000000,BINANCE-001,MARGIN,USDT,21380.20124262,533.55735000,20846.64389262,False
904,1624809600001000000,BINANCE-001,MARGIN,USDT,21385.39737510,533.55735000,20851.84002510,True
905,1624809600001000000,BINANCE-001,MARGIN,USDT,21385.39737510,533.55735000,20851.84002510,False
906,1624838400025000000,BINANCE-001,MARGIN,USDT,21386.00382093,533.55735000,20852.44647093,True
907,1624838400025000000,BINANCE-001,MARGIN,USDT,21386.00382093,533.55735000,20852.44647093,False
908,1624838460000000000,BINANCE-001,MARGIN,USDT,20835.51720093,0.00000000,20835.51720093,False
909,1624838520000000000,BINANCE-001,MARGIN,USDT,20814.73897217,519.45571900,20295.28325317,False
910,1624867200017000000,BINANCE-001,MARGIN,USDT,20815.43584445,519.45571900,20295.98012545,True
911,1624867200017000000,BINANCE-001,MARGIN,USDT,20815.43584445,519.45571900,20295.98012545,False
912,1624896000007000000,BINANCE-001,MARGIN,USDT,20817.53617312,519.45571900,20298.08045412,True
913,1624896000007000000,BINANCE-001,MARGIN,USDT,20817.53617312,519.45571900,20298.08045412,False
914,1624924800008000000,BINANCE-001,MARGIN,USDT,20819.26563268,519.45571900,20299.80991368,True
915,1624924800008000000,BINANCE-001,MARGIN,USDT,20819.26563268,519.45571900,20299.80991368,False
916,1624953600000000000,BINANCE-001,MARGIN,USDT,20821.35994014,519.45571900,20301.90422114,True
917,1624953600000000000,BINANCE-001,MARGIN,USDT,20821.35994014,519.45571900,20301.90422114,False
918,1624982400000000000,BINANCE-001,MARGIN,USDT,20822.20578868,519.45571900,20302.75006968,True
919,1624982400000000000,BINANCE-001,MARGIN,USDT,20822.20578868,519.45571900,20302.75006968,False
920,1625011200011000000,BINANCE-001,MARGIN,USDT,20824.36376974,519.45571900,20304.90805074,True
921,1625011200011000000,BINANCE-001,MARGIN,USDT,20824.36376974,519.45571900,20304.90805074,False
922,1625040000044000000,BINANCE-001,MARGIN,USDT,20826.48095271,519.45571900,20307.02523371,True
923,1625040000044000000,BINANCE-001,MARGIN,USDT,20826.48095271,519.45571900,20307.02523371,False
924,1625068800005000000,BINANCE-001,MARGIN,USDT,20828.53604727,519.45571900,20309.08032827,True
925,1625068800005000000,BINANCE-001,MARGIN,USDT,20828.53604727,519.45571900,20309.08032827,False
926,1625097600000000000,BINANCE-001,MARGIN,USDT,20830.64143501,519.45571900,20311.18571601,True
927,1625097600000000000,BINANCE-001,MARGIN,USDT,20830.64143501,519.45571900,20311.18571601,False
928,1625126400004000000,BINANCE-001,MARGIN,USDT,20832.64505879,519.45571900,20313.18933979,True
929,1625126400004000000,BINANCE-001,MARGIN,USDT,20832.64505879,519.45571900,20313.18933979,False
930,1625155200028000000,BINANCE-001,MARGIN,USDT,20834.65376022,519.45571900,20315.19804122,True
931,1625155200028000000,BINANCE-001,MARGIN,USDT,20834.65376022,519.45571900,20315.19804122,False
932,1625184000002000000,BINANCE-001,MARGIN,USDT,20836.32602411,519.45571900,20316.87030511,True
933,1625184000002000000,BINANCE-001,MARGIN,USDT,20836.32602411,519.45571900,20316.87030511,False
934,1625212800016000000,BINANCE-001,MARGIN,USDT,20838.33050515,519.45571900,20318.87478615,True
935,1625212800016000000,BINANCE-001,MARGIN,USDT,20838.33050515,519.45571900,20318.87478615,False
936,1625241600007000000,BINANCE-001,MARGIN,USDT,20835.86293675,519.45571900,20316.40721775,True
937,1625241600007000000,BINANCE-001,MARGIN,USDT,20835.86293675,519.45571900,20316.40721775,False
938,1625270400008000000,BINANCE-001,MARGIN,USDT,20834.87549980,519.45571900,20315.41978080,True
939,1625270400008000000,BINANCE-001,MARGIN,USDT,20834.87549980,519.45571900,20315.41978080,False
940,1625299200000000000,BINANCE-001,MARGIN,USDT,20832.06791729,519.45571900,20312.61219829,True
941,1625299200000000000,BINANCE-001,MARGIN,USDT,20832.06791729,519.45571900,20312.61219829,False
942,1625328000004000000,BINANCE-001,MARGIN,USDT,20832.80191282,519.45571900,20313.34619382,True
943,1625328000004000000,BINANCE-001,MARGIN,USDT,20832.80191282,519.45571900,20313.34619382,False
944,1625356800012000000,BINANCE-001,MARGIN,USDT,20833.47563477,519.45571900,20314.01991577,True
945,1625356800012000000,BINANCE-001,MARGIN,USDT,20833.47563477,519.45571900,20314.01991577,False
946,1625385600002000000,BINANCE-001,MARGIN,USDT,20830.21183047,519.45571900,20310.75611147,True
947,1625385600002000000,BINANCE-001,MARGIN,USDT,20830.21183047,519.45571900,20310.75611147,False
948,1625414400003000000,BINANCE-001,MARGIN,USDT,20831.15605146,519.45571900,20311.70033246,True
949,1625414400003000000,BINANCE-001,MARGIN,USDT,20831.15605146,519.45571900,20311.70033246,False
950,1625443200004000000,BINANCE-001,MARGIN,USDT,20833.27634881,519.45571900,20313.82062981,True
951,1625443200004000000,BINANCE-001,MARGIN,USDT,20833.27634881,519.45571900,20313.82062981,False
952,1625443260000000000,BINANCE-001,MARGIN,USDT,20816.19447490,499.57638200,20316.61809290,False
953,1625472000000000000,BINANCE-001,MARGIN,USDT,20818.17333788,499.57638200,20318.59695588,True
954,1625472000000000000,BINANCE-001,MARGIN,USDT,20818.17333788,499.57638200,20318.59695588,False
955,1625500800009000000,BINANCE-001,MARGIN,USDT,20816.14711990,499.57638200,20316.57073790,True
956,1625500800009000000,BINANCE-001,MARGIN,USDT,20816.14711990,499.57638200,20316.57073790,False
957,1625529600008000000,BINANCE-001,MARGIN,USDT,20816.01456321,499.57638200,20316.43818121,True
958,1625529600008000000,BINANCE-001,MARGIN,USDT,20816.01456321,499.57638200,20316.43818121,False
959,1625558400019000000,BINANCE-001,MARGIN,USDT,20813.77038814,499.57638200,20314.19400614,True
960,1625558400019000000,BINANCE-001,MARGIN,USDT,20813.77038814,499.57638200,20314.19400614,False
961,1625587200000000000,BINANCE-001,MARGIN,USDT,20812.15517547,499.57638200,20312.57879347,True
962,1625587200000000000,BINANCE-001,MARGIN,USDT,20812.15517547,499.57638200,20312.57879347,False
963,1625616000007000000,BINANCE-001,MARGIN,USDT,20809.51295449,499.57638200,20309.93657249,True
964,1625616000007000000,BINANCE-001,MARGIN,USDT,20809.51295449,499.57638200,20309.93657249,False
965,1625644800001000000,BINANCE-001,MARGIN,USDT,20811.51901937,499.57638200,20311.94263737,True
966,1625644800001000000,BINANCE-001,MARGIN,USDT,20811.51901937,499.57638200,20311.94263737,False
967,1625673600008000000,BINANCE-001,MARGIN,USDT,20813.51483258,499.57638200,20313.93845058,True
968,1625673600008000000,BINANCE-001,MARGIN,USDT,20813.51483258,499.57638200,20313.93845058,False
969,1625702400002000000,BINANCE-001,MARGIN,USDT,20813.78521312,499.57638200,20314.20883112,True
970,1625702400002000000,BINANCE-001,MARGIN,USDT,20813.78521312,499.57638200,20314.20883112,False
971,1625731200010000000,BINANCE-001,MARGIN,USDT,20812.58294843,499.57638200,20313.00656643,True
972,1625731200010000000,BINANCE-001,MARGIN,USDT,20812.58294843,499.57638200,20313.00656643,False
973,1625760000003000000,BINANCE-001,MARGIN,USDT,20807.24714524,499.57638200,20307.67076324,True
974,1625760000003000000,BINANCE-001,MARGIN,USDT,20807.24714524,499.57638200,20307.67076324,False
975,1625788800000000000,BINANCE-001,MARGIN,USDT,20805.18040846,499.57638200,20305.60402646,True
976,1625788800000000000,BINANCE-001,MARGIN,USDT,20805.18040846,499.57638200,20305.60402646,False
977,1625817600006000000,BINANCE-001,MARGIN,USDT,20801.88058729,499.57638200,20302.30420529,True
978,1625817600006000000,BINANCE-001,MARGIN,USDT,20801.88058729,499.57638200,20302.30420529,False
979,1625846400000000000,BINANCE-001,MARGIN,USDT,20798.22780938,499.57638200,20298.65142738,True
980,1625846400000000000,BINANCE-001,MARGIN,USDT,20798.22780938,499.57638200,20298.65142738,False
981,1625875200002000000,BINANCE-001,MARGIN,USDT,20798.21198244,499.57638200,20298.63560044,True
982,1625875200002000000,BINANCE-001,MARGIN,USDT,20798.21198244,499.57638200,20298.63560044,False
983,1625904000000000000,BINANCE-001,MARGIN,USDT,20799.74235135,499.57638200,20300.16596935,True
984,1625904000000000000,BINANCE-001,MARGIN,USDT,20799.74235135,499.57638200,20300.16596935,False
985,1625932800001000000,BINANCE-001,MARGIN,USDT,20799.75643596,499.57638200,20300.18005396,True
986,1625932800001000000,BINANCE-001,MARGIN,USDT,20799.75643596,499.57638200,20300.18005396,False
987,1625961600001000000,BINANCE-001,MARGIN,USDT,20801.26379375,499.57638200,20301.68741175,True
988,1625961600001000000,BINANCE-001,MARGIN,USDT,20801.26379375,499.57638200,20301.68741175,False
989,1625990400025000000,BINANCE-001,MARGIN,USDT,20803.20003595,499.57638200,20303.62365395,True
990,1625990400025000000,BINANCE-001,MARGIN,USDT,20803.20003595,499.57638200,20303.62365395,False
991,1626019200006000000,BINANCE-001,MARGIN,USDT,20802.53851687,499.57638200,20302.96213487,True
992,1626019200006000000,BINANCE-001,MARGIN,USDT,20802.53851687,499.57638200,20302.96213487,False
993,1626048000000000000,BINANCE-001,MARGIN,USDT,20804.29049994,499.57638200,20304.71411794,True
994,1626048000000000000,BINANCE-001,MARGIN,USDT,20804.29049994,499.57638200,20304.71411794,False
995,1626048060000000000,BINANCE-001,MARGIN,USDT,20803.12587074,528.69211200,20274.43375874,False
996,1626076800021000000,BINANCE-001,MARGIN,USDT,20803.85223529,528.69211200,20275.16012329,True
997,1626076800021000000,BINANCE-001,MARGIN,USDT,20803.85223529,528.69211200,20275.16012329,False
998,1626105600000000000,BINANCE-001,MARGIN,USDT,20805.89290958,528.69211200,20277.20079758,True
999,1626105600000000000,BINANCE-001,MARGIN,USDT,20805.89290958,528.69211200,20277.20079758,False
1000,1626134400000000000,BINANCE-001,MARGIN,USDT,20807.91784033,528.69211200,20279.22572833,True
1001,1626134400000000000,BINANCE-001,MARGIN,USDT,20807.91784033,528.69211200,20279.22572833,False
1002,1626163200013000000,BINANCE-001,MARGIN,USDT,20809.94733430,528.69211200,20281.25522230,True
1003,1626163200013000000,BINANCE-001,MARGIN,USDT,20809.94733430,528.69211200,20281.25522230,False
1004,1626192000005000000,BINANCE-001,MARGIN,USDT,20809.95776394,528.69211200,20281.26565194,True
1005,1626192000005000000,BINANCE-001,MARGIN,USDT,20809.95776394,528.69211200,20281.26565194,False
1006,1626220800000000000,BINANCE-001,MARGIN,USDT,20811.95983170,528.69211200,20283.26771970,True
1007,1626220800000000000,BINANCE-001,MARGIN,USDT,20811.95983170,528.69211200,20283.26771970,False
1008,1626249600000000000,BINANCE-001,MARGIN,USDT,20812.21703072,528.69211200,20283.52491872,True
1009,1626249600000000000,BINANCE-001,MARGIN,USDT,20812.21703072,528.69211200,20283.52491872,False
1010,1626278400005000000,BINANCE-001,MARGIN,USDT,20809.85972545,528.69211200,20281.16761345,True
1011,1626278400005000000,BINANCE-001,MARGIN,USDT,20809.85972545,528.69211200,20281.16761345,False
1012,1626307200005000000,BINANCE-001,MARGIN,USDT,20808.87923082,528.69211200,20280.18711882,True
1013,1626307200005000000,BINANCE-001,MARGIN,USDT,20808.87923082,528.69211200,20280.18711882,False
1014,1626336000001000000,BINANCE-001,MARGIN,USDT,20810.86584157,528.69211200,20282.17372957,True
1015,1626336000001000000,BINANCE-001,MARGIN,USDT,20810.86584157,528.69211200,20282.17372957,False
1016,1626364800000000000,BINANCE-001,MARGIN,USDT,20811.17139233,528.69211200,20282.47928033,True
1017,1626364800000000000,BINANCE-001,MARGIN,USDT,20811.17139233,528.69211200,20282.47928033,False
1018,1626393600000000000,BINANCE-001,MARGIN,USDT,20808.92375602,528.69211200,20280.23164402,True
1019,1626393600000000000,BINANCE-001,MARGIN,USDT,20808.92375602,528.69211200,20280.23164402,False
1020,1626422400000000000,BINANCE-001,MARGIN,USDT,20810.11054029,528.69211200,20281.41842829,True
1021,1626422400000000000,BINANCE-001,MARGIN,USDT,20810.11054029,528.69211200,20281.41842829,False
1022,1626451200001000000,BINANCE-001,MARGIN,USDT,20810.32135561,528.69211200,20281.62924361,True
1023,1626451200001000000,BINANCE-001,MARGIN,USDT,20810.32135561,528.69211200,20281.62924361,False
1024,1626480000004000000,BINANCE-001,MARGIN,USDT,20812.24182500,528.69211200,20283.54971300,True
1025,1626480000004000000,BINANCE-001,MARGIN,USDT,20812.24182500,528.69211200,20283.54971300,False
1026,1626508800009000000,BINANCE-001,MARGIN,USDT,20811.40467847,528.69211200,20282.71256647,True
1027,1626508800009000000,BINANCE-001,MARGIN,USDT,20811.40467847,528.69211200,20282.71256647,False
1028,1626537600006000000,BINANCE-001,MARGIN,USDT,20811.86406038,528.69211200,20283.17194838,True
1029,1626537600006000000,BINANCE-001,MARGIN,USDT,20811.86406038,528.69211200,20283.17194838,False
1030,1626566400000000000,BINANCE-001,MARGIN,USDT,20813.79136588,528.69211200,20285.09925388,True
1031,1626566400000000000,BINANCE-001,MARGIN,USDT,20813.79136588,528.69211200,20285.09925388,False
1032,1626595200001000000,BINANCE-001,MARGIN,USDT,20815.73171127,528.69211200,20287.03959927,True
1033,1626595200001000000,BINANCE-001,MARGIN,USDT,20815.73171127,528.69211200,20287.03959927,False
1034,1626624000003000000,BINANCE-001,MARGIN,USDT,20814.88078128,528.69211200,20286.18866928,True
1035,1626624000003000000,BINANCE-001,MARGIN,USDT,20814.88078128,528.69211200,20286.18866928,False
1036,1626652800002000000,BINANCE-001,MARGIN,USDT,20813.42117766,528.69211200,20284.72906566,True
1037,1626652800002000000,BINANCE-001,MARGIN,USDT,20813.42117766,528.69211200,20284.72906566,False
1038,1626652860000000000,BINANCE-001,MARGIN,USDT,20810.33977963,605.72706275,20204.61271688,False
1039,1626681600006000000,BINANCE-001,MARGIN,USDT,20811.05284549,605.72706275,20205.32578274,True
1040,1626681600006000000,BINANCE-001,MARGIN,USDT,20811.05284549,605.72706275,20205.32578274,False
1041,1626710400006000000,BINANCE-001,MARGIN,USDT,20810.78535842,605.72706275,20205.05829567,True
1042,1626710400006000000,BINANCE-001,MARGIN,USDT,20810.78535842,605.72706275,20205.05829567,False
1043,1626739200002000000,BINANCE-001,MARGIN,USDT,20807.35729888,605.72706275,20201.63023613,True
1044,1626739200002000000,BINANCE-001,MARGIN,USDT,20807.35729888,605.72706275,20201.63023613,False
1045,1626768000011000000,BINANCE-001,MARGIN,USDT,20804.70175040,605.72706275,20198.97468765,True
1046,1626768000011000000,BINANCE-001,MARGIN,USDT,20804.70175040,605.72706275,20198.97468765,False
1047,1626796800001000000,BINANCE-001,MARGIN,USDT,20800.69095207,605.72706275,20194.96388932,True
1048,1626796800001000000,BINANCE-001,MARGIN,USDT,20800.69095207,605.72706275,20194.96388932,False
1049,1626825600022000000,BINANCE-001,MARGIN,USDT,20795.86394842,605.72706275,20190.13688567,True
1050,1626825600022000000,BINANCE-001,MARGIN,USDT,20795.86394842,605.72706275,20190.13688567,False
1051,1626854400000000000,BINANCE-001,MARGIN,USDT,20787.31594087,605.72706275,20181.58887812,True
1052,1626854400000000000,BINANCE-001,MARGIN,USDT,20787.31594087,605.72706275,20181.58887812,False
1053,1626883200018000000,BINANCE-001,MARGIN,USDT,20780.00857275,605.72706275,20174.28151000,True
1054,1626883200018000000,BINANCE-001,MARGIN,USDT,20780.00857275,605.72706275,20174.28151000,False
1055,1626912000002000000,BINANCE-001,MARGIN,USDT,20776.30632764,605.72706275,20170.57926489,True
1056,1626912000002000000,BINANCE-001,MARGIN,USDT,20776.30632764,605.72706275,20170.57926489,False
1057,1626940800006000000,BINANCE-001,MARGIN,USDT,20776.61644977,605.72706275,20170.88938702,True
1058,1626940800006000000,BINANCE-001,MARGIN,USDT,20776.61644977,605.72706275,20170.88938702,False
1059,1626969600010000000,BINANCE-001,MARGIN,USDT,20776.93281735,605.72706275,20171.20575460,True
1060,1626969600010000000,BINANCE-001,MARGIN,USDT,20776.93281735,605.72706275,20171.20575460,False
1061,1626998400013000000,BINANCE-001,MARGIN,USDT,20777.01152201,605.72706275,20171.28445926,True
1062,1626998400013000000,BINANCE-001,MARGIN,USDT,20777.01152201,605.72706275,20171.28445926,False
1063,1627027200000000000,BINANCE-001,MARGIN,USDT,20773.10282533,605.72706275,20167.37576258,True
1064,1627027200000000000,BINANCE-001,MARGIN,USDT,20773.10282533,605.72706275,20167.37576258,False
1065,1627056000005000000,BINANCE-001,MARGIN,USDT,20772.87610194,605.72706275,20167.14903919,True
1066,1627056000005000000,BINANCE-001,MARGIN,USDT,20772.87610194,605.72706275,20167.14903919,False
1067,1627084800000000000,BINANCE-001,MARGIN,USDT,20771.14868821,605.72706275,20165.42162546,True
1068,1627084800000000000,BINANCE-001,MARGIN,USDT,20771.14868821,605.72706275,20165.42162546,False
1069,1627113600002000000,BINANCE-001,MARGIN,USDT,20767.94308905,605.72706275,20162.21602630,True
1070,1627113600002000000,BINANCE-001,MARGIN,USDT,20767.94308905,605.72706275,20162.21602630,False
1071,1627142400001000000,BINANCE-001,MARGIN,USDT,20765.39868356,605.72706275,20159.67162081,True
1072,1627142400001000000,BINANCE-001,MARGIN,USDT,20765.39868356,605.72706275,20159.67162081,False
1073,1627171200003000000,BINANCE-001,MARGIN,USDT,20759.16619187,605.72706275,20153.43912912,True
1074,1627171200003000000,BINANCE-001,MARGIN,USDT,20759.16619187,605.72706275,20153.43912912,False
1075,1627200000015000000,BINANCE-001,MARGIN,USDT,20753.83033580,605.72706275,20148.10327305,True
1076,1627200000015000000,BINANCE-001,MARGIN,USDT,20753.83033580,605.72706275,20148.10327305,False
1077,1627228800000000000,BINANCE-001,MARGIN,USDT,20752.57172404,605.72706275,20146.84466129,True
1078,1627228800000000000,BINANCE-001,MARGIN,USDT,20752.57172404,605.72706275,20146.84466129,False
1079,1627257600000000000,BINANCE-001,MARGIN,USDT,20738.81547277,605.72706275,20133.08841002,True
1080,1627257600000000000,BINANCE-001,MARGIN,USDT,20738.81547277,605.72706275,20133.08841002,False
1081,1627257660000000000,BINANCE-001,MARGIN,USDT,19865.01514774,0.00000000,19865.01514774,False
1082,1627257720000000000,BINANCE-001,MARGIN,USDT,19845.17429974,496.02120000,19349.15309974,False
1083,1627286400000000000,BINANCE-001,MARGIN,USDT,19843.03033769,496.02120000,19347.00913769,True
1084,1627286400000000000,BINANCE-001,MARGIN,USDT,19843.03033769,496.02120000,19347.00913769,False
1085,1627315200000000000,BINANCE-001,MARGIN,USDT,19840.86274837,496.02120000,19344.84154837,True
1086,1627315200000000000,BINANCE-001,MARGIN,USDT,19840.86274837,496.02120000,19344.84154837,False
1087,1627344000046000000,BINANCE-001,MARGIN,USDT,19838.77065504,496.02120000,19342.74945504,True
1088,1627344000046000000,BINANCE-001,MARGIN,USDT,19838.77065504,496.02120000,19342.74945504,False
1089,1627372800014000000,BINANCE-001,MARGIN,USDT,19836.68478263,496.02120000,19340.66358263,True
1090,1627372800014000000,BINANCE-001,MARGIN,USDT,19836.68478263,496.02120000,19340.66358263,False
1091,1627401600007000000,BINANCE-001,MARGIN,USDT,19837.16752365,496.02120000,19341.14632365,True
1092,1627401600007000000,BINANCE-001,MARGIN,USDT,19837.16752365,496.02120000,19341.14632365,False
1093,1627430400000000000,BINANCE-001,MARGIN,USDT,19837.61922565,496.02120000,19341.59802565,True
1094,1627430400000000000,BINANCE-001,MARGIN,USDT,19837.61922565,496.02120000,19341.59802565,False
1095,1627459200002000000,BINANCE-001,MARGIN,USDT,19835.37752061,496.02120000,19339.35632061,True
1096,1627459200002000000,BINANCE-001,MARGIN,USDT,19835.37752061,496.02120000,19339.35632061,False
1097,1627488000005000000,BINANCE-001,MARGIN,USDT,19833.14825488,496.02120000,19337.12705488,True
1098,1627488000005000000,BINANCE-001,MARGIN,USDT,19833.14825488,496.02120000,19337.12705488,False
1099,1627516800004000000,BINANCE-001,MARGIN,USDT,19832.81259022,496.02120000,19336.79139022,True
1100,1627516800004000000,BINANCE-001,MARGIN,USDT,19832.81259022,496.02120000,19336.79139022,False
1101,1627545600000000000,BINANCE-001,MARGIN,USDT,19830.95639943,496.02120000,19334.93519943,True
1102,1627545600000000000,BINANCE-001,MARGIN,USDT,19830.95639943,496.02120000,19334.93519943,False
1103,1627574400007000000,BINANCE-001,MARGIN,USDT,19828.71198708,496.02120000,19332.69078708,True
1104,1627574400007000000,BINANCE-001,MARGIN,USDT,19828.71198708,496.02120000,19332.69078708,False
1105,1627603200004000000,BINANCE-001,MARGIN,USDT,19826.46325648,496.02120000,19330.44205648,True
1106,1627603200004000000,BINANCE-001,MARGIN,USDT,19826.46325648,496.02120000,19330.44205648,False
1107,1627632000000000000,BINANCE-001,MARGIN,USDT,19824.23090874,496.02120000,19328.20970874,True
1108,1627632000000000000,BINANCE-001,MARGIN,USDT,19824.23090874,496.02120000,19328.20970874,False
1109,1627660800000000000,BINANCE-001,MARGIN,USDT,19824.75256754,496.02120000,19328.73136754,True
1110,1627660800000000000,BINANCE-001,MARGIN,USDT,19824.75256754,496.02120000,19328.73136754,False
1111,1627689600000000000,BINANCE-001,MARGIN,USDT,19822.38038858,496.02120000,19326.35918858,True
1112,1627689600000000000,BINANCE-001,MARGIN,USDT,19822.38038858,496.02120000,19326.35918858,False
1113,1627718400014000000,BINANCE-001,MARGIN,USDT,19820.04589367,496.02120000,19324.02469367,True
1114,1627718400014000000,BINANCE-001,MARGIN,USDT,19820.04589367,496.02120000,19324.02469367,False
1115,1627747200003000000,BINANCE-001,MARGIN,USDT,19817.71150696,496.02120000,19321.69030696,True
1116,1627747200003000000,BINANCE-001,MARGIN,USDT,19817.71150696,496.02120000,19321.69030696,False
