event_index,ts_event,account_id,account_type,currency,total,locked,free,reported
0,1609459200000000000,BINANCE-001,MARGIN,USDT,10000.00000000,0.00000000,10000.00000000,True
1,1612224060000000000,BINANCE-001,MARGIN,USDT,9996.64539200,83.86520000,9912.78019200,False
2,1612252800006000000,BINANCE-001,MARGIN,USDT,9998.16283242,83.86520000,9914.29763242,True
3,1612252800006000000,BINANCE-001,MARGIN,USDT,9998.16283242,83.86520000,9914.29763242,False
4,1612281600000000000,BINANCE-001,MARGIN,USDT,10002.40872236,83.86520000,9918.54352236,True
5,1612281600000000000,BINANCE-001,MARGIN,USDT,10002.40872236,83.86520000,9918.54352236,False
6,1612310400009000000,BINANCE-001,MARGIN,USDT,10005.15415721,83.86520000,9921.28895721,True
7,1612310400009000000,BINANCE-001,MARGIN,USDT,10005.15415721,83.86520000,9921.28895721,False
8,1612310460000000000,BINANCE-001,MARGIN,USDT,9805.80475021,0.00000000,9805.80475021,False
9,1612310520000000000,BINANCE-001,MARGIN,USDT,9802.25302321,88.79317500,9713.45984821,False
10,1612339200006000000,BINANCE-001,MARGIN,USDT,9799.31639279,88.79317500,9710.52321779,True
11,1612339200006000000,BINANCE-001,MARGIN,USDT,9799.31639279,88.79317500,9710.52321779,False
12,1612368000006000000,BINANCE-001,MARGIN,USDT,9796.53874894,88.79317500,9707.74557394,True
13,1612368000006000000,BINANCE-001,MARGIN,USDT,9796.53874894,88.79317500,9707.74557394,False
14,1612396800005000000,BINANCE-001,MARGIN,USDT,9795.44448607,88.79317500,9706.65131107,True
15,1612396800005000000,BINANCE-001,MARGIN,USDT,9795.44448607,88.79317500,9706.65131107,False
16,1612425600000000000,BINANCE-001,MARGIN,USDT,9792.63097594,88.79317500,9703.83780094,True
17,1612425600000000000,BINANCE-001,MARGIN,USDT,9792.63097594,88.79317500,9703.83780094,False
18,1612454400011000000,BINANCE-001,MARGIN,USDT,9790.36398889,88.79317500,9701.57081389,True
19,1612454400011000000,BINANCE-001,MARGIN,USDT,9790.36398889,88.79317500,9701.57081389,False
20,1612483200009000000,BINANCE-001,MARGIN,USDT,9788.26888135,88.79317500,9699.47570635,True
21,1612483200009000000,BINANCE-001,MARGIN,USDT,9788.26888135,88.79317500,9699.47570635,False
22,1612512000004000000,BINANCE-001,MARGIN,USDT,9785.44777831,88.79317500,9696.65460331,True
23,1612512000004000000,BINANCE-001,MARGIN,USDT,9785.44777831,88.79317500,9696.65460331,False
24,1612540800000000000,BINANCE-001,MARGIN,USDT,9781.68047166,88.79317500,9692.88729666,True
25,1612540800000000000,BINANCE-001,MARGIN,USDT,9781.68047166,88.79317500,9692.88729666,False
26,1612569600008000000,BINANCE-001,MARGIN,USDT,9780.34747269,88.79317500,9691.55429769,True
27,1612569600008000000,BINANCE-001,MARGIN,USDT,9780.34747269,88.79317500,9691.55429769,False
28,1612598400009000000,BINANCE-001,MARGIN,USDT,9777.59640174,88.79317500,9688.80322674,True
29,1612598400009000000,BINANCE-001,MARGIN,USDT,9777.59640174,88.79317500,9688.80322674,False
30,1612627200000000000,BINANCE-001,MARGIN,USDT,9773.41076685,88.79317500,9684.61759185,True
31,1612627200000000000,BINANCE-001,MARGIN,USDT,9773.41076685,88.79317500,9684.61759185,False
32,1612656000000000000,BINANCE-001,MARGIN,USDT,9767.30543547,88.79317500,9678.51226047,True
33,1612656000000000000,BINANCE-001,MARGIN,USDT,9767.30543547,88.79317500,9678.51226047,False
34,1612684800005000000,BINANCE-001,MARGIN,USDT,9764.76167115,88.79317500,9675.96849615,True
35,1612684800005000000,BINANCE-001,MARGIN,USDT,9764.76167115,88.79317500,9675.96849615,False
36,1612713600001000000,BINANCE-001,MARGIN,USDT,9760.73029743,88.79317500,9671.93712243,True
37,1612713600001000000,BINANCE-001,MARGIN,USDT,9760.73029743,88.79317500,9671.93712243,False
38,1612742400000000000,BINANCE-001,MARGIN,USDT,9758.42818948,88.79317500,9669.63501448,True
39,1612742400000000000,BINANCE-001,MARGIN,USDT,9758.42818948,88.79317500,9669.63501448,False
40,1612771200001000000,BINANCE-001,MARGIN,USDT,9756.15288653,88.79317500,9667.35971153,True
41,1612771200001000000,BINANCE-001,MARGIN,USDT,9756.15288653,88.79317500,9667.35971153,False
42,1612800000000000000,BINANCE-001,MARGIN,USDT,9745.25385289,88.79317500,9656.46067789,True
43,1612800000000000000,BINANCE-001,MARGIN,USDT,9745.25385289,88.79317500,9656.46067789,False
44,1612828800010000000,BINANCE-001,MARGIN,USDT,9739.16761652,88.79317500,9650.37444152,True
45,1612828800010000000,BINANCE-001,MARGIN,USDT,9739.16761652,88.79317500,9650.37444152,False
46,1612857600006000000,BINANCE-001,MARGIN,USDT,9730.28221697,88.79317500,9641.48904197,True
47,1612857600006000000,BINANCE-001,MARGIN,USDT,9730.28221697,88.79317500,9641.48904197,False
48,1612886400007000000,BINANCE-001,MARGIN,USDT,9722.73075586,88.79317500,9633.93758086,True
49,1612886400007000000,BINANCE-001,MARGIN,USDT,9722.73075586,88.79317500,9633.93758086,False
50,1612915200009000000,BINANCE-001,MARGIN,USDT,9716.94825855,88.79317500,9628.15508355,True
51,1612915200009000000,BINANCE-001,MARGIN,USDT,9716.94825855,88.79317500,9628.15508355,False
52,1612944000014000000,BINANCE-001,MARGIN,USDT,9708.76360448,88.79317500,9619.97042948,True
53,1612944000014000000,BINANCE-001,MARGIN,USDT,9708.76360448,88.79317500,9619.97042948,False
54,1612972800005000000,BINANCE-001,MARGIN,USDT,9703.77725207,88.79317500,9614.98407707,True
55,1612972800005000000,BINANCE-001,MARGIN,USDT,9703.77725207,88.79317500,9614.98407707,False
56,1613001600000000000,BINANCE-001,MARGIN,USDT,9700.33426598,88.79317500,9611.54109098,True
57,1613001600000000000,BINANCE-001,MARGIN,USDT,9700.33426598,88.79317500,9611.54109098,False
58,1613030400000000000,BINANCE-001,MARGIN,USDT,9696.61603865,88.79317500,9607.82286365,True
59,1613030400000000000,BINANCE-001,MARGIN,USDT,9696.61603865,88.79317500,9607.82286365,False
60,1613059200000000000,BINANCE-001,MARGIN,USDT,9688.24508112,88.79317500,9599.45190612,True
61,1613059200000000000,BINANCE-001,MARGIN,USDT,9688.24508112,88.79317500,9599.45190612,False
62,1613088000000000000,BINANCE-001,MARGIN,USDT,9682.05488605,88.79317500,9593.26171105,True
63,1613088000000000000,BINANCE-001,MARGIN,USDT,9682.05488605,88.79317500,9593.26171105,False
64,1613116800000000000,BINANCE-001,MARGIN,USDT,9676.10099643,88.79317500,9587.30782143,True
65,1613116800000000000,BINANCE-001,MARGIN,USDT,9676.10099643,88.79317500,9587.30782143,False
66,1613145600000000000,BINANCE-001,MARGIN,USDT,9671.13418195,88.79317500,9582.34100695,True
67,1613145600000000000,BINANCE-001,MARGIN,USDT,9671.13418195,88.79317500,9582.34100695,False
68,1613174400001000000,BINANCE-001,MARGIN,USDT,9664.50095933,88.79317500,9575.70778433,True
69,1613174400001000000,BINANCE-001,MARGIN,USDT,9664.50095933,88.79317500,9575.70778433,False
70,1613203200003000000,BINANCE-001,MARGIN,USDT,9657.83911545,88.79317500,9569.04594045,True
71,1613203200003000000,BINANCE-001,MARGIN,USDT,9657.83911545,88.79317500,9569.04594045,False
72,1613232000000000000,BINANCE-001,MARGIN,USDT,9654.25975921,88.79317500,9565.46658421,True
73,1613232000000000000,BINANCE-001,MARGIN,USDT,9654.25975921,88.79317500,9565.46658421,False
74,1613260800013000000,BINANCE-001,MARGIN,USDT,9650.24365402,88.79317500,9561.45047902,True
75,1613260800013000000,BINANCE-001,MARGIN,USDT,9650.24365402,88.79317500,9561.45047902,False
76,1613289600000000000,BINANCE-001,MARGIN,USDT,9643.10604664,88.79317500,9554.31287164,True
77,1613289600000000000,BINANCE-001,MARGIN,USDT,9643.10604664,88.79317500,9554.31287164,False
78,1613318400008000000,BINANCE-001,MARGIN,USDT,9635.83420541,88.79317500,9547.04103041,True
79,1613318400008000000,BINANCE-001,MARGIN,USDT,9635.83420541,88.79317500,9547.04103041,False
80,1613347200000000000,BINANCE-001,MARGIN,USDT,9630.09769090,88.79317500,9541.30451590,True
81,1613347200000000000,BINANCE-001,MARGIN,USDT,9630.09769090,88.79317500,9541.30451590,False
82,1613376000006000000,BINANCE-001,MARGIN,USDT,9628.17695318,88.79317500,9539.38377818,True
83,1613376000006000000,BINANCE-001,MARGIN,USDT,9628.17695318,88.79317500,9539.38377818,False
84,1613404800000000000,BINANCE-001,MARGIN,USDT,9624.90690371,88.79317500,9536.11372871,True
85,1613404800000000000,BINANCE-001,MARGIN,USDT,9624.90690371,88.79317500,9536.11372871,False
86,1613433600001000000,BINANCE-001,MARGIN,USDT,9620.12805388,88.79317500,9531.33487888,True
87,1613433600001000000,BINANCE-001,MARGIN,USDT,9620.12805388,88.79317500,9531.33487888,False
88,1613462400000000000,BINANCE-001,MARGIN,USDT,9614.04731743,88.79317500,9525.25414243,True
89,1613462400000000000,BINANCE-001,MARGIN,USDT,9614.04731743,88.79317500,9525.25414243,False
90,1613491200010000000,BINANCE-001,MARGIN,USDT,9607.09340369,88.79317500,9518.30022869,True
91,1613491200010000000,BINANCE-001,MARGIN,USDT,9607.09340369,88.79317500,9518.30022869,False
92,1613520000005000000,BINANCE-001,MARGIN,USDT,9601.97109201,88.79317500,9513.17791701,True
93,1613520000005000000,BINANCE-001,MARGIN,USDT,9601.97109201,88.79317500,9513.17791701,False
94,1613548800010000000,BINANCE-001,MARGIN,USDT,9597.18921786,88.79317500,9508.39604286,True
95,1613548800010000000,BINANCE-001,MARGIN,USDT,9597.18921786,88.79317500,9508.39604286,False
96,1613577600008000000,BINANCE-001,MARGIN,USDT,9589.65397498,88.79317500,9500.86079998,True
97,1613577600008000000,BINANCE-001,MARGIN,USDT,9589.65397498,88.79317500,9500.86079998,False
98,1613606400012000000,BINANCE-001,MARGIN,USDT,9582.75129000,88.79317500,9493.95811500,True
99,1613606400012000000,BINANCE-001,MARGIN,USDT,9582.75129000,88.79317500,9493.95811500,False
100,1613635200000000000,BINANCE-001,MARGIN,USDT,9574.72530278,88.79317500,9485.93212778,True
101,1613635200000000000,BINANCE-001,MARGIN,USDT,9574.72530278,88.79317500,9485.93212778,False
102,1613664000009000000,BINANCE-001,MARGIN,USDT,9568.22456384,88.79317500,9479.43138884,True
103,1613664000009000000,BINANCE-001,MARGIN,USDT,9568.22456384,88.79317500,9479.43138884,False
104,1613692800010000000,BINANCE-001,MARGIN,USDT,9563.51487778,88.79317500,9474.72170278,True
105,1613692800010000000,BINANCE-001,MARGIN,USDT,9563.51487778,88.79317500,9474.72170278,False
106,1613721600002000000,BINANCE-001,MARGIN,USDT,9559.13404058,88.79317500,9470.34086558,True
107,1613721600002000000,BINANCE-001,MARGIN,USDT,9559.13404058,88.79317500,9470.34086558,False
108,1613750400008000000,BINANCE-001,MARGIN,USDT,9552.18747567,88.79317500,9463.39430067,True
109,1613750400008000000,BINANCE-001,MARGIN,USDT,9552.18747567,88.79317500,9463.39430067,False
110,1613779200000000000,BINANCE-001,MARGIN,USDT,9543.43632345,88.79317500,9454.64314845,True
111,1613779200000000000,BINANCE-001,MARGIN,USDT,9543.43632345,88.79317500,9454.64314845,False
112,1613808000009000000,BINANCE-001,MARGIN,USDT,9536.99561093,88.79317500,9448.20243593,True
113,1613808000009000000,BINANCE-001,MARGIN,USDT,9536.99561093,88.79317500,9448.20243593,False
114,1613836800000000000,BINANCE-001,MARGIN,USDT,9530.10945272,88.79317500,9441.31627772,True
115,1613836800000000000,BINANCE-001,MARGIN,USDT,9530.10945272,88.79317500,9441.31627772,False
116,1613865600007000000,BINANCE-001,MARGIN,USDT,9524.49582938,88.79317500,9435.70265438,True
117,1613865600007000000,BINANCE-001,MARGIN,USDT,9524.49582938,88.79317500,9435.70265438,False
118,1613894400012000000,BINANCE-001,MARGIN,USDT,9518.93633128,88.79317500,9430.14315628,True
119,1613894400012000000,BINANCE-001,MARGIN,USDT,9518.93633128,88.79317500,9430.14315628,False
120,1613923200001000000,BINANCE-001,MARGIN,USDT,9511.71553880,88.79317500,9422.92236380,True
121,1613923200001000000,BINANCE-001,MARGIN,USDT,9511.71553880,88.79317500,9422.92236380,False
122,1613952000006000000,BINANCE-001,MARGIN,USDT,9504.98873277,88.79317500,9416.19555777,True
123,1613952000006000000,BINANCE-001,MARGIN,USDT,9504.98873277,88.79317500,9416.19555777,False
124,1613980800002000000,BINANCE-001,MARGIN,USDT,9499.80295799,88.79317500,9411.00978299,True
125,1613980800002000000,BINANCE-001,MARGIN,USDT,9499.80295799,88.79317500,9411.00978299,False
126,1614009600000000000,BINANCE-001,MARGIN,USDT,9495.65350383,88.79317500,9406.86032883,True
127,1614009600000000000,BINANCE-001,MARGIN,USDT,9495.65350383,88.79317500,9406.86032883,False
128,1614038400000000000,BINANCE-001,MARGIN,USDT,9494.30350803,88.79317500,9405.51033303,True
129,1614038400000000000,BINANCE-001,MARGIN,USDT,9494.30350803,88.79317500,9405.51033303,False
130,1614067200006000000,BINANCE-001,MARGIN,USDT,9492.83128150,88.79317500,9404.03810650,True
131,1614067200006000000,BINANCE-001,MARGIN,USDT,9492.83128150,88.79317500,9404.03810650,False
132,1614096000000000000,BINANCE-001,MARGIN,USDT,9492.18560077,88.79317500,9403.39242577,True
133,1614096000000000000,BINANCE-001,MARGIN,USDT,9492.18560077,88.79317500,9403.39242577,False
134,1614124800012000000,BINANCE-001,MARGIN,USDT,9491.69626021,88.79317500,9402.90308521,True
135,1614124800012000000,BINANCE-001,MARGIN,USDT,9491.69626021,88.79317500,9402.90308521,False
136,1614153600016000000,BINANCE-001,MARGIN,USDT,9489.10013275,88.79317500,9400.30695775,True
137,1614153600016000000,BINANCE-001,MARGIN,USDT,9489.10013275,88.79317500,9400.30695775,False
138,1614182400011000000,BINANCE-001,MARGIN,USDT,9487.24120488,88.79317500,9398.44802988,True
139,1614182400011000000,BINANCE-001,MARGIN,USDT,9487.24120488,88.79317500,9398.44802988,False
140,1614211200007000000,BINANCE-001,MARGIN,USDT,9486.36112443,88.79317500,9397.56794943,True
141,1614211200007000000,BINANCE-001,MARGIN,USDT,9486.36112443,88.79317500,9397.56794943,False
142,1614240000000000000,BINANCE-001,MARGIN,USDT,9485.44117291,88.79317500,9396.64799791,True
143,1614240000000000000,BINANCE-001,MARGIN,USDT,9485.44117291,88.79317500,9396.64799791,False
144,1614268800010000000,BINANCE-001,MARGIN,USDT,9483.70903278,88.79317500,9394.91585778,True
145,1614268800010000000,BINANCE-001,MARGIN,USDT,9483.70903278,88.79317500,9394.91585778,False
146,1614297600000000000,BINANCE-001,MARGIN,USDT,9483.23805009,88.79317500,9394.44487509,True
147,1614297600000000000,BINANCE-001,MARGIN,USDT,9483.23805009,88.79317500,9394.44487509,False
148,1614297660000000000,BINANCE-001,MARGIN,USDT,10635.73811409,0.00000000,10635.73811409,False
149,1614297720000000000,BINANCE-001,MARGIN,USDT,10631.04313009,117.37460000,10513.66853009,False
150,1614326400025000000,BINANCE-001,MARGIN,USDT,10631.49241043,117.37460000,10514.11781043,True
151,1614326400025000000,BINANCE-001,MARGIN,USDT,10631.49241043,117.37460000,10514.11781043,False
152,1614355200010000000,BINANCE-001,MARGIN,USDT,10631.96854713,117.37460000,10514.59394713,True
153,1614355200010000000,BINANCE-001,MARGIN,USDT,10631.96854713,117.37460000,10514.59394713,False
154,1614384000001000000,BINANCE-001,MARGIN,USDT,10633.36572280,117.37460000,10515.99112280,True
155,1614384000001000000,BINANCE-001,MARGIN,USDT,10633.36572280,117.37460000,10515.99112280,False
156,1614412800000000000,BINANCE-001,MARGIN,USDT,10635.46928828,117.37460000,10518.09468828,True
157,1614412800000000000,BINANCE-001,MARGIN,USDT,10635.46928828,117.37460000,10518.09468828,False
158,1614441600000000000,BINANCE-001,MARGIN,USDT,10635.93669530,117.37460000,10518.56209530,True
159,1614441600000000000,BINANCE-001,MARGIN,USDT,10635.93669530,117.37460000,10518.56209530,False
160,1614470400021000000,BINANCE-001,MARGIN,USDT,10636.39787330,117.37460000,10519.02327330,True
161,1614470400021000000,BINANCE-001,MARGIN,USDT,10636.39787330,117.37460000,10519.02327330,False
162,1614499200009000000,BINANCE-001,MARGIN,USDT,10636.84229900,117.37460000,10519.46769900,True
163,1614499200009000000,BINANCE-001,MARGIN,USDT,10636.84229900,117.37460000,10519.46769900,False
164,1614528000000000000,BINANCE-001,MARGIN,USDT,10638.48014960,117.37460000,10521.10554960,True
165,1614528000000000000,BINANCE-001,MARGIN,USDT,10638.48014960,117.37460000,10521.10554960,False
166,1614556800000000000,BINANCE-001,MARGIN,USDT,10639.24482376,117.37460000,10521.87022376,True
167,1614556800000000000,BINANCE-001,MARGIN,USDT,10639.24482376,117.37460000,10521.87022376,False
168,1614585600003000000,BINANCE-001,MARGIN,USDT,10639.70779826,117.37460000,10522.33319826,True
169,1614585600003000000,BINANCE-001,MARGIN,USDT,10639.70779826,117.37460000,10522.33319826,False
170,1614614400001000000,BINANCE-001,MARGIN,USDT,10640.19955903,117.37460000,10522.82495903,True
171,1614614400001000000,BINANCE-001,MARGIN,USDT,10640.19955903,117.37460000,10522.82495903,False
172,1614643200000000000,BINANCE-001,MARGIN,USDT,10640.69536482,117.37460000,10523.32076482,True
173,1614643200000000000,BINANCE-001,MARGIN,USDT,10640.69536482,117.37460000,10523.32076482,False
174,1614672000000000000,BINANCE-001,MARGIN,USDT,10641.17899872,117.37460000,10523.80439872,True
175,1614672000000000000,BINANCE-001,MARGIN,USDT,10641.17899872,117.37460000,10523.80439872,False
176,1614700800004000000,BINANCE-001,MARGIN,USDT,10641.66583252,117.37460000,10524.29123252,True
177,1614700800004000000,BINANCE-001,MARGIN,USDT,10641.66583252,117.37460000,10524.29123252,False
178,1614729600000000000,BINANCE-001,MARGIN,USDT,10642.15026919,117.37460000,10524.77566919,True
179,1614729600000000000,BINANCE-001,MARGIN,USDT,10642.15026919,117.37460000,10524.77566919,False
180,1614758400016000000,BINANCE-001,MARGIN,USDT,10642.64772654,117.37460000,10525.27312654,True
181,1614758400016000000,BINANCE-001,MARGIN,USDT,10642.64772654,117.37460000,10525.27312654,False
182,1614787200000000000,BINANCE-001,MARGIN,USDT,10644.93653089,117.37460000,10527.56193089,True
183,1614787200000000000,BINANCE-001,MARGIN,USDT,10644.93653089,117.37460000,10527.56193089,False
184,1614816000000000000,BINANCE-001,MARGIN,USDT,10645.44023739,117.37460000,10528.06563739,True
185,1614816000000000000,BINANCE-001,MARGIN,USDT,10645.44023739,117.37460000,10528.06563739,False
186,1614816060000000000,BINANCE-001,MARGIN,USDT,10298.01086139,0.00000000,10298.01086139,False
187,1614816120000000000,BINANCE-001,MARGIN,USDT,10292.99771739,125.32860000,10167.66911739,False
188,1614844800015000000,BINANCE-001,MARGIN,USDT,10292.50071913,125.32860000,10167.17211913,True
189,1614844800015000000,BINANCE-001,MARGIN,USDT,10292.50071913,125.32860000,10167.17211913,False
190,1614873600001000000,BINANCE-001,MARGIN,USDT,10292.00630643,125.32860000,10166.67770643,True
191,1614873600001000000,BINANCE-001,MARGIN,USDT,10292.00630643,125.32860000,10166.67770643,False
192,1614902400000000000,BINANCE-001,MARGIN,USDT,10291.52259115,125.32860000,10166.19399115,True
193,1614902400000000000,BINANCE-001,MARGIN,USDT,10291.52259115,125.32860000,10166.19399115,False
194,1614902460000000000,BINANCE-001,MARGIN,USDT,10112.11601515,0.00000000,10112.11601515,False
195,1614902520000000000,BINANCE-001,MARGIN,USDT,10107.27901615,120.92497500,9986.35404115,False
196,1614931200002000000,BINANCE-001,MARGIN,USDT,10107.75333854,120.92497500,9986.82836354,True
197,1614931200002000000,BINANCE-001,MARGIN,USDT,10107.75333854,120.92497500,9986.82836354,False
198,1614960000008000000,BINANCE-001,MARGIN,USDT,10108.23237924,120.92497500,9987.30740424,True
199,1614960000008000000,BINANCE-001,MARGIN,USDT,10108.23237924,120.92497500,9987.30740424,False
200,1614988800000000000,BINANCE-001,MARGIN,USDT,10108.72012884,120.92497500,9987.79515384,True
201,1614988800000000000,BINANCE-001,MARGIN,USDT,10108.72012884,120.92497500,9987.79515384,False
202,1615017600000000000,BINANCE-001,MARGIN,USDT,10109.20854374,120.92497500,9988.28356874,True
203,1615017600000000000,BINANCE-001,MARGIN,USDT,10109.20854374,120.92497500,9988.28356874,False
204,1615046400000000000,BINANCE-001,MARGIN,USDT,10109.68121569,120.92497500,9988.75624069,True
205,1615046400000000000,BINANCE-001,MARGIN,USDT,10109.68121569,120.92497500,9988.75624069,False
206,1615075200006000000,BINANCE-001,MARGIN,USDT,10110.16995119,120.92497500,9989.24497619,True
207,1615075200006000000,BINANCE-001,MARGIN,USDT,10110.16995119,120.92497500,9989.24497619,False
208,1615104000005000000,BINANCE-001,MARGIN,USDT,10110.67071651,120.92497500,9989.74574151,True
209,1615104000005000000,BINANCE-001,MARGIN,USDT,10110.67071651,120.92497500,9989.74574151,False
210,1615132800008000000,BINANCE-001,MARGIN,USDT,10111.56135898,120.92497500,9990.63638398,True
211,1615132800008000000,BINANCE-001,MARGIN,USDT,10111.56135898,120.92497500,9990.63638398,False
212,1615161600000000000,BINANCE-001,MARGIN,USDT,10112.07107938,120.92497500,9991.14610438,True
213,1615161600000000000,BINANCE-001,MARGIN,USDT,10112.07107938,120.92497500,9991.14610438,False
214,1615161660000000000,BINANCE-001,MARGIN,USDT,9844.44255138,0.00000000,9844.44255138,False
215,1615161720000000000,BINANCE-001,MARGIN,USDT,9839.35365538,127.22240000,9712.13125538,False
216,1615190400000000000,BINANCE-001,MARGIN,USDT,9838.85571081,127.22240000,9711.63331081,True
217,1615190400000000000,BINANCE-001,MARGIN,USDT,9838.85571081,127.22240000,9711.63331081,False
218,1615219200006000000,BINANCE-001,MARGIN,USDT,9837.59169351,127.22240000,9710.36929351,True
219,1615219200006000000,BINANCE-001,MARGIN,USDT,9837.59169351,127.22240000,9710.36929351,False
220,1615248000000000000,BINANCE-001,MARGIN,USDT,9833.79577703,127.22240000,9706.57337703,True
221,1615248000000000000,BINANCE-001,MARGIN,USDT,9833.79577703,127.22240000,9706.57337703,False
222,1615276800000000000,BINANCE-001,MARGIN,USDT,9831.54678656,127.22240000,9704.32438656,True
223,1615276800000000000,BINANCE-001,MARGIN,USDT,9831.54678656,127.22240000,9704.32438656,False
224,1615305600000000000,BINANCE-001,MARGIN,USDT,9828.45903094,127.22240000,9701.23663094,True
225,1615305600000000000,BINANCE-001,MARGIN,USDT,9828.45903094,127.22240000,9701.23663094,False
226,1615334400009000000,BINANCE-001,MARGIN,USDT,9827.12202511,127.22240000,9699.89962511,True
227,1615334400009000000,BINANCE-001,MARGIN,USDT,9827.12202511,127.22240000,9699.89962511,False
228,1615363200006000000,BINANCE-001,MARGIN,USDT,9824.48859276,127.22240000,9697.26619276,True
229,1615363200006000000,BINANCE-001,MARGIN,USDT,9824.48859276,127.22240000,9697.26619276,False
230,1615392000008000000,BINANCE-001,MARGIN,USDT,9821.27916990,127.22240000,9694.05676990,True
231,1615392000008000000,BINANCE-001,MARGIN,USDT,9821.27916990,127.22240000,9694.05676990,False
232,1615420800000000000,BINANCE-001,MARGIN,USDT,9815.91404138,127.22240000,9688.69164138,True
233,1615420800000000000,BINANCE-001,MARGIN,USDT,9815.91404138,127.22240000,9688.69164138,False
234,1615449600000000000,BINANCE-001,MARGIN,USDT,9810.44160996,127.22240000,9683.21920996,True
235,1615449600000000000,BINANCE-001,MARGIN,USDT,9810.44160996,127.22240000,9683.21920996,False
236,1615478400014000000,BINANCE-001,MARGIN,USDT,9805.62155394,127.22240000,9678.39915394,True
237,1615478400014000000,BINANCE-001,MARGIN,USDT,9805.62155394,127.22240000,9678.39915394,False
238,1615507200002000000,BINANCE-001,MARGIN,USDT,9799.71971924,127.22240000,9672.49731924,True
239,1615507200002000000,BINANCE-001,MARGIN,USDT,9799.71971924,127.22240000,9672.49731924,False
240,1615536000005000000,BINANCE-001,MARGIN,USDT,9795.90918152,127.22240000,9668.68678152,True
241,1615536000005000000,BINANCE-001,MARGIN,USDT,9795.90918152,127.22240000,9668.68678152,False
242,1615564800011000000,BINANCE-001,MARGIN,USDT,9792.98995225,127.22240000,9665.76755225,True
243,1615564800011000000,BINANCE-001,MARGIN,USDT,9792.98995225,127.22240000,9665.76755225,False
244,1615593600000000000,BINANCE-001,MARGIN,USDT,9790.24824429,127.22240000,9663.02584429,True
245,1615593600000000000,BINANCE-001,MARGIN,USDT,9790.24824429,127.22240000,9663.02584429,False
246,1615622400002000000,BINANCE-001,MARGIN,USDT,9786.77245437,127.22240000,9659.55005437,True
247,1615622400002000000,BINANCE-001,MARGIN,USDT,9786.77245437,127.22240000,9659.55005437,False
248,1615651200000000000,BINANCE-001,MARGIN,USDT,9783.36134178,127.22240000,9656.13894178,True
249,1615651200000000000,BINANCE-001,MARGIN,USDT,9783.36134178,127.22240000,9656.13894178,False
250,1615680000011000000,BINANCE-001,MARGIN,USDT,9778.34970491,127.22240000,9651.12730491,True
251,1615680000011000000,BINANCE-001,MARGIN,USDT,9778.34970491,127.22240000,9651.12730491,False
252,1615708800000000000,BINANCE-001,MARGIN,USDT,9773.22401540,127.22240000,9646.00161540,True
253,1615708800000000000,BINANCE-001,MARGIN,USDT,9773.22401540,127.22240000,9646.00161540,False
254,1615737600000000000,BINANCE-001,MARGIN,USDT,9766.34685565,127.22240000,9639.12445565,True
255,1615737600000000000,BINANCE-001,MARGIN,USDT,9766.34685565,127.22240000,9639.12445565,False
256,1615766400012000000,BINANCE-001,MARGIN,USDT,9761.50363611,127.22240000,9634.28123611,True
257,1615766400012000000,BINANCE-001,MARGIN,USDT,9761.50363611,127.22240000,9634.28123611,False
258,1615795200016000000,BINANCE-001,MARGIN,USDT,9755.41887994,127.22240000,9628.19647994,True
259,1615795200016000000,BINANCE-001,MARGIN,USDT,9755.41887994,127.22240000,9628.19647994,False
260,1615824000030000000,BINANCE-001,MARGIN,USDT,9754.53148104,127.22240000,9627.30908104,True
261,1615824000030000000,BINANCE-001,MARGIN,USDT,9754.53148104,127.22240000,9627.30908104,False
262,1615852800005000000,BINANCE-001,MARGIN,USDT,9753.27489766,127.22240000,9626.05249766,True
263,1615852800005000000,BINANCE-001,MARGIN,USDT,9753.27489766,127.22240000,9626.05249766,False
264,1615881600008000000,BINANCE-001,MARGIN,USDT,9751.29400127,127.22240000,9624.07160127,True
265,1615881600008000000,BINANCE-001,MARGIN,USDT,9751.29400127,127.22240000,9624.07160127,False
266,1615910400012000000,BINANCE-001,MARGIN,USDT,9749.02098514,127.22240000,9621.79858514,True
267,1615910400012000000,BINANCE-001,MARGIN,USDT,9749.02098514,127.22240000,9621.79858514,False
268,1615939200010000000,BINANCE-001,MARGIN,USDT,9747.00682656,127.22240000,9619.78442656,True
269,1615939200010000000,BINANCE-001,MARGIN,USDT,9747.00682656,127.22240000,9619.78442656,False
270,1615968000000000000,BINANCE-001,MARGIN,USDT,9745.93251164,127.22240000,9618.71011164,True
271,1615968000000000000,BINANCE-001,MARGIN,USDT,9745.93251164,127.22240000,9618.71011164,False
272,1615996800009000000,BINANCE-001,MARGIN,USDT,9744.58206599,127.22240000,9617.35966599,True
273,1615996800009000000,BINANCE-001,MARGIN,USDT,9744.58206599,127.22240000,9617.35966599,False
274,1616025600001000000,BINANCE-001,MARGIN,USDT,9742.79824961,127.22240000,9615.57584961,True
275,1616025600001000000,BINANCE-001,MARGIN,USDT,9742.79824961,127.22240000,9615.57584961,False
276,1616054400000000000,BINANCE-001,MARGIN,USDT,9741.08955298,127.22240000,9613.86715298,True
277,1616054400000000000,BINANCE-001,MARGIN,USDT,9741.08955298,127.22240000,9613.86715298,False
278,1616083200000000000,BINANCE-001,MARGIN,USDT,9739.15082849,127.22240000,9611.92842849,True
279,1616083200000000000,BINANCE-001,MARGIN,USDT,9739.15082849,127.22240000,9611.92842849,False
280,1616112000011000000,BINANCE-001,MARGIN,USDT,9737.30408229,127.22240000,9610.08168229,True
281,1616112000011000000,BINANCE-001,MARGIN,USDT,9737.30408229,127.22240000,9610.08168229,False
282,1616140800001000000,BINANCE-001,MARGIN,USDT,9736.55835113,127.22240000,9609.33595113,True
283,1616140800001000000,BINANCE-001,MARGIN,USDT,9736.55835113,127.22240000,9609.33595113,False
284,1616169600000000000,BINANCE-001,MARGIN,USDT,9734.59536988,127.22240000,9607.37296988,True
285,1616169600000000000,BINANCE-001,MARGIN,USDT,9734.59536988,127.22240000,9607.37296988,False
286,1616198400000000000,BINANCE-001,MARGIN,USDT,9731.73207523,127.22240000,9604.50967523,True
287,1616198400000000000,BINANCE-001,MARGIN,USDT,9731.73207523,127.22240000,9604.50967523,False
288,1616227200000000000,BINANCE-001,MARGIN,USDT,9729.13287166,127.22240000,9601.91047166,True
289,1616227200000000000,BINANCE-001,MARGIN,USDT,9729.13287166,127.22240000,9601.91047166,False
290,1616256000007000000,BINANCE-001,MARGIN,USDT,9726.23202877,127.22240000,9599.00962877,True
291,1616256000007000000,BINANCE-001,MARGIN,USDT,9726.23202877,127.22240000,9599.00962877,False
292,1616284800000000000,BINANCE-001,MARGIN,USDT,9724.40785566,127.22240000,9597.18545566,True
293,1616284800000000000,BINANCE-001,MARGIN,USDT,9724.40785566,127.22240000,9597.18545566,False
294,1616313600000000000,BINANCE-001,MARGIN,USDT,9721.99184842,127.22240000,9594.76944842,True
295,1616313600000000000,BINANCE-001,MARGIN,USDT,9721.99184842,127.22240000,9594.76944842,False
296,1616342400000000000,BINANCE-001,MARGIN,USDT,9721.41983932,127.22240000,9594.19743932,True
297,1616342400000000000,BINANCE-001,MARGIN,USDT,9721.41983932,127.22240000,9594.19743932,False
298,1616371200007000000,BINANCE-001,MARGIN,USDT,9718.43925883,127.22240000,9591.21685883,True
299,1616371200007000000,BINANCE-001,MARGIN,USDT,9718.43925883,127.22240000,9591.21685883,False
300,1616400000001000000,BINANCE-001,MARGIN,USDT,9715.81327348,127.22240000,9588.59087348,True
301,1616400000001000000,BINANCE-001,MARGIN,USDT,9715.81327348,127.22240000,9588.59087348,False
302,1616428800000000000,BINANCE-001,MARGIN,USDT,9713.01645841,127.22240000,9585.79405841,True
303,1616428800000000000,BINANCE-001,MARGIN,USDT,9713.01645841,127.22240000,9585.79405841,False
304,1616457600000000000,BINANCE-001,MARGIN,USDT,9711.70648185,127.22240000,9584.48408185,True
305,1616457600000000000,BINANCE-001,MARGIN,USDT,9711.70648185,127.22240000,9584.48408185,False
306,1616457660000000000,BINANCE-001,MARGIN,USDT,10030.35252685,0.00000000,10030.35252685,False
307,1616457720000000000,BINANCE-001,MARGIN,USDT,10024.92662585,135.64752500,9889.27910085,False
308,1616486400010000000,BINANCE-001,MARGIN,USDT,10026.36936021,135.64752500,9890.72183521,True
309,1616486400010000000,BINANCE-001,MARGIN,USDT,10026.36936021,135.64752500,9890.72183521,False
310,1616515200023000000,BINANCE-001,MARGIN,USDT,10028.70200237,135.64752500,9893.05447737,True
311,1616515200023000000,BINANCE-001,MARGIN,USDT,10028.70200237,135.64752500,9893.05447737,False
312,1616544000002000000,BINANCE-001,MARGIN,USDT,10031.60968508,135.64752500,9895.96216008,True
313,1616544000002000000,BINANCE-001,MARGIN,USDT,10031.60968508,135.64752500,9895.96216008,False
314,1616572800000000000,BINANCE-001,MARGIN,USDT,10032.52898261,135.64752500,9896.88145761,True
315,1616572800000000000,BINANCE-001,MARGIN,USDT,10032.52898261,135.64752500,9896.88145761,False
316,1616601600000000000,BINANCE-001,MARGIN,USDT,10034.01786099,135.64752500,9898.37033599,True
317,1616601600000000000,BINANCE-001,MARGIN,USDT,10034.01786099,135.64752500,9898.37033599,False
318,1616630400000000000,BINANCE-001,MARGIN,USDT,10034.63656670,135.64752500,9898.98904170,True
319,1616630400000000000,BINANCE-001,MARGIN,USDT,10034.63656670,135.64752500,9898.98904170,False
320,1616659200000000000,BINANCE-001,MARGIN,USDT,10035.15936130,135.64752500,9899.51183630,True
321,1616659200000000000,BINANCE-001,MARGIN,USDT,10035.15936130,135.64752500,9899.51183630,False
322,1616688000000000000,BINANCE-001,MARGIN,USDT,10035.66941300,135.64752500,9900.02188800,True
323,1616688000000000000,BINANCE-001,MARGIN,USDT,10035.66941300,135.64752500,9900.02188800,False
324,1616716800008000000,BINANCE-001,MARGIN,USDT,10036.49074932,135.64752500,9900.84322432,True
325,1616716800008000000,BINANCE-001,MARGIN,USDT,10036.49074932,135.64752500,9900.84322432,False
326,1616745600000000000,BINANCE-001,MARGIN,USDT,10037.02642793,135.64752500,9901.37890293,True
327,1616745600000000000,BINANCE-001,MARGIN,USDT,10037.02642793,135.64752500,9901.37890293,False
328,1616774400012000000,BINANCE-001,MARGIN,USDT,10037.55946712,135.64752500,9901.91194212,True
329,1616774400012000000,BINANCE-001,MARGIN,USDT,10037.55946712,135.64752500,9901.91194212,False
330,1616803200018000000,BINANCE-001,MARGIN,USDT,10038.10976722,135.64752500,9902.46224222,True
331,1616803200018000000,BINANCE-001,MARGIN,USDT,10038.10976722,135.64752500,9902.46224222,False
332,1616832000000000000,BINANCE-001,MARGIN,USDT,10038.65946539,135.64752500,9903.01194039,True
333,1616832000000000000,BINANCE-001,MARGIN,USDT,10038.65946539,135.64752500,9903.01194039,False
334,1616860800001000000,BINANCE-001,MARGIN,USDT,10039.20927579,135.64752500,9903.56175079,True
335,1616860800001000000,BINANCE-001,MARGIN,USDT,10039.20927579,135.64752500,9903.56175079,False
336,1616889600000000000,BINANCE-001,MARGIN,USDT,10039.76786231,135.64752500,9904.12033731,True
337,1616889600000000000,BINANCE-001,MARGIN,USDT,10039.76786231,135.64752500,9904.12033731,False
338,1616918400000000000,BINANCE-001,MARGIN,USDT,10040.32993221,135.64752500,9904.68240721,True
339,1616918400000000000,BINANCE-001,MARGIN,USDT,10040.32993221,135.64752500,9904.68240721,False
340,1616947200005000000,BINANCE-001,MARGIN,USDT,10040.89359981,135.64752500,9905.24607481,True
341,1616947200005000000,BINANCE-001,MARGIN,USDT,10040.89359981,135.64752500,9905.24607481,False
342,1616976000003000000,BINANCE-001,MARGIN,USDT,10041.45153434,135.64752500,9905.80400934,True
343,1616976000003000000,BINANCE-001,MARGIN,USDT,10041.45153434,135.64752500,9905.80400934,False
344,1617004800000000000,BINANCE-001,MARGIN,USDT,10042.01084284,135.64752500,9906.36331784,True
345,1617004800000000000,BINANCE-001,MARGIN,USDT,10042.01084284,135.64752500,9906.36331784,False
346,1617033600000000000,BINANCE-001,MARGIN,USDT,10043.06025445,135.64752500,9907.41272945,True
347,1617033600000000000,BINANCE-001,MARGIN,USDT,10043.06025445,135.64752500,9907.41272945,False
348,1617062400018000000,BINANCE-001,MARGIN,USDT,10044.90728455,135.64752500,9909.25975955,True
349,1617062400018000000,BINANCE-001,MARGIN,USDT,10044.90728455,135.64752500,9909.25975955,False
350,1617062460000000000,BINANCE-001,MARGIN,USDT,9697.27551955,0.00000000,9697.27551955,False
351,1617062520000000000,BINANCE-001,MARGIN,USDT,9691.50603355,144.23715000,9547.26888355,False
352,1617091200012000000,BINANCE-001,MARGIN,USDT,9689.92055864,144.23715000,9545.68340864,True
353,1617091200012000000,BINANCE-001,MARGIN,USDT,9689.92055864,144.23715000,9545.68340864,False
354,1617120000001000000,BINANCE-001,MARGIN,USDT,9685.02601559,144.23715000,9540.78886559,True
355,1617120000001000000,BINANCE-001,MARGIN,USDT,9685.02601559,144.23715000,9540.78886559,False
356,1617148800000000000,BINANCE-001,MARGIN,USDT,9680.27785401,144.23715000,9536.04070401,True
357,1617148800000000000,BINANCE-001,MARGIN,USDT,9680.27785401,144.23715000,9536.04070401,False
358,1617177600000000000,BINANCE-001,MARGIN,USDT,9676.15525176,144.23715000,9531.91810176,True
359,1617177600000000000,BINANCE-001,MARGIN,USDT,9676.15525176,144.23715000,9531.91810176,False
360,1617206400000000000,BINANCE-001,MARGIN,USDT,9672.68967298,144.23715000,9528.45252298,True
361,1617206400000000000,BINANCE-001,MARGIN,USDT,9672.68967298,144.23715000,9528.45252298,False
362,1617235200025000000,BINANCE-001,MARGIN,USDT,9666.26275494,144.23715000,9522.02560494,True
363,1617235200025000000,BINANCE-001,MARGIN,USDT,9666.26275494,144.23715000,9522.02560494,False
364,1617264000011000000,BINANCE-001,MARGIN,USDT,9660.65498781,144.23715000,9516.41783781,True
365,1617264000011000000,BINANCE-001,MARGIN,USDT,9660.65498781,144.23715000,9516.41783781,False
366,1617292800004000000,BINANCE-001,MARGIN,USDT,9657.58937434,144.23715000,9513.35222434,True
367,1617292800004000000,BINANCE-001,MARGIN,USDT,9657.58937434,144.23715000,9513.35222434,False
368,1617321600000000000,BINANCE-001,MARGIN,USDT,9653.41138777,144.23715000,9509.17423777,True
369,1617321600000000000,BINANCE-001,MARGIN,USDT,9653.41138777,144.23715000,9509.17423777,False
370,1617350400000000000,BINANCE-001,MARGIN,USDT,9647.08519217,144.23715000,9502.84804217,True
371,1617350400000000000,BINANCE-001,MARGIN,USDT,9647.08519217,144.23715000,9502.84804217,False
372,1617379200000000000,BINANCE-001,MARGIN,USDT,9641.01492011,144.23715000,9496.77777011,True
373,1617379200000000000,BINANCE-001,MARGIN,USDT,9641.01492011,144.23715000,9496.77777011,False
374,1617408000003000000,BINANCE-001,MARGIN,USDT,9637.27998250,144.23715000,9493.04283250,True
375,1617408000003000000,BINANCE-001,MARGIN,USDT,9637.27998250,144.23715000,9493.04283250,False
376,1617436800000000000,BINANCE-001,MARGIN,USDT,9630.87790222,144.23715000,9486.64075222,True
377,1617436800000000000,BINANCE-001,MARGIN,USDT,9630.87790222,144.23715000,9486.64075222,False
378,1617465600000000000,BINANCE-001,MARGIN,USDT,9624.91387697,144.23715000,9480.67672697,True
379,1617465600000000000,BINANCE-001,MARGIN,USDT,9624.91387697,144.23715000,9480.67672697,False
380,1617494400000000000,BINANCE-001,MARGIN,USDT,9621.93777825,144.23715000,9477.70062825,True
381,1617494400000000000,BINANCE-001,MARGIN,USDT,9621.93777825,144.23715000,9477.70062825,False
382,1617523200000000000,BINANCE-001,MARGIN,USDT,9619.14177592,144.23715000,9474.90462592,True
383,1617523200000000000,BINANCE-001,MARGIN,USDT,9619.14177592,144.23715000,9474.90462592,False
384,1617552000016000000,BINANCE-001,MARGIN,USDT,9617.60517570,144.23715000,9473.36802570,True
385,1617552000016000000,BINANCE-001,MARGIN,USDT,9617.60517570,144.23715000,9473.36802570,False
386,1617580800000000000,BINANCE-001,MARGIN,USDT,9615.30735905,144.23715000,9471.07020905,True
387,1617580800000000000,BINANCE-001,MARGIN,USDT,9615.30735905,144.23715000,9471.07020905,False
388,1617609600001000000,BINANCE-001,MARGIN,USDT,9612.83160319,144.23715000,9468.59445319,True
389,1617609600001000000,BINANCE-001,MARGIN,USDT,9612.83160319,144.23715000,9468.59445319,False
390,1617638400001000000,BINANCE-001,MARGIN,USDT,9610.62040725,144.23715000,9466.38325725,True
391,1617638400001000000,BINANCE-001,MARGIN,USDT,9610.62040725,144.23715000,9466.38325725,False
392,1617667200010000000,BINANCE-001,MARGIN,USDT,9604.86491029,144.23715000,9460.62776029,True
393,1617667200010000000,BINANCE-001,MARGIN,USDT,9604.86491029,144.23715000,9460.62776029,False
394,1617696000000000000,BINANCE-001,MARGIN,USDT,9601.47693986,144.23715000,9457.23978986,True
395,1617696000000000000,BINANCE-001,MARGIN,USDT,9601.47693986,144.23715000,9457.23978986,False
396,1617724800003000000,BINANCE-001,MARGIN,USDT,9596.63096923,144.23715000,9452.39381923,True
397,1617724800003000000,BINANCE-001,MARGIN,USDT,9596.63096923,144.23715000,9452.39381923,False
398,1617753600000000000,BINANCE-001,MARGIN,USDT,9593.28640805,144.23715000,9449.04925805,True
399,1617753600000000000,BINANCE-001,MARGIN,USDT,9593.28640805,144.23715000,9449.04925805,False
400,1617782400006000000,BINANCE-001,MARGIN,USDT,9590.17478975,144.23715000,9445.93763975,True
401,1617782400006000000,BINANCE-001,MARGIN,USDT,9590.17478975,144.23715000,9445.93763975,False
402,1617811200004000000,BINANCE-001,MARGIN,USDT,9587.14175866,144.23715000,9442.90460866,True
403,1617811200004000000,BINANCE-001,MARGIN,USDT,9587.14175866,144.23715000,9442.90460866,False
404,1617840000013000000,BINANCE-001,MARGIN,USDT,9584.85740187,144.23715000,9440.62025187,True
405,1617840000013000000,BINANCE-001,MARGIN,USDT,9584.85740187,144.23715000,9440.62025187,False
406,1617840060000000000,BINANCE-001,MARGIN,USDT,9411.58658487,0.00000000,9411.58658487,False
407,1617840120000000000,BINANCE-001,MARGIN,USDT,9405.98514487,140.03600000,9265.94914487,False
408,1617868800003000000,BINANCE-001,MARGIN,USDT,9407.40868977,140.03600000,9267.37268977,True
409,1617868800003000000,BINANCE-001,MARGIN,USDT,9407.40868977,140.03600000,9267.37268977,False
410,1617897600005000000,BINANCE-001,MARGIN,USDT,9408.92414706,140.03600000,9268.88814706,True
411,1617897600005000000,BINANCE-001,MARGIN,USDT,9408.92414706,140.03600000,9268.88814706,False
412,1617926400000000000,BINANCE-001,MARGIN,USDT,9410.06407540,140.03600000,9270.02807540,True
413,1617926400000000000,BINANCE-001,MARGIN,USDT,9410.06407540,140.03600000,9270.02807540,False
414,1617926460000000000,BINANCE-001,MARGIN,USDT,9193.46484840,0.00000000,9193.46484840,False
415,1617926520000000000,BINANCE-001,MARGIN,USDT,9187.64784740,145.42502500,9042.22282240,False
416,1617955200004000000,BINANCE-001,MARGIN,USDT,9186.11965602,145.42502500,9040.69463102,True
417,1617955200004000000,BINANCE-001,MARGIN,USDT,9186.11965602,145.42502500,9040.69463102,False
418,1617984000004000000,BINANCE-001,MARGIN,USDT,9184.84991509,145.42502500,9039.42489009,True
419,1617984000004000000,BINANCE-001,MARGIN,USDT,9184.84991509,145.42502500,9039.42489009,False
420,1618012800011000000,BINANCE-001,MARGIN,USDT,9184.09619825,145.42502500,9038.67117325,True
421,1618012800011000000,BINANCE-001,MARGIN,USDT,9184.09619825,145.42502500,9038.67117325,False
422,1618041600005000000,BINANCE-001,MARGIN,USDT,9175.09249120,145.42502500,9029.66746620,True
423,1618041600005000000,BINANCE-001,MARGIN,USDT,9175.09249120,145.42502500,9029.66746620,False
424,1618070400000000000,BINANCE-001,MARGIN,USDT,9167.87274217,145.42502500,9022.44771717,True
425,1618070400000000000,BINANCE-001,MARGIN,USDT,9167.87274217,145.42502500,9022.44771717,False
426,1618099200004000000,BINANCE-001,MARGIN,USDT,9162.68308430,145.42502500,9017.25805930,True
427,1618099200004000000,BINANCE-001,MARGIN,USDT,9162.68308430,145.42502500,9017.25805930,False
428,1618128000000000000,BINANCE-001,MARGIN,USDT,9156.74517560,145.42502500,9011.32015060,True
429,1618128000000000000,BINANCE-001,MARGIN,USDT,9156.74517560,145.42502500,9011.32015060,False
430,1618156800000000000,BINANCE-001,MARGIN,USDT,9150.41424479,145.42502500,9004.98921979,True
431,1618156800000000000,BINANCE-001,MARGIN,USDT,9150.41424479,145.42502500,9004.98921979,False
432,1618185600001000000,BINANCE-001,MARGIN,USDT,9144.77878922,145.42502500,8999.35376422,True
433,1618185600001000000,BINANCE-001,MARGIN,USDT,9144.77878922,145.42502500,8999.35376422,False
434,1618214400001000000,BINANCE-001,MARGIN,USDT,9138.30956387,145.42502500,8992.88453887,True
435,1618214400001000000,BINANCE-001,MARGIN,USDT,9138.30956387,145.42502500,8992.88453887,False
436,1618243200008000000,BINANCE-001,MARGIN,USDT,9132.64187984,145.42502500,8987.21685484,True
437,1618243200008000000,BINANCE-001,MARGIN,USDT,9132.64187984,145.42502500,8987.21685484,False
438,1618272000003000000,BINANCE-001,MARGIN,USDT,9127.60479760,145.42502500,8982.17977260,True
439,1618272000003000000,BINANCE-001,MARGIN,USDT,9127.60479760,145.42502500,8982.17977260,False
440,1618300800008000000,BINANCE-001,MARGIN,USDT,9122.10821315,145.42502500,8976.68318815,True
441,1618300800008000000,BINANCE-001,MARGIN,USDT,9122.10821315,145.42502500,8976.68318815,False
442,1618329600008000000,BINANCE-001,MARGIN,USDT,9114.32806467,145.42502500,8968.90303967,True
443,1618329600008000000,BINANCE-001,MARGIN,USDT,9114.32806467,145.42502500,8968.90303967,False
444,1618358400008000000,BINANCE-001,MARGIN,USDT,9108.56747400,145.42502500,8963.14244900,True
445,1618358400008000000,BINANCE-001,MARGIN,USDT,9108.56747400,145.42502500,8963.14244900,False
446,1618387200000000000,BINANCE-001,MARGIN,USDT,9101.57895407,145.42502500,8956.15392907,True
447,1618387200000000000,BINANCE-001,MARGIN,USDT,9101.57895407,145.42502500,8956.15392907,False
448,1618416000012000000,BINANCE-001,MARGIN,USDT,9094.96285929,145.42502500,8949.53783429,True
449,1618416000012000000,BINANCE-001,MARGIN,USDT,9094.96285929,145.42502500,8949.53783429,False
450,1618444800006000000,BINANCE-001,MARGIN,USDT,9090.15162454,145.42502500,8944.72659954,True
451,1618444800006000000,BINANCE-001,MARGIN,USDT,9090.15162454,145.42502500,8944.72659954,False
452,1618473600000000000,BINANCE-001,MARGIN,USDT,9084.98677835,145.42502500,8939.56175335,True
453,1618473600000000000,BINANCE-001,MARGIN,USDT,9084.98677835,145.42502500,8939.56175335,False
454,1618502400008000000,BINANCE-001,MARGIN,USDT,9078.05978481,145.42502500,8932.63475981,True
455,1618502400008000000,BINANCE-001,MARGIN,USDT,9078.05978481,145.42502500,8932.63475981,False
456,1618531200008000000,BINANCE-001,MARGIN,USDT,9071.12742889,145.42502500,8925.70240389,True
457,1618531200008000000,BINANCE-001,MARGIN,USDT,9071.12742889,145.42502500,8925.70240389,False
458,1618560000000000000,BINANCE-001,MARGIN,USDT,9063.74689634,145.42502500,8918.32187134,True
459,1618560000000000000,BINANCE-001,MARGIN,USDT,9063.74689634,145.42502500,8918.32187134,False
460,1618588800002000000,BINANCE-001,MARGIN,USDT,9056.62942419,145.42502500,8911.20439919,True
461,1618588800002000000,BINANCE-001,MARGIN,USDT,9056.62942419,145.42502500,8911.20439919,False
462,1618617600008000000,BINANCE-001,MARGIN,USDT,9053.25681051,145.42502500,8907.83178551,True
463,1618617600008000000,BINANCE-001,MARGIN,USDT,9053.25681051,145.42502500,8907.83178551,False
464,1618646400000000000,BINANCE-001,MARGIN,USDT,9049.90043694,145.42502500,8904.47541194,True
465,1618646400000000000,BINANCE-001,MARGIN,USDT,9049.90043694,145.42502500,8904.47541194,False
466,1618675200001000000,BINANCE-001,MARGIN,USDT,9044.61546499,145.42502500,8899.19043999,True
467,1618675200001000000,BINANCE-001,MARGIN,USDT,9044.61546499,145.42502500,8899.19043999,False
468,1618704000006000000,BINANCE-001,MARGIN,USDT,9039.71159547,145.42502500,8894.28657047,True
469,1618704000006000000,BINANCE-001,MARGIN,USDT,9039.71159547,145.42502500,8894.28657047,False
470,1618732800004000000,BINANCE-001,MARGIN,USDT,9036.42745646,145.42502500,8891.00243146,True
471,1618732800004000000,BINANCE-001,MARGIN,USDT,9036.42745646,145.42502500,8891.00243146,False
472,1618761600000000000,BINANCE-001,MARGIN,USDT,9035.87270719,145.42502500,8890.44768219,True
473,1618761600000000000,BINANCE-001,MARGIN,USDT,9035.87270719,145.42502500,8890.44768219,False
474,1618790400000000000,BINANCE-001,MARGIN,USDT,9035.31112070,145.42502500,8889.88609570,True
475,1618790400000000000,BINANCE-001,MARGIN,USDT,9035.31112070,145.42502500,8889.88609570,False
476,1618790460000000000,BINANCE-001,MARGIN,USDT,8826.70011670,0.00000000,8826.70011670,False
477,1618790520000000000,BINANCE-001,MARGIN,USDT,8821.07646970,140.59117500,8680.48529470,False
478,1618819200000000000,BINANCE-001,MARGIN,USDT,8821.64971564,140.59117500,8681.05854064,True
479,1618819200000000000,BINANCE-001,MARGIN,USDT,8821.64971564,140.59117500,8681.05854064,False
480,1618848000009000000,BINANCE-001,MARGIN,USDT,8822.19549254,140.59117500,8681.60431754,True
481,1618848000009000000,BINANCE-001,MARGIN,USDT,8822.19549254,140.59117500,8681.60431754,False
482,1618876800004000000,BINANCE-001,MARGIN,USDT,8822.75183094,140.59117500,8682.16065594,True
483,1618876800004000000,BINANCE-001,MARGIN,USDT,8822.75183094,140.59117500,8682.16065594,False
484,1618905600000000000,BINANCE-001,MARGIN,USDT,8823.29581807,140.59117500,8682.70464307,True
485,1618905600000000000,BINANCE-001,MARGIN,USDT,8823.29581807,140.59117500,8682.70464307,False
486,1618934400001000000,BINANCE-001,MARGIN,USDT,8823.84910947,140.59117500,8683.25793447,True
487,1618934400001000000,BINANCE-001,MARGIN,USDT,8823.84910947,140.59117500,8683.25793447,False
488,1618963200013000000,BINANCE-001,MARGIN,USDT,8824.41350551,140.59117500,8683.82233051,True
489,1618963200013000000,BINANCE-001,MARGIN,USDT,8824.41350551,140.59117500,8683.82233051,False
490,1618992000001000000,BINANCE-001,MARGIN,USDT,8824.96639341,140.59117500,8684.37521841,True
491,1618992000001000000,BINANCE-001,MARGIN,USDT,8824.96639341,140.59117500,8684.37521841,False
492,1619020800002000000,BINANCE-001,MARGIN,USDT,8825.52786642,140.59117500,8684.93669142,True
493,1619020800002000000,BINANCE-001,MARGIN,USDT,8825.52786642,140.59117500,8684.93669142,False
494,1619049600000000000,BINANCE-001,MARGIN,USDT,8826.06580675,140.59117500,8685.47463175,True
495,1619049600000000000,BINANCE-001,MARGIN,USDT,8826.06580675,140.59117500,8685.47463175,False
496,1619078400000000000,BINANCE-001,MARGIN,USDT,8826.60724745,140.59117500,8686.01607245,True
497,1619078400000000000,BINANCE-001,MARGIN,USDT,8826.60724745,140.59117500,8686.01607245,False
498,1619107200001000000,BINANCE-001,MARGIN,USDT,8827.15393005,140.59117500,8686.56275505,True
499,1619107200001000000,BINANCE-001,MARGIN,USDT,8827.15393005,140.59117500,8686.56275505,False
500,1619136000002000000,BINANCE-001,MARGIN,USDT,8827.67116665,140.59117500,8687.07999165,True
501,1619136000002000000,BINANCE-001,MARGIN,USDT,8827.67116665,140.59117500,8687.07999165,False
502,1619164800009000000,BINANCE-001,MARGIN,USDT,8829.95948012,140.59117500,8689.36830512,True
503,1619164800009000000,BINANCE-001,MARGIN,USDT,8829.95948012,140.59117500,8689.36830512,False
504,1619193600001000000,BINANCE-001,MARGIN,USDT,8830.45791507,140.59117500,8689.86674007,True
505,1619193600001000000,BINANCE-001,MARGIN,USDT,8830.45791507,140.59117500,8689.86674007,False
506,1619222400019000000,BINANCE-001,MARGIN,USDT,8830.96921877,140.59117500,8690.37804377,True
507,1619222400019000000,BINANCE-001,MARGIN,USDT,8830.96921877,140.59117500,8690.37804377,False
508,1619251200001000000,BINANCE-001,MARGIN,USDT,8832.34882560,140.59117500,8691.75765060,True
509,1619251200001000000,BINANCE-001,MARGIN,USDT,8832.34882560,140.59117500,8691.75765060,False
510,1619280000011000000,BINANCE-001,MARGIN,USDT,8833.19071334,140.59117500,8692.59953834,True
511,1619280000011000000,BINANCE-001,MARGIN,USDT,8833.19071334,140.59117500,8692.59953834,False
512,1619308800000000000,BINANCE-001,MARGIN,USDT,8834.27773773,140.59117500,8693.68656273,True
513,1619308800000000000,BINANCE-001,MARGIN,USDT,8834.27773773,140.59117500,8693.68656273,False
514,1619337600010000000,BINANCE-001,MARGIN,USDT,8836.19340244,140.59117500,8695.60222744,True
515,1619337600010000000,BINANCE-001,MARGIN,USDT,8836.19340244,140.59117500,8695.60222744,False
516,1619366400000000000,BINANCE-001,MARGIN,USDT,8836.69607230,140.59117500,8696.10489730,True
517,1619366400000000000,BINANCE-001,MARGIN,USDT,8836.69607230,140.59117500,8696.10489730,False
518,1619395200003000000,BINANCE-001,MARGIN,USDT,8837.18663071,140.59117500,8696.59545571,True
519,1619395200003000000,BINANCE-001,MARGIN,USDT,8837.18663071,140.59117500,8696.59545571,False
520,1619424000002000000,BINANCE-001,MARGIN,USDT,8837.71478955,140.59117500,8697.12361455,True
521,1619424000002000000,BINANCE-001,MARGIN,USDT,8837.71478955,140.59117500,8697.12361455,False
522,1619452800004000000,BINANCE-001,MARGIN,USDT,8838.25045275,140.59117500,8697.65927775,True
523,1619452800004000000,BINANCE-001,MARGIN,USDT,8838.25045275,140.59117500,8697.65927775,False
524,1619481600000000000,BINANCE-001,MARGIN,USDT,8838.79033305,140.59117500,8698.19915805,True
525,1619481600000000000,BINANCE-001,MARGIN,USDT,8838.79033305,140.59117500,8698.19915805,False
526,1619510400000000000,BINANCE-001,MARGIN,USDT,8839.33574293,140.59117500,8698.74456793,True
527,1619510400000000000,BINANCE-001,MARGIN,USDT,8839.33574293,140.59117500,8698.74456793,False
528,1619539200009000000,BINANCE-001,MARGIN,USDT,8839.88569015,140.59117500,8699.29451515,True
529,1619539200009000000,BINANCE-001,MARGIN,USDT,8839.88569015,140.59117500,8699.29451515,False
530,1619568000000000000,BINANCE-001,MARGIN,USDT,8840.43583459,140.59117500,8699.84465959,True
531,1619568000000000000,BINANCE-001,MARGIN,USDT,8840.43583459,140.59117500,8699.84465959,False
532,1619596800000000000,BINANCE-001,MARGIN,USDT,8840.97865818,140.59117500,8700.38748318,True
533,1619596800000000000,BINANCE-001,MARGIN,USDT,8840.97865818,140.59117500,8700.38748318,False
534,1619625600001000000,BINANCE-001,MARGIN,USDT,8841.52221654,140.59117500,8700.93104154,True
535,1619625600001000000,BINANCE-001,MARGIN,USDT,8841.52221654,140.59117500,8700.93104154,False
536,1619654400004000000,BINANCE-001,MARGIN,USDT,8842.07059354,140.59117500,8701.47941854,True
537,1619654400004000000,BINANCE-001,MARGIN,USDT,8842.07059354,140.59117500,8701.47941854,False
538,1619683200013000000,BINANCE-001,MARGIN,USDT,8842.61509658,140.59117500,8702.02392158,True
539,1619683200013000000,BINANCE-001,MARGIN,USDT,8842.61509658,140.59117500,8702.02392158,False
540,1619712000003000000,BINANCE-001,MARGIN,USDT,8843.15262518,140.59117500,8702.56145018,True
541,1619712000003000000,BINANCE-001,MARGIN,USDT,8843.15262518,140.59117500,8702.56145018,False
542,1619740800004000000,BINANCE-001,MARGIN,USDT,8843.68818348,140.59117500,8703.09700848,True
543,1619740800004000000,BINANCE-001,MARGIN,USDT,8843.68818348,140.59117500,8703.09700848,False
544,1619769600019000000,BINANCE-001,MARGIN,USDT,8844.23172348,140.59117500,8703.64054848,True
545,1619769600019000000,BINANCE-001,MARGIN,USDT,8844.23172348,140.59117500,8703.64054848,False
546,1619798400003000000,BINANCE-001,MARGIN,USDT,8844.80313959,140.59117500,8704.21196459,True
547,1619798400003000000,BINANCE-001,MARGIN,USDT,8844.80313959,140.59117500,8704.21196459,False
548,1619827200002000000,BINANCE-001,MARGIN,USDT,8845.44982643,140.59117500,8704.85865143,True
549,1619827200002000000,BINANCE-001,MARGIN,USDT,8845.44982643,140.59117500,8704.85865143,False
550,1619827260000000000,BINANCE-001,MARGIN,USDT,8694.91140943,0.00000000,8694.91140943,False
551,1619827320000000000,BINANCE-001,MARGIN,USDT,8689.15820943,143.83000000,8545.32820943,False
552,1619856000006000000,BINANCE-001,MARGIN,USDT,8688.58076313,143.83000000,8544.75076313,True
553,1619856000006000000,BINANCE-001,MARGIN,USDT,8688.58076313,143.83000000,8544.75076313,False
554,1619884800000000000,BINANCE-001,MARGIN,USDT,8686.71565911,143.83000000,8542.88565911,True
555,1619884800000000000,BINANCE-001,MARGIN,USDT,8686.71565911,143.83000000,8542.88565911,False
556,1619913600010000000,BINANCE-001,MARGIN,USDT,8685.80078876,143.83000000,8541.97078876,True
557,1619913600010000000,BINANCE-001,MARGIN,USDT,8685.80078876,143.83000000,8541.97078876,False
558,1619942400011000000,BINANCE-001,MARGIN,USDT,8683.23392401,143.83000000,8539.40392401,True
559,1619942400011000000,BINANCE-001,MARGIN,USDT,8683.23392401,143.83000000,8539.40392401,False
560,1619971200007000000,BINANCE-001,MARGIN,USDT,8680.66865117,143.83000000,8536.83865117,True
561,1619971200007000000,BINANCE-001,MARGIN,USDT,8680.66865117,143.83000000,8536.83865117,False
562,1620000000003000000,BINANCE-001,MARGIN,USDT,8678.38581079,143.83000000,8534.55581079,True
563,1620000000003000000,BINANCE-001,MARGIN,USDT,8678.38581079,143.83000000,8534.55581079,False
564,1620028800000000000,BINANCE-001,MARGIN,USDT,8676.25638194,143.83000000,8532.42638194,True
565,1620028800000000000,BINANCE-001,MARGIN,USDT,8676.25638194,143.83000000,8532.42638194,False
566,1620057600043000000,BINANCE-001,MARGIN,USDT,8672.37496016,143.83000000,8528.54496016,True
567,1620057600043000000,BINANCE-001,MARGIN,USDT,8672.37496016,143.83000000,8528.54496016,False
568,1620086400004000000,BINANCE-001,MARGIN,USDT,8669.46052193,143.83000000,8525.63052193,True
569,1620086400004000000,BINANCE-001,MARGIN,USDT,8669.46052193,143.83000000,8525.63052193,False
570,1620115200003000000,BINANCE-001,MARGIN,USDT,8668.77876117,143.83000000,8524.94876117,True
571,1620115200003000000,BINANCE-001,MARGIN,USDT,8668.77876117,143.83000000,8524.94876117,False
572,1620144000011000000,BINANCE-001,MARGIN,USDT,8665.20101017,143.83000000,8521.37101017,True
573,1620144000011000000,BINANCE-001,MARGIN,USDT,8665.20101017,143.83000000,8521.37101017,False
574,1620172800001000000,BINANCE-001,MARGIN,USDT,8662.82029662,143.83000000,8518.99029662,True
575,1620172800001000000,BINANCE-001,MARGIN,USDT,8662.82029662,143.83000000,8518.99029662,False
576,1620172860000000000,BINANCE-001,MARGIN,USDT,8230.62496562,0.00000000,8230.62496562,False
577,1620172920000000000,BINANCE-001,MARGIN,USDT,8225.30884262,132.90307500,8092.40576762,False
578,1620201600007000000,BINANCE-001,MARGIN,USDT,8227.63883146,132.90307500,8094.73575646,True
579,1620201600007000000,BINANCE-001,MARGIN,USDT,8227.63883146,132.90307500,8094.73575646,False
580,1620230400001000000,BINANCE-001,MARGIN,USDT,8228.31450778,132.90307500,8095.41143278,True
581,1620230400001000000,BINANCE-001,MARGIN,USDT,8228.31450778,132.90307500,8095.41143278,False
582,1620259200003000000,BINANCE-001,MARGIN,USDT,8232.69080080,132.90307500,8099.78772580,True
583,1620259200003000000,BINANCE-001,MARGIN,USDT,8232.69080080,132.90307500,8099.78772580,False
584,1620259260000000000,BINANCE-001,MARGIN,USDT,7793.28602280,0.00000000,7793.28602280,False
585,1620259320000000000,BINANCE-001,MARGIN,USDT,7787.53342080,143.81505000,7643.71837080,False
586,1620288000001000000,BINANCE-001,MARGIN,USDT,7784.12329894,143.81505000,7640.30824894,True
587,1620288000001000000,BINANCE-001,MARGIN,USDT,7784.12329894,143.81505000,7640.30824894,False
588,1620316800000000000,BINANCE-001,MARGIN,USDT,7778.77661966,143.81505000,7634.96156966,True
589,1620316800000000000,BINANCE-001,MARGIN,USDT,7778.77661966,143.81505000,7634.96156966,False
590,1620345600000000000,BINANCE-001,MARGIN,USDT,7776.25684559,143.81505000,7632.44179559,True
591,1620345600000000000,BINANCE-001,MARGIN,USDT,7776.25684559,143.81505000,7632.44179559,False
592,1620374400000000000,BINANCE-001,MARGIN,USDT,7773.27968720,143.81505000,7629.46463720,True
593,1620374400000000000,BINANCE-001,MARGIN,USDT,7773.27968720,143.81505000,7629.46463720,False
594,1620403200001000000,BINANCE-001,MARGIN,USDT,7772.29314569,143.81505000,7628.47809569,True
595,1620403200001000000,BINANCE-001,MARGIN,USDT,7772.29314569,143.81505000,7628.47809569,False
596,1620432000006000000,BINANCE-001,MARGIN,USDT,7768.88827560,143.81505000,7625.07322560,True
597,1620432000006000000,BINANCE-001,MARGIN,USDT,7768.88827560,143.81505000,7625.07322560,False
598,1620460800000000000,BINANCE-001,MARGIN,USDT,7766.18124658,143.81505000,7622.36619658,True
599,1620460800000000000,BINANCE-001,MARGIN,USDT,7766.18124658,143.81505000,7622.36619658,False
600,1620489600000000000,BINANCE-001,MARGIN,USDT,7763.50578445,143.81505000,7619.69073445,True
601,1620489600000000000,BINANCE-001,MARGIN,USDT,7763.50578445,143.81505000,7619.69073445,False
602,1620518400005000000,BINANCE-001,MARGIN,USDT,7760.62206944,143.81505000,7616.80701944,True
603,1620518400005000000,BINANCE-001,MARGIN,USDT,7760.62206944,143.81505000,7616.80701944,False
604,1620547200016000000,BINANCE-001,MARGIN,USDT,7758.07917124,143.81505000,7614.26412124,True
605,1620547200016000000,BINANCE-001,MARGIN,USDT,7758.07917124,143.81505000,7614.26412124,False
606,1620576000000000000,BINANCE-001,MARGIN,USDT,7754.40957807,143.81505000,7610.59452807,True
607,1620576000000000000,BINANCE-001,MARGIN,USDT,7754.40957807,143.81505000,7610.59452807,False
608,1620604800004000000,BINANCE-001,MARGIN,USDT,7752.45579716,143.81505000,7608.64074716,True
609,1620604800004000000,BINANCE-001,MARGIN,USDT,7752.45579716,143.81505000,7608.64074716,False
610,1620633600000000000,BINANCE-001,MARGIN,USDT,7747.17904066,143.81505000,7603.36399066,True
611,1620633600000000000,BINANCE-001,MARGIN,USDT,7747.17904066,143.81505000,7603.36399066,False
612,1620662400013000000,BINANCE-001,MARGIN,USDT,7741.42233031,143.81505000,7597.60728031,True
613,1620662400013000000,BINANCE-001,MARGIN,USDT,7741.42233031,143.81505000,7597.60728031,False
614,1620691200000000000,BINANCE-001,MARGIN,USDT,7739.21208311,143.81505000,7595.39703311,True
615,1620691200000000000,BINANCE-001,MARGIN,USDT,7739.21208311,143.81505000,7595.39703311,False
616,1620720000000000000,BINANCE-001,MARGIN,USDT,7736.37362322,143.81505000,7592.55857322,True
617,1620720000000000000,BINANCE-001,MARGIN,USDT,7736.37362322,143.81505000,7592.55857322,False
618,1620748800002000000,BINANCE-001,MARGIN,USDT,7734.93645842,143.81505000,7591.12140842,True
619,1620748800002000000,BINANCE-001,MARGIN,USDT,7734.93645842,143.81505000,7591.12140842,False
620,1620777600004000000,BINANCE-001,MARGIN,USDT,7733.99164357,143.81505000,7590.17659357,True
621,1620777600004000000,BINANCE-001,MARGIN,USDT,7733.99164357,143.81505000,7590.17659357,False
622,1620806400007000000,BINANCE-001,MARGIN,USDT,7732.06324240,143.81505000,7588.24819240,True
623,1620806400007000000,BINANCE-001,MARGIN,USDT,7732.06324240,143.81505000,7588.24819240,False
624,1620835200012000000,BINANCE-001,MARGIN,USDT,7729.85582240,143.81505000,7586.04077240,True
625,1620835200012000000,BINANCE-001,MARGIN,USDT,7729.85582240,143.81505000,7586.04077240,False
626,1620864000016000000,BINANCE-001,MARGIN,USDT,7729.27778622,143.81505000,7585.46273622,True
627,1620864000016000000,BINANCE-001,MARGIN,USDT,7729.27778622,143.81505000,7585.46273622,False
628,1620864060000000000,BINANCE-001,MARGIN,USDT,6931.29121122,0.00000000,6931.29121122,False
629,1620864120000000000,BINANCE-001,MARGIN,USDT,6926.35562022,123.38977500,6802.96584522,False
630,1620892800000000000,BINANCE-001,MARGIN,USDT,6926.86458404,123.38977500,6803.47480904,True
631,1620892800000000000,BINANCE-001,MARGIN,USDT,6926.86458404,123.38977500,6803.47480904,False
632,1620921600008000000,BINANCE-001,MARGIN,USDT,6928.00086922,123.38977500,6804.61109422,True
633,1620921600008000000,BINANCE-001,MARGIN,USDT,6928.00086922,123.38977500,6804.61109422,False
634,1620950400007000000,BINANCE-001,MARGIN,USDT,6929.99120677,123.38977500,6806.60143177,True
635,1620950400007000000,BINANCE-001,MARGIN,USDT,6929.99120677,123.38977500,6806.60143177,False
636,1620979200001000000,BINANCE-001,MARGIN,USDT,6931.75374277,123.38977500,6808.36396777,True
637,1620979200001000000,BINANCE-001,MARGIN,USDT,6931.75374277,123.38977500,6808.36396777,False
638,1621008000004000000,BINANCE-001,MARGIN,USDT,6932.52593182,123.38977500,6809.13615682,True
639,1621008000004000000,BINANCE-001,MARGIN,USDT,6932.52593182,123.38977500,6809.13615682,False
640,1621036800022000000,BINANCE-001,MARGIN,USDT,6933.02456340,123.38977500,6809.63478840,True
641,1621036800022000000,BINANCE-001,MARGIN,USDT,6933.02456340,123.38977500,6809.63478840,False
642,1621065600014000000,BINANCE-001,MARGIN,USDT,6933.51548011,123.38977500,6810.12570511,True
643,1621065600014000000,BINANCE-001,MARGIN,USDT,6933.51548011,123.38977500,6810.12570511,False
644,1621094400002000000,BINANCE-001,MARGIN,USDT,6934.50310823,123.38977500,6811.11333323,True
645,1621094400002000000,BINANCE-001,MARGIN,USDT,6934.50310823,123.38977500,6811.11333323,False
646,1621123200000000000,BINANCE-001,MARGIN,USDT,6936.38614736,123.38977500,6812.99637236,True
647,1621123200000000000,BINANCE-001,MARGIN,USDT,6936.38614736,123.38977500,6812.99637236,False
648,1621152000003000000,BINANCE-001,MARGIN,USDT,6937.21001495,123.38977500,6813.82023995,True
649,1621152000003000000,BINANCE-001,MARGIN,USDT,6937.21001495,123.38977500,6813.82023995,False
650,1621180800002000000,BINANCE-001,MARGIN,USDT,6938.94018375,123.38977500,6815.55040875,True
651,1621180800002000000,BINANCE-001,MARGIN,USDT,6938.94018375,123.38977500,6815.55040875,False
652,1621209600005000000,BINANCE-001,MARGIN,USDT,6939.40451948,123.38977500,6816.01474448,True
653,1621209600005000000,BINANCE-001,MARGIN,USDT,6939.40451948,123.38977500,6816.01474448,False
654,1621238400001000000,BINANCE-001,MARGIN,USDT,6942.29415266,123.38977500,6818.90437766,True
655,1621238400001000000,BINANCE-001,MARGIN,USDT,6942.29415266,123.38977500,6818.90437766,False
656,1621267200000000000,BINANCE-001,MARGIN,USDT,6944.86753776,123.38977500,6821.47776276,True
657,1621267200000000000,BINANCE-001,MARGIN,USDT,6944.86753776,123.38977500,6821.47776276,False
658,1621296000019000000,BINANCE-001,MARGIN,USDT,6947.24759559,123.38977500,6823.85782059,True
659,1621296000019000000,BINANCE-001,MARGIN,USDT,6947.24759559,123.38977500,6823.85782059,False
660,1621324800001000000,BINANCE-001,MARGIN,USDT,6947.91241692,123.38977500,6824.52264192,True
661,1621324800001000000,BINANCE-001,MARGIN,USDT,6947.91241692,123.38977500,6824.52264192,False
662,1621353600006000000,BINANCE-001,MARGIN,USDT,6948.85039656,123.38977500,6825.46062156,True
663,1621353600006000000,BINANCE-001,MARGIN,USDT,6948.85039656,123.38977500,6825.46062156,False
664,1621382400000000000,BINANCE-001,MARGIN,USDT,6949.27907173,123.38977500,6825.88929673,True
665,1621382400000000000,BINANCE-001,MARGIN,USDT,6949.27907173,123.38977500,6825.88929673,False
666,1621411200003000000,BINANCE-001,MARGIN,USDT,6950.72597172,123.38977500,6827.33619672,True
667,1621411200003000000,BINANCE-001,MARGIN,USDT,6950.72597172,123.38977500,6827.33619672,False
668,1621440000018000000,BINANCE-001,MARGIN,USDT,6947.37952799,123.38977500,6823.98975299,True
669,1621440000018000000,BINANCE-001,MARGIN,USDT,6947.37952799,123.38977500,6823.98975299,False
670,1621468800005000000,BINANCE-001,MARGIN,USDT,6947.74606211,123.38977500,6824.35628711,True
671,1621468800005000000,BINANCE-001,MARGIN,USDT,6947.74606211,123.38977500,6824.35628711,False
672,1621497600000000000,BINANCE-001,MARGIN,USDT,6948.14565691,123.38977500,6824.75588191,True
673,1621497600000000000,BINANCE-001,MARGIN,USDT,6948.14565691,123.38977500,6824.75588191,False
674,1621526400005000000,BINANCE-001,MARGIN,USDT,6948.55976740,123.38977500,6825.16999240,True
675,1621526400005000000,BINANCE-001,MARGIN,USDT,6948.55976740,123.38977500,6825.16999240,False
676,1621555200000000000,BINANCE-001,MARGIN,USDT,6948.96487401,123.38977500,6825.57509901,True
677,1621555200000000000,BINANCE-001,MARGIN,USDT,6948.96487401,123.38977500,6825.57509901,False
678,1621584000000000000,BINANCE-001,MARGIN,USDT,6948.92501420,123.38977500,6825.53523920,True
679,1621584000000000000,BINANCE-001,MARGIN,USDT,6948.92501420,123.38977500,6825.53523920,False
680,1621612800001000000,BINANCE-001,MARGIN,USDT,6949.20267185,123.38977500,6825.81289685,True
681,1621612800001000000,BINANCE-001,MARGIN,USDT,6949.20267185,123.38977500,6825.81289685,False
682,1621641600001000000,BINANCE-001,MARGIN,USDT,6948.29235186,123.38977500,6824.90257686,True
683,1621641600001000000,BINANCE-001,MARGIN,USDT,6948.29235186,123.38977500,6824.90257686,False
684,1621670400002000000,BINANCE-001,MARGIN,USDT,6948.65504581,123.38977500,6825.26527081,True
685,1621670400002000000,BINANCE-001,MARGIN,USDT,6948.65504581,123.38977500,6825.26527081,False
686,1621699200005000000,BINANCE-001,MARGIN,USDT,6949.03642583,123.38977500,6825.64665083,True
687,1621699200005000000,BINANCE-001,MARGIN,USDT,6949.03642583,123.38977500,6825.64665083,False
688,1621728000006000000,BINANCE-001,MARGIN,USDT,6948.84885363,123.38977500,6825.45907863,True
689,1621728000006000000,BINANCE-001,MARGIN,USDT,6948.84885363,123.38977500,6825.45907863,False
690,1621756800004000000,BINANCE-001,MARGIN,USDT,6948.81084369,123.38977500,6825.42106869,True
691,1621756800004000000,BINANCE-001,MARGIN,USDT,6948.81084369,123.38977500,6825.42106869,False
692,1621785600002000000,BINANCE-001,MARGIN,USDT,6948.96728382,123.38977500,6825.57750882,True
693,1621785600002000000,BINANCE-001,MARGIN,USDT,6948.96728382,123.38977500,6825.57750882,False
694,1621814400007000000,BINANCE-001,MARGIN,USDT,6948.67194290,123.38977500,6825.28216790,True
695,1621814400007000000,BINANCE-001,MARGIN,USDT,6948.67194290,123.38977500,6825.28216790,False
696,1621843200005000000,BINANCE-001,MARGIN,USDT,6948.30930880,123.38977500,6824.91953380,True
697,1621843200005000000,BINANCE-001,MARGIN,USDT,6948.30930880,123.38977500,6824.91953380,False
698,1621872000005000000,BINANCE-001,MARGIN,USDT,6948.38770492,123.38977500,6824.99792992,True
699,1621872000005000000,BINANCE-001,MARGIN,USDT,6948.38770492,123.38977500,6824.99792992,False
700,1621900800000000000,BINANCE-001,MARGIN,USDT,6948.77548232,123.38977500,6825.38570732,True
701,1621900800000000000,BINANCE-001,MARGIN,USDT,6948.77548232,123.38977500,6825.38570732,False
702,1621929600014000000,BINANCE-001,MARGIN,USDT,6949.16530948,123.38977500,6825.77553448,True
703,1621929600014000000,BINANCE-001,MARGIN,USDT,6949.16530948,123.38977500,6825.77553448,False
704,1621958400000000000,BINANCE-001,MARGIN,USDT,6949.54798149,123.38977500,6826.15820649,True
705,1621958400000000000,BINANCE-001,MARGIN,USDT,6949.54798149,123.38977500,6826.15820649,False
706,1621987200022000000,BINANCE-001,MARGIN,USDT,6949.93141727,123.38977500,6826.54164227,True
707,1621987200022000000,BINANCE-001,MARGIN,USDT,6949.93141727,123.38977500,6826.54164227,False
708,1622016000018000000,BINANCE-001,MARGIN,USDT,6950.33598904,123.38977500,6826.94621404,True
709,1622016000018000000,BINANCE-001,MARGIN,USDT,6950.33598904,123.38977500,6826.94621404,False
710,1622044800004000000,BINANCE-001,MARGIN,USDT,6950.72383724,123.38977500,6827.33406224,True
711,1622044800004000000,BINANCE-001,MARGIN,USDT,6950.72383724,123.38977500,6827.33406224,False
712,1622073600000000000,BINANCE-001,MARGIN,USDT,6951.11613264,123.38977500,6827.72635764,True
713,1622073600000000000,BINANCE-001,MARGIN,USDT,6951.11613264,123.38977500,6827.72635764,False
714,1622102400017000000,BINANCE-001,MARGIN,USDT,6951.49879714,123.38977500,6828.10902214,True
715,1622102400017000000,BINANCE-001,MARGIN,USDT,6951.49879714,123.38977500,6828.10902214,False
716,1622131200000000000,BINANCE-001,MARGIN,USDT,6951.89561074,123.38977500,6828.50583574,True
717,1622131200000000000,BINANCE-001,MARGIN,USDT,6951.89561074,123.38977500,6828.50583574,False
718,1622160000005000000,BINANCE-001,MARGIN,USDT,6952.28052324,123.38977500,6828.89074824,True
719,1622160000005000000,BINANCE-001,MARGIN,USDT,6952.28052324,123.38977500,6828.89074824,False
720,1622188800009000000,BINANCE-001,MARGIN,USDT,6952.65028567,123.38977500,6829.26051067,True
721,1622188800009000000,BINANCE-001,MARGIN,USDT,6952.65028567,123.38977500,6829.26051067,False
722,1622217600000000000,BINANCE-001,MARGIN,USDT,6953.01770528,123.38977500,6829.62793028,True
723,1622217600000000000,BINANCE-001,MARGIN,USDT,6953.01770528,123.38977500,6829.62793028,False
724,1622246400006000000,BINANCE-001,MARGIN,USDT,6953.37435978,123.38977500,6829.98458478,True
725,1622246400006000000,BINANCE-001,MARGIN,USDT,6953.37435978,123.38977500,6829.98458478,False
726,1622275200000000000,BINANCE-001,MARGIN,USDT,6953.73626868,123.38977500,6830.34649368,True
727,1622275200000000000,BINANCE-001,MARGIN,USDT,6953.73626868,123.38977500,6830.34649368,False
728,1622304000000000000,BINANCE-001,MARGIN,USDT,6954.09349030,123.38977500,6830.70371530,True
729,1622304000000000000,BINANCE-001,MARGIN,USDT,6954.09349030,123.38977500,6830.70371530,False
730,1622332800003000000,BINANCE-001,MARGIN,USDT,6954.43939044,123.38977500,6831.04961544,True
731,1622332800003000000,BINANCE-001,MARGIN,USDT,6954.43939044,123.38977500,6831.04961544,False
732,1622361600004000000,BINANCE-001,MARGIN,USDT,6954.79930374,123.38977500,6831.40952874,True
733,1622361600004000000,BINANCE-001,MARGIN,USDT,6954.79930374,123.38977500,6831.40952874,False
734,1622390400018000000,BINANCE-001,MARGIN,USDT,6955.15423244,123.38977500,6831.76445744,True
735,1622390400018000000,BINANCE-001,MARGIN,USDT,6955.15423244,123.38977500,6831.76445744,False
736,1622419200002000000,BINANCE-001,MARGIN,USDT,6955.51075044,123.38977500,6832.12097544,True
737,1622419200002000000,BINANCE-001,MARGIN,USDT,6955.51075044,123.38977500,6832.12097544,False
738,1622448000000000000,BINANCE-001,MARGIN,USDT,6955.86911559,123.38977500,6832.47934059,True
739,1622448000000000000,BINANCE-001,MARGIN,USDT,6955.86911559,123.38977500,6832.47934059,False
740,1622476800000000000,BINANCE-001,MARGIN,USDT,6956.23867209,123.38977500,6832.84889709,True
741,1622476800000000000,BINANCE-001,MARGIN,USDT,6956.23867209,123.38977500,6832.84889709,False
742,1622505600001000000,BINANCE-001,MARGIN,USDT,6956.61109227,123.38977500,6833.22131727,True
743,1622505600001000000,BINANCE-001,MARGIN,USDT,6956.61109227,123.38977500,6833.22131727,False
744,1622534400010000000,BINANCE-001,MARGIN,USDT,6956.97930477,123.38977500,6833.58952977,True
745,1622534400010000000,BINANCE-001,MARGIN,USDT,6956.97930477,123.38977500,6833.58952977,False
746,1622563200010000000,BINANCE-001,MARGIN,USDT,6957.34153721,123.38977500,6833.95176221,True
747,1622563200010000000,BINANCE-001,MARGIN,USDT,6957.34153721,123.38977500,6833.95176221,False
748,1622592000008000000,BINANCE-001,MARGIN,USDT,6957.70845330,123.38977500,6834.31867830,True
749,1622592000008000000,BINANCE-001,MARGIN,USDT,6957.70845330,123.38977500,6834.31867830,False
750,1622620800000000000,BINANCE-001,MARGIN,USDT,6958.08064640,123.38977500,6834.69087140,True
751,1622620800000000000,BINANCE-001,MARGIN,USDT,6958.08064640,123.38977500,6834.69087140,False
752,1622649600007000000,BINANCE-001,MARGIN,USDT,6958.46098337,123.38977500,6835.07120837,True
753,1622649600007000000,BINANCE-001,MARGIN,USDT,6958.46098337,123.38977500,6835.07120837,False
754,1622678400019000000,BINANCE-001,MARGIN,USDT,6958.83665718,123.38977500,6835.44688218,True
755,1622678400019000000,BINANCE-001,MARGIN,USDT,6958.83665718,123.38977500,6835.44688218,False
756,1622707200002000000,BINANCE-001,MARGIN,USDT,6959.22299788,123.38977500,6835.83322288,True
757,1622707200002000000,BINANCE-001,MARGIN,USDT,6959.22299788,123.38977500,6835.83322288,False
758,1622736000003000000,BINANCE-001,MARGIN,USDT,6959.60854528,123.38977500,6836.21877028,True
759,1622736000003000000,BINANCE-001,MARGIN,USDT,6959.60854528,123.38977500,6836.21877028,False
760,1622764800003000000,BINANCE-001,MARGIN,USDT,6960.00094861,123.38977500,6836.61117361,True
761,1622764800003000000,BINANCE-001,MARGIN,USDT,6960.00094861,123.38977500,6836.61117361,False
762,1622764860000000000,BINANCE-001,MARGIN,USDT,7966.92620761,0.00000000,7966.92620761,False
763,1622764920000000000,BINANCE-001,MARGIN,USDT,7963.00668261,97.98812500,7865.01855761,False
764,1622793600006000000,BINANCE-001,MARGIN,USDT,7962.25345512,97.98812500,7864.26533012,True
765,1622793600006000000,BINANCE-001,MARGIN,USDT,7962.25345512,97.98812500,7864.26533012,False
766,1622822400002000000,BINANCE-001,MARGIN,USDT,7961.88397284,97.98812500,7863.89584784,True
767,1622822400002000000,BINANCE-001,MARGIN,USDT,7961.88397284,97.98812500,7863.89584784,False
768,1622851200000000000,BINANCE-001,MARGIN,USDT,7961.51555691,97.98812500,7863.52743191,True
769,1622851200000000000,BINANCE-001,MARGIN,USDT,7961.51555691,97.98812500,7863.52743191,False
770,1622851260000000000,BINANCE-001,MARGIN,USDT,7721.10975491,0.00000000,7721.10975491,False
771,1622851320000000000,BINANCE-001,MARGIN,USDT,7717.42349991,92.15637500,7625.26712491,False
772,1622880000004000000,BINANCE-001,MARGIN,USDT,7717.79929593,92.15637500,7625.64292093,True
773,1622880000004000000,BINANCE-001,MARGIN,USDT,7717.79929593,92.15637500,7625.64292093,False
774,1622908800020000000,BINANCE-001,MARGIN,USDT,7718.16230848,92.15637500,7626.00593348,True
775,1622908800020000000,BINANCE-001,MARGIN,USDT,7718.16230848,92.15637500,7626.00593348,False
776,1622937600000000000,BINANCE-001,MARGIN,USDT,7718.51735504,92.15637500,7626.36098004,True
777,1622937600000000000,BINANCE-001,MARGIN,USDT,7718.51735504,92.15637500,7626.36098004,False
778,1622966400004000000,BINANCE-001,MARGIN,USDT,7718.87865722,92.15637500,7626.72228222,True
779,1622966400004000000,BINANCE-001,MARGIN,USDT,7718.87865722,92.15637500,7626.72228222,False
780,1622995200000000000,BINANCE-001,MARGIN,USDT,7719.24035722,92.15637500,7627.08398222,True
781,1622995200000000000,BINANCE-001,MARGIN,USDT,7719.24035722,92.15637500,7627.08398222,False
782,1623024000007000000,BINANCE-001,MARGIN,USDT,7719.59838312,92.15637500,7627.44200812,True
783,1623024000007000000,BINANCE-001,MARGIN,USDT,7719.59838312,92.15637500,7627.44200812,False
784,1623052800007000000,BINANCE-001,MARGIN,USDT,7719.95987402,92.15637500,7627.80349902,True
785,1623052800007000000,BINANCE-001,MARGIN,USDT,7719.95987402,92.15637500,7627.80349902,False
786,1623081600003000000,BINANCE-001,MARGIN,USDT,7720.32025882,92.15637500,7628.16388382,True
787,1623081600003000000,BINANCE-001,MARGIN,USDT,7720.32025882,92.15637500,7628.16388382,False
788,1623110400000000000,BINANCE-001,MARGIN,USDT,7720.65592736,92.15637500,7628.49955236,True
789,1623110400000000000,BINANCE-001,MARGIN,USDT,7720.65592736,92.15637500,7628.49955236,False
790,1623139200000000000,BINANCE-001,MARGIN,USDT,7720.68936048,92.15637500,7628.53298548,True
791,1623139200000000000,BINANCE-001,MARGIN,USDT,7720.68936048,92.15637500,7628.53298548,False
792,1623168000002000000,BINANCE-001,MARGIN,USDT,7721.00633151,92.15637500,7628.84995651,True
793,1623168000002000000,BINANCE-001,MARGIN,USDT,7721.00633151,92.15637500,7628.84995651,False
794,1623196800009000000,BINANCE-001,MARGIN,USDT,7721.34010301,92.15637500,7629.18372801,True
795,1623196800009000000,BINANCE-001,MARGIN,USDT,7721.34010301,92.15637500,7629.18372801,False
796,1623225600002000000,BINANCE-001,MARGIN,USDT,7721.15587071,92.15637500,7628.99949571,True
797,1623225600002000000,BINANCE-001,MARGIN,USDT,7721.15587071,92.15637500,7628.99949571,False
798,1623254400000000000,BINANCE-001,MARGIN,USDT,7720.61653321,92.15637500,7628.46015821,True
799,1623254400000000000,BINANCE-001,MARGIN,USDT,7720.61653321,92.15637500,7628.46015821,False
800,1623283200007000000,BINANCE-001,MARGIN,USDT,7719.98923876,92.15637500,7627.83286376,True
801,1623283200007000000,BINANCE-001,MARGIN,USDT,7719.98923876,92.15637500,7627.83286376,False
802,1623283260000000000,BINANCE-001,MARGIN,USDT,7665.66139276,0.00000000,7665.66139276,False
803,1623283320000000000,BINANCE-001,MARGIN,USDT,7661.92923676,93.30390000,7568.62533676,False
804,1623312000003000000,BINANCE-001,MARGIN,USDT,7661.70657364,93.30390000,7568.40267364,True
805,1623312000003000000,BINANCE-001,MARGIN,USDT,7661.70657364,93.30390000,7568.40267364,False
806,1623340800000000000,BINANCE-001,MARGIN,USDT,7661.33758106,93.30390000,7568.03368106,True
807,1623340800000000000,BINANCE-001,MARGIN,USDT,7661.33758106,93.30390000,7568.03368106,False
808,1623369600010000000,BINANCE-001,MARGIN,USDT,7660.97094106,93.30390000,7567.66704106,True
809,1623369600010000000,BINANCE-001,MARGIN,USDT,7660.97094106,93.30390000,7567.66704106,False
810,1623398400007000000,BINANCE-001,MARGIN,USDT,7660.87391328,93.30390000,7567.57001328,True
811,1623398400007000000,BINANCE-001,MARGIN,USDT,7660.87391328,93.30390000,7567.57001328,False
812,1623427200006000000,BINANCE-001,MARGIN,USDT,7660.69804524,93.30390000,7567.39414524,True
813,1623427200006000000,BINANCE-001,MARGIN,USDT,7660.69804524,93.30390000,7567.39414524,False
814,1623456000005000000,BINANCE-001,MARGIN,USDT,7660.98832404,93.30390000,7567.68442404,True
815,1623456000005000000,BINANCE-001,MARGIN,USDT,7660.98832404,93.30390000,7567.68442404,False
816,1623484800000000000,BINANCE-001,MARGIN,USDT,7660.63555604,93.30390000,7567.33165604,True
817,1623484800000000000,BINANCE-001,MARGIN,USDT,7660.63555604,93.30390000,7567.33165604,False
818,1623513600018000000,BINANCE-001,MARGIN,USDT,7660.66436132,93.30390000,7567.36046132,True
819,1623513600018000000,BINANCE-001,MARGIN,USDT,7660.66436132,93.30390000,7567.36046132,False
820,1623542400002000000,BINANCE-001,MARGIN,USDT,7660.32182621,93.30390000,7567.01792621,True
821,1623542400002000000,BINANCE-001,MARGIN,USDT,7660.32182621,93.30390000,7567.01792621,False
822,1623542460000000000,BINANCE-001,MARGIN,USDT,7478.31612221,0.00000000,7478.31612221,False
823,1623542520000000000,BINANCE-001,MARGIN,USDT,7474.75721321,88.97272500,7385.78448821,False
824,1623571200000000000,BINANCE-001,MARGIN,USDT,7474.85780254,88.97272500,7385.88507754,True
825,1623571200000000000,BINANCE-001,MARGIN,USDT,7474.85780254,88.97272500,7385.88507754,False
826,1623600000003000000,BINANCE-001,MARGIN,USDT,7474.62162799,88.97272500,7385.64890299,True
827,1623600000003000000,BINANCE-001,MARGIN,USDT,7474.62162799,88.97272500,7385.64890299,False
828,1623628800000000000,BINANCE-001,MARGIN,USDT,7475.01165665,88.97272500,7386.03893165,True
829,1623628800000000000,BINANCE-001,MARGIN,USDT,7475.01165665,88.97272500,7386.03893165,False
830,1623628860000000000,BINANCE-001,MARGIN,USDT,7130.65529065,0.00000000,7130.65529065,False
831,1623628920000000000,BINANCE-001,MARGIN,USDT,7126.74544165,97.74622500,7028.99921665,False
832,1623657600015000000,BINANCE-001,MARGIN,USDT,7126.35014235,97.74622500,7028.60391735,True
833,1623657600015000000,BINANCE-001,MARGIN,USDT,7126.35014235,97.74622500,7028.60391735,False
834,1623686400000000000,BINANCE-001,MARGIN,USDT,7126.47803178,97.74622500,7028.73180678,True
835,1623686400000000000,BINANCE-001,MARGIN,USDT,7126.47803178,97.74622500,7028.73180678,False
836,1623715200000000000,BINANCE-001,MARGIN,USDT,7126.15402020,97.74622500,7028.40779520,True
837,1623715200000000000,BINANCE-001,MARGIN,USDT,7126.15402020,97.74622500,7028.40779520,False
838,1623744000000000000,BINANCE-001,MARGIN,USDT,7125.75049205,97.74622500,7028.00426705,True
839,1623744000000000000,BINANCE-001,MARGIN,USDT,7125.75049205,97.74622500,7028.00426705,False
840,1623772800004000000,BINANCE-001,MARGIN,USDT,7125.34979690,97.74622500,7027.60357190,True
841,1623772800004000000,BINANCE-001,MARGIN,USDT,7125.34979690,97.74622500,7027.60357190,False
842,1623801600004000000,BINANCE-001,MARGIN,USDT,7124.94839040,97.74622500,7027.20216540,True
843,1623801600004000000,BINANCE-001,MARGIN,USDT,7124.94839040,97.74622500,7027.20216540,False
844,1623830400001000000,BINANCE-001,MARGIN,USDT,7124.54713670,97.74622500,7026.80091170,True
845,1623830400001000000,BINANCE-001,MARGIN,USDT,7124.54713670,97.74622500,7026.80091170,False
846,1623859200000000000,BINANCE-001,MARGIN,USDT,7124.15934639,97.74622500,7026.41312139,True
847,1623859200000000000,BINANCE-001,MARGIN,USDT,7124.15934639,97.74622500,7026.41312139,False
848,1623888000004000000,BINANCE-001,MARGIN,USDT,7123.77585947,97.74622500,7026.02963447,True
849,1623888000004000000,BINANCE-001,MARGIN,USDT,7123.77585947,97.74622500,7026.02963447,False
850,1623916800000000000,BINANCE-001,MARGIN,USDT,7123.38372479,97.74622500,7025.63749979,True
851,1623916800000000000,BINANCE-001,MARGIN,USDT,7123.38372479,97.74622500,7025.63749979,False
852,1623945600002000000,BINANCE-001,MARGIN,USDT,7122.99368999,97.74622500,7025.24746499,True
853,1623945600002000000,BINANCE-001,MARGIN,USDT,7122.99368999,97.74622500,7025.24746499,False
854,1623974400009000000,BINANCE-001,MARGIN,USDT,7122.79038490,97.74622500,7025.04415990,True
855,1623974400009000000,BINANCE-001,MARGIN,USDT,7122.79038490,97.74622500,7025.04415990,False
856,1624003200014000000,BINANCE-001,MARGIN,USDT,7122.77738233,97.74622500,7025.03115733,True
857,1624003200014000000,BINANCE-001,MARGIN,USDT,7122.77738233,97.74622500,7025.03115733,False
858,1624032000007000000,BINANCE-001,MARGIN,USDT,7122.41382563,97.74622500,7024.66760063,True
859,1624032000007000000,BINANCE-001,MARGIN,USDT,7122.41382563,97.74622500,7024.66760063,False
860,1624060800003000000,BINANCE-001,MARGIN,USDT,7122.60017400,97.74622500,7024.85394900,True
861,1624060800003000000,BINANCE-001,MARGIN,USDT,7122.60017400,97.74622500,7024.85394900,False
862,1624060860000000000,BINANCE-001,MARGIN,USDT,6790.31003400,0.00000000,6790.31003400,False
863,1624060920000000000,BINANCE-001,MARGIN,USDT,6786.73503500,89.37497500,6697.36006000,False
864,1624089600001000000,BINANCE-001,MARGIN,USDT,6786.39731768,89.37497500,6697.02234268,True
865,1624089600001000000,BINANCE-001,MARGIN,USDT,6786.39731768,89.37497500,6697.02234268,False
866,1624118400000000000,BINANCE-001,MARGIN,USDT,6786.66720001,89.37497500,6697.29222501,True
867,1624118400000000000,BINANCE-001,MARGIN,USDT,6786.66720001,89.37497500,6697.29222501,False
868,1624147200005000000,BINANCE-001,MARGIN,USDT,6787.02208621,89.37497500,6697.64711121,True
869,1624147200005000000,BINANCE-001,MARGIN,USDT,6787.02208621,89.37497500,6697.64711121,False
870,1624176000000000000,BINANCE-001,MARGIN,USDT,6787.37823843,89.37497500,6698.00326343,True
871,1624176000000000000,BINANCE-001,MARGIN,USDT,6787.37823843,89.37497500,6698.00326343,False
872,1624204800002000000,BINANCE-001,MARGIN,USDT,6786.74409094,89.37497500,6697.36911594,True
873,1624204800002000000,BINANCE-001,MARGIN,USDT,6786.74409094,89.37497500,6697.36911594,False
874,1624233600019000000,BINANCE-001,MARGIN,USDT,6786.68654636,89.37497500,6697.31157136,True
875,1624233600019000000,BINANCE-001,MARGIN,USDT,6786.68654636,89.37497500,6697.31157136,False
876,1624262400000000000,BINANCE-001,MARGIN,USDT,6787.01639966,89.37497500,6697.64142466,True
877,1624262400000000000,BINANCE-001,MARGIN,USDT,6787.01639966,89.37497500,6697.64142466,False
878,1624291200024000000,BINANCE-001,MARGIN,USDT,6786.36791700,89.37497500,6696.99294200,True
879,1624291200024000000,BINANCE-001,MARGIN,USDT,6786.36791700,89.37497500,6696.99294200,False
880,1624320000008000000,BINANCE-001,MARGIN,USDT,6786.61921172,89.37497500,6697.24423672,True
881,1624320000008000000,BINANCE-001,MARGIN,USDT,6786.61921172,89.37497500,6697.24423672,False
882,1624348800009000000,BINANCE-001,MARGIN,USDT,6786.94549924,89.37497500,6697.57052424,True
883,1624348800009000000,BINANCE-001,MARGIN,USDT,6786.94549924,89.37497500,6697.57052424,False
884,1624377600001000000,BINANCE-001,MARGIN,USDT,6785.90768247,89.37497500,6696.53270747,True
885,1624377600001000000,BINANCE-001,MARGIN,USDT,6785.90768247,89.37497500,6696.53270747,False
886,1624406400003000000,BINANCE-001,MARGIN,USDT,6785.90985933,89.37497500,6696.53488433,True
887,1624406400003000000,BINANCE-001,MARGIN,USDT,6785.90985933,89.37497500,6696.53488433,False
888,1624435200000000000,BINANCE-001,MARGIN,USDT,6785.44489996,89.37497500,6696.06992496,True
889,1624435200000000000,BINANCE-001,MARGIN,USDT,6785.44489996,89.37497500,6696.06992496,False
890,1624464000000000000,BINANCE-001,MARGIN,USDT,6784.77872343,89.37497500,6695.40374843,True
891,1624464000000000000,BINANCE-001,MARGIN,USDT,6784.77872343,89.37497500,6695.40374843,False
892,1624492800009000000,BINANCE-001,MARGIN,USDT,6784.51679228,89.37497500,6695.14181728,True
893,1624492800009000000,BINANCE-001,MARGIN,USDT,6784.51679228,89.37497500,6695.14181728,False
894,1624521600018000000,BINANCE-001,MARGIN,USDT,6784.84521432,89.37497500,6695.47023932,True
895,1624521600018000000,BINANCE-001,MARGIN,USDT,6784.84521432,89.37497500,6695.47023932,False
896,1624550400001000000,BINANCE-001,MARGIN,USDT,6784.20614464,89.37497500,6694.83116964,True
897,1624550400001000000,BINANCE-001,MARGIN,USDT,6784.20614464,89.37497500,6694.83116964,False
898,1624579200009000000,BINANCE-001,MARGIN,USDT,6784.28832765,89.37497500,6694.91335265,True
899,1624579200009000000,BINANCE-001,MARGIN,USDT,6784.28832765,89.37497500,6694.91335265,False
900,1624608000004000000,BINANCE-001,MARGIN,USDT,6784.63107015,89.37497500,6695.25609515,True
901,1624608000004000000,BINANCE-001,MARGIN,USDT,6784.63107015,89.37497500,6695.25609515,False
902,1624636800000000000,BINANCE-001,MARGIN,USDT,6784.95710125,89.37497500,6695.58212625,True
903,1624636800000000000,BINANCE-001,MARGIN,USDT,6784.95710125,89.37497500,6695.58212625,False
904,1624665600007000000,BINANCE-001,MARGIN,USDT,6784.60889249,89.37497500,6695.23391749,True
905,1624665600007000000,BINANCE-001,MARGIN,USDT,6784.60889249,89.37497500,6695.23391749,False
906,1624694400000000000,BINANCE-001,MARGIN,USDT,6784.20610348,89.37497500,6694.83112848,True
907,1624694400000000000,BINANCE-001,MARGIN,USDT,6784.20610348,89.37497500,6694.83112848,False
908,1624723200002000000,BINANCE-001,MARGIN,USDT,6783.87911308,89.37497500,6694.50413808,True
909,1624723200002000000,BINANCE-001,MARGIN,USDT,6783.87911308,89.37497500,6694.50413808,False
910,1624752000005000000,BINANCE-001,MARGIN,USDT,6783.11832010,89.37497500,6693.74334510,True
911,1624752000005000000,BINANCE-001,MARGIN,USDT,6783.11832010,89.37497500,6693.74334510,False
912,1624780800010000000,BINANCE-001,MARGIN,USDT,6781.35895269,89.37497500,6691.98397769,True
913,1624780800010000000,BINANCE-001,MARGIN,USDT,6781.35895269,89.37497500,6691.98397769,False
914,1624809600001000000,BINANCE-001,MARGIN,USDT,6780.49293061,89.37497500,6691.11795561,True
915,1624809600001000000,BINANCE-001,MARGIN,USDT,6780.49293061,89.37497500,6691.11795561,False
916,1624838400025000000,BINANCE-001,MARGIN,USDT,6780.39185631,89.37497500,6691.01688131,True
917,1624838400025000000,BINANCE-001,MARGIN,USDT,6780.39185631,89.37497500,6691.01688131,False
918,1624867200017000000,BINANCE-001,MARGIN,USDT,6780.50780844,89.37497500,6691.13283344,True
919,1624867200017000000,BINANCE-001,MARGIN,USDT,6780.50780844,89.37497500,6691.13283344,False
920,1624896000007000000,BINANCE-001,MARGIN,USDT,6780.85728076,89.37497500,6691.48230576,True
921,1624896000007000000,BINANCE-001,MARGIN,USDT,6780.85728076,89.37497500,6691.48230576,False
922,1624924800008000000,BINANCE-001,MARGIN,USDT,6781.14504441,89.37497500,6691.77006941,True
923,1624924800008000000,BINANCE-001,MARGIN,USDT,6781.14504441,89.37497500,6691.77006941,False
924,1624953600000000000,BINANCE-001,MARGIN,USDT,6781.49351487,89.37497500,6692.11853987,True
925,1624953600000000000,BINANCE-001,MARGIN,USDT,6781.49351487,89.37497500,6692.11853987,False
926,1624982400000000000,BINANCE-001,MARGIN,USDT,6781.63425506,89.37497500,6692.25928006,True
927,1624982400000000000,BINANCE-001,MARGIN,USDT,6781.63425506,89.37497500,6692.25928006,False
928,1625011200011000000,BINANCE-001,MARGIN,USDT,6781.99332013,89.37497500,6692.61834513,True
929,1625011200011000000,BINANCE-001,MARGIN,USDT,6781.99332013,89.37497500,6692.61834513,False
930,1625011260000000000,BINANCE-001,MARGIN,USDT,6762.27419313,0.00000000,6762.27419313,False
931,1625011320000000000,BINANCE-001,MARGIN,USDT,6758.68147413,89.81797500,6668.86349913,False
932,1625040000044000000,BINANCE-001,MARGIN,USDT,6758.32919743,89.81797500,6668.51122243,True
933,1625040000044000000,BINANCE-001,MARGIN,USDT,6758.32919743,89.81797500,6668.51122243,False
934,1625068800005000000,BINANCE-001,MARGIN,USDT,6757.98725158,89.81797500,6668.16927658,True
935,1625068800005000000,BINANCE-001,MARGIN,USDT,6757.98725158,89.81797500,6668.16927658,False
936,1625097600000000000,BINANCE-001,MARGIN,USDT,6757.63693748,89.81797500,6667.81896248,True
937,1625097600000000000,BINANCE-001,MARGIN,USDT,6757.63693748,89.81797500,6667.81896248,False
938,1625097660000000000,BINANCE-001,MARGIN,USDT,6664.55279948,0.00000000,6664.55279948,False
939,1625097720000000000,BINANCE-001,MARGIN,USDT,6661.05629948,87.41250000,6573.64379948,False
940,1625126400004000000,BINANCE-001,MARGIN,USDT,6661.38968114,87.41250000,6573.97718114,True
941,1625126400004000000,BINANCE-001,MARGIN,USDT,6661.38968114,87.41250000,6573.97718114,False
942,1625155200028000000,BINANCE-001,MARGIN,USDT,6661.72390767,87.41250000,6574.31140767,True
943,1625155200028000000,BINANCE-001,MARGIN,USDT,6661.72390767,87.41250000,6574.31140767,False
944,1625184000002000000,BINANCE-001,MARGIN,USDT,6662.00215457,87.41250000,6574.58965457,True
945,1625184000002000000,BINANCE-001,MARGIN,USDT,6662.00215457,87.41250000,6574.58965457,False
946,1625212800016000000,BINANCE-001,MARGIN,USDT,6662.33567887,87.41250000,6574.92317887,True
947,1625212800016000000,BINANCE-001,MARGIN,USDT,6662.33567887,87.41250000,6574.92317887,False
948,1625241600007000000,BINANCE-001,MARGIN,USDT,6661.92510176,87.41250000,6574.51260176,True
949,1625241600007000000,BINANCE-001,MARGIN,USDT,6661.92510176,87.41250000,6574.51260176,False
950,1625270400008000000,BINANCE-001,MARGIN,USDT,6661.76080277,87.41250000,6574.34830277,True
951,1625270400008000000,BINANCE-001,MARGIN,USDT,6661.76080277,87.41250000,6574.34830277,False
952,1625299200000000000,BINANCE-001,MARGIN,USDT,6661.29365094,87.41250000,6573.88115094,True
953,1625299200000000000,BINANCE-001,MARGIN,USDT,6661.29365094,87.41250000,6573.88115094,False
954,1625328000004000000,BINANCE-001,MARGIN,USDT,6661.41577998,87.41250000,6574.00327998,True
955,1625328000004000000,BINANCE-001,MARGIN,USDT,6661.41577998,87.41250000,6574.00327998,False
956,1625356800012000000,BINANCE-001,MARGIN,USDT,6661.52788014,87.41250000,6574.11538014,True
957,1625356800012000000,BINANCE-001,MARGIN,USDT,6661.52788014,87.41250000,6574.11538014,False
958,1625385600002000000,BINANCE-001,MARGIN,USDT,6660.98481786,87.41250000,6573.57231786,True
959,1625385600002000000,BINANCE-001,MARGIN,USDT,6660.98481786,87.41250000,6573.57231786,False
960,1625414400003000000,BINANCE-001,MARGIN,USDT,6661.14192618,87.41250000,6573.72942618,True
961,1625414400003000000,BINANCE-001,MARGIN,USDT,6661.14192618,87.41250000,6573.72942618,False
962,1625443200004000000,BINANCE-001,MARGIN,USDT,6661.49472108,87.41250000,6574.08222108,True
963,1625443200004000000,BINANCE-001,MARGIN,USDT,6661.49472108,87.41250000,6574.08222108,False
964,1625443260000000000,BINANCE-001,MARGIN,USDT,6626.44970408,0.00000000,6626.44970408,False
965,1625443320000000000,BINANCE-001,MARGIN,USDT,6622.93852108,87.77957500,6535.15894608,False
966,1625472000000000000,BINANCE-001,MARGIN,USDT,6622.59615724,87.77957500,6534.81658224,True
967,1625472000000000000,BINANCE-001,MARGIN,USDT,6622.59615724,87.77957500,6534.81658224,False
968,1625500800009000000,BINANCE-001,MARGIN,USDT,6622.94671398,87.77957500,6535.16713898,True
969,1625500800009000000,BINANCE-001,MARGIN,USDT,6622.94671398,87.77957500,6535.16713898,False
970,1625529600008000000,BINANCE-001,MARGIN,USDT,6622.96964766,87.77957500,6535.19007266,True
971,1625529600008000000,BINANCE-001,MARGIN,USDT,6622.96964766,87.77957500,6535.19007266,False
972,1625529660000000000,BINANCE-001,MARGIN,USDT,6475.69037666,0.00000000,6475.69037666,False
973,1625529720000000000,BINANCE-001,MARGIN,USDT,6472.32656566,84.09527500,6388.23129066,False
974,1625558400019000000,BINANCE-001,MARGIN,USDT,6471.93830008,84.09527500,6387.84302508,True
975,1625558400019000000,BINANCE-001,MARGIN,USDT,6471.93830008,84.09527500,6387.84302508,False
976,1625587200000000000,BINANCE-001,MARGIN,USDT,6471.65885152,84.09527500,6387.56357652,True
977,1625587200000000000,BINANCE-001,MARGIN,USDT,6471.65885152,84.09527500,6387.56357652,False
978,1625616000007000000,BINANCE-001,MARGIN,USDT,6471.20171986,84.09527500,6387.10644486,True
979,1625616000007000000,BINANCE-001,MARGIN,USDT,6471.20171986,84.09527500,6387.10644486,False
980,1625644800001000000,BINANCE-001,MARGIN,USDT,6471.54878991,84.09527500,6387.45351491,True
981,1625644800001000000,BINANCE-001,MARGIN,USDT,6471.54878991,84.09527500,6387.45351491,False
982,1625673600008000000,BINANCE-001,MARGIN,USDT,6471.89408631,84.09527500,6387.79881131,True
983,1625673600008000000,BINANCE-001,MARGIN,USDT,6471.89408631,84.09527500,6387.79881131,False
984,1625702400002000000,BINANCE-001,MARGIN,USDT,6471.94086495,84.09527500,6387.84558995,True
985,1625702400002000000,BINANCE-001,MARGIN,USDT,6471.94086495,84.09527500,6387.84558995,False
986,1625731200010000000,BINANCE-001,MARGIN,USDT,6471.73286068,84.09527500,6387.63758568,True
987,1625731200010000000,BINANCE-001,MARGIN,USDT,6471.73286068,84.09527500,6387.63758568,False
988,1625760000003000000,BINANCE-001,MARGIN,USDT,6470.80971134,84.09527500,6386.71443634,True
989,1625760000003000000,BINANCE-001,MARGIN,USDT,6470.80971134,84.09527500,6386.71443634,False
990,1625788800000000000,BINANCE-001,MARGIN,USDT,6470.45214442,84.09527500,6386.35686942,True
991,1625788800000000000,BINANCE-001,MARGIN,USDT,6470.45214442,84.09527500,6386.35686942,False
992,1625817600006000000,BINANCE-001,MARGIN,USDT,6469.88124110,84.09527500,6385.78596610,True
993,1625817600006000000,BINANCE-001,MARGIN,USDT,6469.88124110,84.09527500,6385.78596610,False
994,1625846400000000000,BINANCE-001,MARGIN,USDT,6469.24927260,84.09527500,6385.15399760,True
995,1625846400000000000,BINANCE-001,MARGIN,USDT,6469.24927260,84.09527500,6385.15399760,False
996,1625875200002000000,BINANCE-001,MARGIN,USDT,6469.24653438,84.09527500,6385.15125938,True
997,1625875200002000000,BINANCE-001,MARGIN,USDT,6469.24653438,84.09527500,6385.15125938,False
998,1625904000000000000,BINANCE-001,MARGIN,USDT,6469.51130409,84.09527500,6385.41602909,True
999,1625904000000000000,BINANCE-001,MARGIN,USDT,6469.51130409,84.09527500,6385.41602909,False
1000,1625932800001000000,BINANCE-001,MARGIN,USDT,6469.51374087,84.09527500,6385.41846587,True
1001,1625932800001000000,BINANCE-001,MARGIN,USDT,6469.51374087,84.09527500,6385.41846587,False
1002,1625961600001000000,BINANCE-001,MARGIN,USDT,6469.77452941,84.09527500,6385.67925441,True
1003,1625961600001000000,BINANCE-001,MARGIN,USDT,6469.77452941,84.09527500,6385.67925441,False
1004,1625990400025000000,BINANCE-001,MARGIN,USDT,6470.10951941,84.09527500,6386.01424441,True
1005,1625990400025000000,BINANCE-001,MARGIN,USDT,6470.10951941,84.09527500,6386.01424441,False
1006,1626019200006000000,BINANCE-001,MARGIN,USDT,6469.99506974,84.09527500,6385.89979474,True
1007,1626019200006000000,BINANCE-001,MARGIN,USDT,6469.99506974,84.09527500,6385.89979474,False
1008,1626048000000000000,BINANCE-001,MARGIN,USDT,6470.29818100,84.09527500,6386.20290600,True
1009,1626048000000000000,BINANCE-001,MARGIN,USDT,6470.29818100,84.09527500,6386.20290600,False
1010,1626048060000000000,BINANCE-001,MARGIN,USDT,6405.30179900,0.00000000,6405.30179900,False
1011,1626048120000000000,BINANCE-001,MARGIN,USDT,6401.87979800,85.55002500,6316.32977300,False
1012,1626076800021000000,BINANCE-001,MARGIN,USDT,6401.76111098,85.55002500,6316.21108598,True
1013,1626076800021000000,BINANCE-001,MARGIN,USDT,6401.76111098,85.55002500,6316.21108598,False
1014,1626105600000000000,BINANCE-001,MARGIN,USDT,6401.42766747,85.55002500,6315.87764247,True
1015,1626105600000000000,BINANCE-001,MARGIN,USDT,6401.42766747,85.55002500,6315.87764247,False
1016,1626134400000000000,BINANCE-001,MARGIN,USDT,6401.09679643,85.55002500,6315.54677143,True
1017,1626134400000000000,BINANCE-001,MARGIN,USDT,6401.09679643,85.55002500,6315.54677143,False
1018,1626134460000000000,BINANCE-001,MARGIN,USDT,6282.87471043,0.00000000,6282.87471043,False
1019,1626134520000000000,BINANCE-001,MARGIN,USDT,6279.56670743,82.70007500,6196.86663243,False
1020,1626163200013000000,BINANCE-001,MARGIN,USDT,6279.89832409,82.70007500,6197.19824909,True
1021,1626163200013000000,BINANCE-001,MARGIN,USDT,6279.89832409,82.70007500,6197.19824909,False
1022,1626192000005000000,BINANCE-001,MARGIN,USDT,6279.90002828,82.70007500,6197.19995328,True
1023,1626192000005000000,BINANCE-001,MARGIN,USDT,6279.90002828,82.70007500,6197.19995328,False
1024,1626220800000000000,BINANCE-001,MARGIN,USDT,6280.22716353,82.70007500,6197.52708853,True
1025,1626220800000000000,BINANCE-001,MARGIN,USDT,6280.22716353,82.70007500,6197.52708853,False
1026,1626249600000000000,BINANCE-001,MARGIN,USDT,6280.26918951,82.70007500,6197.56911451,True
1027,1626249600000000000,BINANCE-001,MARGIN,USDT,6280.26918951,82.70007500,6197.56911451,False
1028,1626278400005000000,BINANCE-001,MARGIN,USDT,6279.88400891,82.70007500,6197.18393391,True
1029,1626278400005000000,BINANCE-001,MARGIN,USDT,6279.88400891,82.70007500,6197.18393391,False
1030,1626307200005000000,BINANCE-001,MARGIN,USDT,6279.72379737,82.70007500,6197.02372237,True
1031,1626307200005000000,BINANCE-001,MARGIN,USDT,6279.72379737,82.70007500,6197.02372237,False
1032,1626336000001000000,BINANCE-001,MARGIN,USDT,6280.04840697,82.70007500,6197.34833197,True
1033,1626336000001000000,BINANCE-001,MARGIN,USDT,6280.04840697,82.70007500,6197.34833197,False
1034,1626364800000000000,BINANCE-001,MARGIN,USDT,6280.09833356,82.70007500,6197.39825856,True
1035,1626364800000000000,BINANCE-001,MARGIN,USDT,6280.09833356,82.70007500,6197.39825856,False
1036,1626393600000000000,BINANCE-001,MARGIN,USDT,6279.73107273,82.70007500,6197.03099773,True
1037,1626393600000000000,BINANCE-001,MARGIN,USDT,6279.73107273,82.70007500,6197.03099773,False
1038,1626422400000000000,BINANCE-001,MARGIN,USDT,6279.92499173,82.70007500,6197.22491673,True
1039,1626422400000000000,BINANCE-001,MARGIN,USDT,6279.92499173,82.70007500,6197.22491673,False
1040,1626451200001000000,BINANCE-001,MARGIN,USDT,6279.95943868,82.70007500,6197.25936368,True
1041,1626451200001000000,BINANCE-001,MARGIN,USDT,6279.95943868,82.70007500,6197.25936368,False
1042,1626480000004000000,BINANCE-001,MARGIN,USDT,6280.27324087,82.70007500,6197.57316587,True
1043,1626480000004000000,BINANCE-001,MARGIN,USDT,6280.27324087,82.70007500,6197.57316587,False
1044,1626508800009000000,BINANCE-001,MARGIN,USDT,6280.13645222,82.70007500,6197.43637722,True
1045,1626508800009000000,BINANCE-001,MARGIN,USDT,6280.13645222,82.70007500,6197.43637722,False
1046,1626537600006000000,BINANCE-001,MARGIN,USDT,6280.21151462,82.70007500,6197.51143962,True
1047,1626537600006000000,BINANCE-001,MARGIN,USDT,6280.21151462,82.70007500,6197.51143962,False
1048,1626566400000000000,BINANCE-001,MARGIN,USDT,6280.52643382,82.70007500,6197.82635882,True
1049,1626566400000000000,BINANCE-001,MARGIN,USDT,6280.52643382,82.70007500,6197.82635882,False
1050,1626595200001000000,BINANCE-001,MARGIN,USDT,6280.84348372,82.70007500,6198.14340872,True
1051,1626595200001000000,BINANCE-001,MARGIN,USDT,6280.84348372,82.70007500,6198.14340872,False
1052,1626624000003000000,BINANCE-001,MARGIN,USDT,6280.70444287,82.70007500,6198.00436787,True
1053,1626624000003000000,BINANCE-001,MARGIN,USDT,6280.70444287,82.70007500,6198.00436787,False
1054,1626652800002000000,BINANCE-001,MARGIN,USDT,6280.46594555,82.70007500,6197.76587055,True
1055,1626652800002000000,BINANCE-001,MARGIN,USDT,6280.46594555,82.70007500,6197.76587055,False
1056,1626681600006000000,BINANCE-001,MARGIN,USDT,6280.56651901,82.70007500,6197.86644401,True
1057,1626681600006000000,BINANCE-001,MARGIN,USDT,6280.56651901,82.70007500,6197.86644401,False
1058,1626710400006000000,BINANCE-001,MARGIN,USDT,6280.52879164,82.70007500,6197.82871664,True
1059,1626710400006000000,BINANCE-001,MARGIN,USDT,6280.52879164,82.70007500,6197.82871664,False
1060,1626739200002000000,BINANCE-001,MARGIN,USDT,6280.04528536,82.70007500,6197.34521036,True
1061,1626739200002000000,BINANCE-001,MARGIN,USDT,6280.04528536,82.70007500,6197.34521036,False
1062,1626768000011000000,BINANCE-001,MARGIN,USDT,6279.67073691,82.70007500,6196.97066191,True
1063,1626768000011000000,BINANCE-001,MARGIN,USDT,6279.67073691,82.70007500,6196.97066191,False
1064,1626796800001000000,BINANCE-001,MARGIN,USDT,6279.10503898,82.70007500,6196.40496398,True
1065,1626796800001000000,BINANCE-001,MARGIN,USDT,6279.10503898,82.70007500,6196.40496398,False
1066,1626825600022000000,BINANCE-001,MARGIN,USDT,6278.42422041,82.70007500,6195.72414541,True
1067,1626825600022000000,BINANCE-001,MARGIN,USDT,6278.42422041,82.70007500,6195.72414541,False
1068,1626854400000000000,BINANCE-001,MARGIN,USDT,6277.21857760,82.70007500,6194.51850260,True
1069,1626854400000000000,BINANCE-001,MARGIN,USDT,6277.21857760,82.70007500,6194.51850260,False
1070,1626883200018000000,BINANCE-001,MARGIN,USDT,6276.18791919,82.70007500,6193.48784419,True
1071,1626883200018000000,BINANCE-001,MARGIN,USDT,6276.18791919,82.70007500,6193.48784419,False
1072,1626912000002000000,BINANCE-001,MARGIN,USDT,6275.66574075,82.70007500,6192.96566575,True
1073,1626912000002000000,BINANCE-001,MARGIN,USDT,6275.66574075,82.70007500,6192.96566575,False
1074,1626940800006000000,BINANCE-001,MARGIN,USDT,6275.70948153,82.70007500,6193.00940653,True
1075,1626940800006000000,BINANCE-001,MARGIN,USDT,6275.70948153,82.70007500,6193.00940653,False
1076,1626969600010000000,BINANCE-001,MARGIN,USDT,6275.75410319,82.70007500,6193.05402819,True
1077,1626969600010000000,BINANCE-001,MARGIN,USDT,6275.75410319,82.70007500,6193.05402819,False
1078,1626998400013000000,BINANCE-001,MARGIN,USDT,6275.76520399,82.70007500,6193.06512899,True
1079,1626998400013000000,BINANCE-001,MARGIN,USDT,6275.76520399,82.70007500,6193.06512899,False
1080,1627027200000000000,BINANCE-001,MARGIN,USDT,6275.21390686,82.70007500,6192.51383186,True
1081,1627027200000000000,BINANCE-001,MARGIN,USDT,6275.21390686,82.70007500,6192.51383186,False
1082,1627056000005000000,BINANCE-001,MARGIN,USDT,6275.18192895,82.70007500,6192.48185395,True
1083,1627056000005000000,BINANCE-001,MARGIN,USDT,6275.18192895,82.70007500,6192.48185395,False
1084,1627084800000000000,BINANCE-001,MARGIN,USDT,6274.93828809,82.70007500,6192.23821309,True
1085,1627084800000000000,BINANCE-001,MARGIN,USDT,6274.93828809,82.70007500,6192.23821309,False
1086,1627084860000000000,BINANCE-001,MARGIN,USDT,6216.13084109,0.00000000,6216.13084109,False
1087,1627084920000000000,BINANCE-001,MARGIN,USDT,6212.76308709,84.19385000,6128.56923709,False
1088,1627113600002000000,BINANCE-001,MARGIN,USDT,6213.21521673,84.19385000,6129.02136673,True
1089,1627113600002000000,BINANCE-001,MARGIN,USDT,6213.21521673,84.19385000,6129.02136673,False
1090,1627142400001000000,BINANCE-001,MARGIN,USDT,6213.57408915,84.19385000,6129.38023915,True
1091,1627142400001000000,BINANCE-001,MARGIN,USDT,6213.57408915,84.19385000,6129.38023915,False
1092,1627171200003000000,BINANCE-001,MARGIN,USDT,6214.45314298,84.19385000,6130.25929298,True
1093,1627171200003000000,BINANCE-001,MARGIN,USDT,6214.45314298,84.19385000,6130.25929298,False
1094,1627200000015000000,BINANCE-001,MARGIN,USDT,6215.20573199,84.19385000,6131.01188199,True
1095,1627200000015000000,BINANCE-001,MARGIN,USDT,6215.20573199,84.19385000,6131.01188199,False
1096,1627228800000000000,BINANCE-001,MARGIN,USDT,6215.38325128,84.19385000,6131.18940128,True
1097,1627228800000000000,BINANCE-001,MARGIN,USDT,6215.38325128,84.19385000,6131.18940128,False
1098,1627257600000000000,BINANCE-001,MARGIN,USDT,6217.32348418,84.19385000,6133.12963418,True
1099,1627257600000000000,BINANCE-001,MARGIN,USDT,6217.32348418,84.19385000,6133.12963418,False
1100,1627286400000000000,BINANCE-001,MARGIN,USDT,6216.94199627,84.19385000,6132.74814627,True
1101,1627286400000000000,BINANCE-001,MARGIN,USDT,6216.94199627,84.19385000,6132.74814627,False
1102,1627315200000000000,BINANCE-001,MARGIN,USDT,6216.55630422,84.19385000,6132.36245422,True
1103,1627315200000000000,BINANCE-001,MARGIN,USDT,6216.55630422,84.19385000,6132.36245422,False
1104,1627344000046000000,BINANCE-001,MARGIN,USDT,6216.18404562,84.19385000,6131.99019562,True
1105,1627344000046000000,BINANCE-001,MARGIN,USDT,6216.18404562,84.19385000,6131.99019562,False
1106,1627372800014000000,BINANCE-001,MARGIN,USDT,6215.81289395,84.19385000,6131.61904395,True
1107,1627372800014000000,BINANCE-001,MARGIN,USDT,6215.81289395,84.19385000,6131.61904395,False
1108,1627401600007000000,BINANCE-001,MARGIN,USDT,6215.89879093,84.19385000,6131.70494093,True
1109,1627401600007000000,BINANCE-001,MARGIN,USDT,6215.89879093,84.19385000,6131.70494093,False
1110,1627430400000000000,BINANCE-001,MARGIN,USDT,6215.97916495,84.19385000,6131.78531495,True
1111,1627430400000000000,BINANCE-001,MARGIN,USDT,6215.97916495,84.19385000,6131.78531495,False
1112,1627459200002000000,BINANCE-001,MARGIN,USDT,6215.58028505,84.19385000,6131.38643505,True
1113,1627459200002000000,BINANCE-001,MARGIN,USDT,6215.58028505,84.19385000,6131.38643505,False
1114,1627488000005000000,BINANCE-001,MARGIN,USDT,6215.18361855,84.19385000,6130.98976855,True
1115,1627488000005000000,BINANCE-001,MARGIN,USDT,6215.18361855,84.19385000,6130.98976855,False
1116,1627516800004000000,BINANCE-001,MARGIN,USDT,6215.12389174,84.19385000,6130.93004174,True
1117,1627516800004000000,BINANCE-001,MARGIN,USDT,6215.12389174,84.19385000,6130.93004174,False
1118,1627545600000000000,BINANCE-001,MARGIN,USDT,6214.79360868,84.19385000,6130.59975868,True
1119,1627545600000000000,BINANCE-001,MARGIN,USDT,6214.79360868,84.19385000,6130.59975868,False
1120,1627574400007000000,BINANCE-001,MARGIN,USDT,6214.39424705,84.19385000,6130.20039705,True
1121,1627574400007000000,BINANCE-001,MARGIN,USDT,6214.39424705,84.19385000,6130.20039705,False
1122,1627603200004000000,BINANCE-001,MARGIN,USDT,6213.99411705,84.19385000,6129.80026705,True
1123,1627603200004000000,BINANCE-001,MARGIN,USDT,6213.99411705,84.19385000,6129.80026705,False
1124,1627632000000000000,BINANCE-001,MARGIN,USDT,6213.59690215,84.19385000,6129.40305215,True
1125,1627632000000000000,BINANCE-001,MARGIN,USDT,6213.59690215,84.19385000,6129.40305215,False
1126,1627660800000000000,BINANCE-001,MARGIN,USDT,6213.68972400,84.19385000,6129.49587400,True
1127,1627660800000000000,BINANCE-001,MARGIN,USDT,6213.68972400,84.19385000,6129.49587400,False
1128,1627689600000000000,BINANCE-001,MARGIN,USDT,6213.26762810,84.19385000,6129.07377810,True
1129,1627689600000000000,BINANCE-001,MARGIN,USDT,6213.26762810,84.19385000,6129.07377810,False
1130,1627718400014000000,BINANCE-001,MARGIN,USDT,6212.85223755,84.19385000,6128.65838755,True
1131,1627718400014000000,BINANCE-001,MARGIN,USDT,6212.85223755,84.19385000,6128.65838755,False
1132,1627747200003000000,BINANCE-001,MARGIN,USDT,6212.43686625,84.19385000,6128.24301625,True
1133,1627747200003000000,BINANCE-001,MARGIN,USDT,6212.43686625,84.19385000,6128.24301625,False
