event_index,ts_event,account_id,account_type,currency,total,locked,free,reported
0,1609459200000000000,BINANCE-001,MARGIN,USDT,10000.00000000,0.00000000,10000.00000000,True
1,1612742460000000000,BINANCE-001,MARGIN,USDT,9990.01574018,249.60649550,9740.40924468,False
2,1612771200001000000,BINANCE-001,MARGIN,USDT,9984.16821160,249.60649550,9734.56171610,True
3,1612771200001000000,BINANCE-001,MARGIN,USDT,9984.16821160,249.60649550,9734.56171610,False
4,1612800000000000000,BINANCE-001,MARGIN,USDT,9956.15769514,249.60649550,9706.55119964,True
5,1612800000000000000,BINANCE-001,MARGIN,USDT,9956.15769514,249.60649550,9706.55119964,False
6,1612828800010000000,BINANCE-001,MARGIN,USDT,9940.51606767,249.60649550,9690.90957217,True
7,1612828800010000000,BINANCE-001,MARGIN,USDT,9940.51606767,249.60649550,9690.90957217,False
8,1612857600006000000,BINANCE-001,MARGIN,USDT,9917.68059083,249.60649550,9668.07409533,True
9,1612857600006000000,BINANCE-001,MARGIN,USDT,9917.68059083,249.60649550,9668.07409533,False
10,1612886400007000000,BINANCE-001,MARGIN,USDT,9898.27333579,249.60649550,9648.66684029,True
11,1612886400007000000,BINANCE-001,MARGIN,USDT,9898.27333579,249.60649550,9648.66684029,False
12,1612915200009000000,BINANCE-001,MARGIN,USDT,9883.41231772,249.60649550,9633.80582222,True
13,1612915200009000000,BINANCE-001,MARGIN,USDT,9883.41231772,249.60649550,9633.80582222,False
14,1612944000014000000,BINANCE-001,MARGIN,USDT,9862.37775676,249.60649550,9612.77126126,True
15,1612944000014000000,BINANCE-001,MARGIN,USDT,9862.37775676,249.60649550,9612.77126126,False
16,1612972800005000000,BINANCE-001,MARGIN,USDT,9849.56283107,249.60649550,9599.95633557,True
17,1612972800005000000,BINANCE-001,MARGIN,USDT,9849.56283107,249.60649550,9599.95633557,False
18,1613001600000000000,BINANCE-001,MARGIN,USDT,9840.71435683,249.60649550,9591.10786133,True
19,1613001600000000000,BINANCE-001,MARGIN,USDT,9840.71435683,249.60649550,9591.10786133,False
20,1613030400000000000,BINANCE-001,MARGIN,USDT,9831.15851259,249.60649550,9581.55201709,True
21,1613030400000000000,BINANCE-001,MARGIN,USDT,9831.15851259,249.60649550,9581.55201709,False
22,1613059200000000000,BINANCE-001,MARGIN,USDT,9809.64515173,249.60649550,9560.03865623,True
23,1613059200000000000,BINANCE-001,MARGIN,USDT,9809.64515173,249.60649550,9560.03865623,False
24,1613088000000000000,BINANCE-001,MARGIN,USDT,9793.73635040,249.60649550,9544.12985490,True
25,1613088000000000000,BINANCE-001,MARGIN,USDT,9793.73635040,249.60649550,9544.12985490,False
26,1613116800000000000,BINANCE-001,MARGIN,USDT,9778.43485407,249.60649550,9528.82835857,True
27,1613116800000000000,BINANCE-001,MARGIN,USDT,9778.43485407,249.60649550,9528.82835857,False
28,1613145600000000000,BINANCE-001,MARGIN,USDT,9765.67014085,249.60649550,9516.06364535,True
29,1613145600000000000,BINANCE-001,MARGIN,USDT,9765.67014085,249.60649550,9516.06364535,False
30,1613174400001000000,BINANCE-001,MARGIN,USDT,9748.62275872,249.60649550,9499.01626322,True
31,1613174400001000000,BINANCE-001,MARGIN,USDT,9748.62275872,249.60649550,9499.01626322,False
32,1613203200003000000,BINANCE-001,MARGIN,USDT,9731.50181994,249.60649550,9481.89532444,True
33,1613203200003000000,BINANCE-001,MARGIN,USDT,9731.50181994,249.60649550,9481.89532444,False
34,1613232000000000000,BINANCE-001,MARGIN,USDT,9722.30287439,249.60649550,9472.69637889,True
35,1613232000000000000,BINANCE-001,MARGIN,USDT,9722.30287439,249.60649550,9472.69637889,False
36,1613260800013000000,BINANCE-001,MARGIN,USDT,9711.98148406,249.60649550,9462.37498856,True
37,1613260800013000000,BINANCE-001,MARGIN,USDT,9711.98148406,249.60649550,9462.37498856,False
38,1613289600000000000,BINANCE-001,MARGIN,USDT,9693.63783308,249.60649550,9444.03133758,True
39,1613289600000000000,BINANCE-001,MARGIN,USDT,9693.63783308,249.60649550,9444.03133758,False
40,1613318400008000000,BINANCE-001,MARGIN,USDT,9674.94920112,249.60649550,9425.34270562,True
41,1613318400008000000,BINANCE-001,MARGIN,USDT,9674.94920112,249.60649550,9425.34270562,False
42,1613347200000000000,BINANCE-001,MARGIN,USDT,9660.20635882,249.60649550,9410.59986332,True
43,1613347200000000000,BINANCE-001,MARGIN,USDT,9660.20635882,249.60649550,9410.59986332,False
44,1613347260000000000,BINANCE-001,MARGIN,USDT,9728.50735242,242.80787500,9485.69947742,False
45,1613376000006000000,BINANCE-001,MARGIN,USDT,9723.70550812,242.80787500,9480.89763312,True
46,1613376000006000000,BINANCE-001,MARGIN,USDT,9723.70550812,242.80787500,9480.89763312,False
47,1613404800000000000,BINANCE-001,MARGIN,USDT,9715.53038445,242.80787500,9472.72250945,True
48,1613404800000000000,BINANCE-001,MARGIN,USDT,9715.53038445,242.80787500,9472.72250945,False
49,1613433600001000000,BINANCE-001,MARGIN,USDT,9703.58325987,242.80787500,9460.77538487,True
50,1613433600001000000,BINANCE-001,MARGIN,USDT,9703.58325987,242.80787500,9460.77538487,False
51,1613462400000000000,BINANCE-001,MARGIN,USDT,9688.38141875,242.80787500,9445.57354375,True
52,1613462400000000000,BINANCE-001,MARGIN,USDT,9688.38141875,242.80787500,9445.57354375,False
53,1613491200010000000,BINANCE-001,MARGIN,USDT,9670.99663440,242.80787500,9428.18875940,True
54,1613491200010000000,BINANCE-001,MARGIN,USDT,9670.99663440,242.80787500,9428.18875940,False
55,1613520000005000000,BINANCE-001,MARGIN,USDT,9658.19085521,242.80787500,9415.38298021,True
56,1613520000005000000,BINANCE-001,MARGIN,USDT,9658.19085521,242.80787500,9415.38298021,False
57,1613548800010000000,BINANCE-001,MARGIN,USDT,9646.23616984,242.80787500,9403.42829484,True
58,1613548800010000000,BINANCE-001,MARGIN,USDT,9646.23616984,242.80787500,9403.42829484,False
59,1613577600008000000,BINANCE-001,MARGIN,USDT,9627.39806265,242.80787500,9384.59018765,True
60,1613577600008000000,BINANCE-001,MARGIN,USDT,9627.39806265,242.80787500,9384.59018765,False
61,1613606400012000000,BINANCE-001,MARGIN,USDT,9610.14135021,242.80787500,9367.33347521,True
62,1613606400012000000,BINANCE-001,MARGIN,USDT,9610.14135021,242.80787500,9367.33347521,False
63,1613635200000000000,BINANCE-001,MARGIN,USDT,9590.07638216,242.80787500,9347.26850716,True
64,1613635200000000000,BINANCE-001,MARGIN,USDT,9590.07638216,242.80787500,9347.26850716,False
65,1613664000009000000,BINANCE-001,MARGIN,USDT,9573.82453482,242.80787500,9331.01665982,True
66,1613664000009000000,BINANCE-001,MARGIN,USDT,9573.82453482,242.80787500,9331.01665982,False
67,1613692800010000000,BINANCE-001,MARGIN,USDT,9562.05031966,242.80787500,9319.24244466,True
68,1613692800010000000,BINANCE-001,MARGIN,USDT,9562.05031966,242.80787500,9319.24244466,False
69,1613721600002000000,BINANCE-001,MARGIN,USDT,9551.09822667,242.80787500,9308.29035167,True
70,1613721600002000000,BINANCE-001,MARGIN,USDT,9551.09822667,242.80787500,9308.29035167,False
71,1613750400008000000,BINANCE-001,MARGIN,USDT,9533.73181440,242.80787500,9290.92393940,True
72,1613750400008000000,BINANCE-001,MARGIN,USDT,9533.73181440,242.80787500,9290.92393940,False
73,1613779200000000000,BINANCE-001,MARGIN,USDT,9511.85393386,242.80787500,9269.04605886,True
74,1613779200000000000,BINANCE-001,MARGIN,USDT,9511.85393386,242.80787500,9269.04605886,False
75,1613808000009000000,BINANCE-001,MARGIN,USDT,9495.75215256,242.80787500,9252.94427756,True
76,1613808000009000000,BINANCE-001,MARGIN,USDT,9495.75215256,242.80787500,9252.94427756,False
77,1613836800000000000,BINANCE-001,MARGIN,USDT,9478.53675703,242.80787500,9235.72888203,True
78,1613836800000000000,BINANCE-001,MARGIN,USDT,9478.53675703,242.80787500,9235.72888203,False
79,1613865600007000000,BINANCE-001,MARGIN,USDT,9464.50269867,242.80787500,9221.69482367,True
80,1613865600007000000,BINANCE-001,MARGIN,USDT,9464.50269867,242.80787500,9221.69482367,False
81,1613894400012000000,BINANCE-001,MARGIN,USDT,9450.60395342,242.80787500,9207.79607842,True
82,1613894400012000000,BINANCE-001,MARGIN,USDT,9450.60395342,242.80787500,9207.79607842,False
83,1613923200001000000,BINANCE-001,MARGIN,USDT,9432.55197221,242.80787500,9189.74409721,True
84,1613923200001000000,BINANCE-001,MARGIN,USDT,9432.55197221,242.80787500,9189.74409721,False
85,1613952000006000000,BINANCE-001,MARGIN,USDT,9415.73495713,242.80787500,9172.92708213,True
86,1613952000006000000,BINANCE-001,MARGIN,USDT,9415.73495713,242.80787500,9172.92708213,False
87,1613952060000000000,BINANCE-001,MARGIN,USDT,9508.63832003,237.95171750,9270.68660253,False
88,1613980800002000000,BINANCE-001,MARGIN,USDT,9495.93317181,237.95171750,9257.98145431,True
89,1613980800002000000,BINANCE-001,MARGIN,USDT,9495.93317181,237.95171750,9257.98145431,False
90,1614009600000000000,BINANCE-001,MARGIN,USDT,9485.76700911,237.95171750,9247.81529161,True
91,1614009600000000000,BINANCE-001,MARGIN,USDT,9485.76700911,237.95171750,9247.81529161,False
92,1614038400000000000,BINANCE-001,MARGIN,USDT,9482.45951941,237.95171750,9244.50780191,True
93,1614038400000000000,BINANCE-001,MARGIN,USDT,9482.45951941,237.95171750,9244.50780191,False
94,1614067200006000000,BINANCE-001,MARGIN,USDT,9478.85256440,237.95171750,9240.90084690,True
95,1614067200006000000,BINANCE-001,MARGIN,USDT,9478.85256440,237.95171750,9240.90084690,False
96,1614096000000000000,BINANCE-001,MARGIN,USDT,9477.27064660,237.95171750,9239.31892910,True
97,1614096000000000000,BINANCE-001,MARGIN,USDT,9477.27064660,237.95171750,9239.31892910,False
98,1614124800012000000,BINANCE-001,MARGIN,USDT,9476.07176224,237.95171750,9238.12004474,True
99,1614124800012000000,BINANCE-001,MARGIN,USDT,9476.07176224,237.95171750,9238.12004474,False
100,1614153600016000000,BINANCE-001,MARGIN,USDT,9469.71124997,237.95171750,9231.75953247,True
101,1614153600016000000,BINANCE-001,MARGIN,USDT,9469.71124997,237.95171750,9231.75953247,False
102,1614182400011000000,BINANCE-001,MARGIN,USDT,9465.15687668,237.95171750,9227.20515918,True
103,1614182400011000000,BINANCE-001,MARGIN,USDT,9465.15687668,237.95171750,9227.20515918,False
104,1614211200007000000,BINANCE-001,MARGIN,USDT,9463.00067958,237.95171750,9225.04896208,True
105,1614211200007000000,BINANCE-001,MARGIN,USDT,9463.00067958,237.95171750,9225.04896208,False
106,1614240000000000000,BINANCE-001,MARGIN,USDT,9460.74679836,237.95171750,9222.79508086,True
107,1614240000000000000,BINANCE-001,MARGIN,USDT,9460.74679836,237.95171750,9222.79508086,False
108,1614268800010000000,BINANCE-001,MARGIN,USDT,9456.50305505,237.95171750,9218.55133755,True
109,1614268800010000000,BINANCE-001,MARGIN,USDT,9456.50305505,237.95171750,9218.55133755,False
110,1614297600000000000,BINANCE-001,MARGIN,USDT,9455.34914747,237.95171750,9217.39742997,True
111,1614297600000000000,BINANCE-001,MARGIN,USDT,9455.34914747,237.95171750,9217.39742997,False
112,1614326400025000000,BINANCE-001,MARGIN,USDT,9454.24841063,237.95171750,9216.29669313,True
113,1614326400025000000,BINANCE-001,MARGIN,USDT,9454.24841063,237.95171750,9216.29669313,False
114,1614355200010000000,BINANCE-001,MARGIN,USDT,9453.08187571,237.95171750,9215.13015821,True
115,1614355200010000000,BINANCE-001,MARGIN,USDT,9453.08187571,237.95171750,9215.13015821,False
116,1614384000001000000,BINANCE-001,MARGIN,USDT,9449.65879532,237.95171750,9211.70707782,True
117,1614384000001000000,BINANCE-001,MARGIN,USDT,9449.65879532,237.95171750,9211.70707782,False
118,1614412800000000000,BINANCE-001,MARGIN,USDT,9444.50505990,237.95171750,9206.55334240,True
119,1614412800000000000,BINANCE-001,MARGIN,USDT,9444.50505990,237.95171750,9206.55334240,False
120,1614441600000000000,BINANCE-001,MARGIN,USDT,9443.35991269,237.95171750,9205.40819519,True
121,1614441600000000000,BINANCE-001,MARGIN,USDT,9443.35991269,237.95171750,9205.40819519,False
122,1614470400021000000,BINANCE-001,MARGIN,USDT,9442.23002659,237.95171750,9204.27830909,True
123,1614470400021000000,BINANCE-001,MARGIN,USDT,9442.23002659,237.95171750,9204.27830909,False
124,1614499200009000000,BINANCE-001,MARGIN,USDT,9441.14118363,237.95171750,9203.18946613,True
125,1614499200009000000,BINANCE-001,MARGIN,USDT,9441.14118363,237.95171750,9203.18946613,False
126,1614528000000000000,BINANCE-001,MARGIN,USDT,9437.12844965,237.95171750,9199.17673215,True
127,1614528000000000000,BINANCE-001,MARGIN,USDT,9437.12844965,237.95171750,9199.17673215,False
128,1614556800000000000,BINANCE-001,MARGIN,USDT,9435.25499797,237.95171750,9197.30328047,True
129,1614556800000000000,BINANCE-001,MARGIN,USDT,9435.25499797,237.95171750,9197.30328047,False
130,1614556860000000000,BINANCE-001,MARGIN,USDT,9447.79285127,236.00925450,9211.78359677,False
131,1614585600003000000,BINANCE-001,MARGIN,USDT,9446.66782323,236.00925450,9210.65856873,True
132,1614585600003000000,BINANCE-001,MARGIN,USDT,9446.66782323,236.00925450,9210.65856873,False
133,1614614400001000000,BINANCE-001,MARGIN,USDT,9445.47284455,236.00925450,9209.46359005,True
134,1614614400001000000,BINANCE-001,MARGIN,USDT,9445.47284455,236.00925450,9209.46359005,False
135,1614643200000000000,BINANCE-001,MARGIN,USDT,9444.26803649,236.00925450,9208.25878199,True
136,1614643200000000000,BINANCE-001,MARGIN,USDT,9444.26803649,236.00925450,9208.25878199,False
137,1614672000000000000,BINANCE-001,MARGIN,USDT,9443.09280611,236.00925450,9207.08355161,True
138,1614672000000000000,BINANCE-001,MARGIN,USDT,9443.09280611,236.00925450,9207.08355161,False
139,1614700800004000000,BINANCE-001,MARGIN,USDT,9441.90979997,236.00925450,9205.90054547,True
140,1614700800004000000,BINANCE-001,MARGIN,USDT,9441.90979997,236.00925450,9205.90054547,False
141,1614729600000000000,BINANCE-001,MARGIN,USDT,9440.73261886,236.00925450,9204.72336436,True
142,1614729600000000000,BINANCE-001,MARGIN,USDT,9440.73261886,236.00925450,9204.72336436,False
143,1614758400016000000,BINANCE-001,MARGIN,USDT,9439.52379751,236.00925450,9203.51454301,True
144,1614758400016000000,BINANCE-001,MARGIN,USDT,9439.52379751,236.00925450,9203.51454301,False
145,1614787200000000000,BINANCE-001,MARGIN,USDT,9433.96200295,236.00925450,9197.95274845,True
146,1614787200000000000,BINANCE-001,MARGIN,USDT,9433.96200295,236.00925450,9197.95274845,False
147,1614816000000000000,BINANCE-001,MARGIN,USDT,9432.73799615,236.00925450,9196.72874165,True
148,1614816000000000000,BINANCE-001,MARGIN,USDT,9432.73799615,236.00925450,9196.72874165,False
149,1614844800015000000,BINANCE-001,MARGIN,USDT,9431.53029037,236.00925450,9195.52103587,True
150,1614844800015000000,BINANCE-001,MARGIN,USDT,9431.53029037,236.00925450,9195.52103587,False
151,1614873600001000000,BINANCE-001,MARGIN,USDT,9430.32886751,236.00925450,9194.31961301,True
152,1614873600001000000,BINANCE-001,MARGIN,USDT,9430.32886751,236.00925450,9194.31961301,False
153,1614902400000000000,BINANCE-001,MARGIN,USDT,9429.15343939,236.00925450,9193.14418489,True
154,1614902400000000000,BINANCE-001,MARGIN,USDT,9429.15343939,236.00925450,9193.14418489,False
155,1614931200002000000,BINANCE-001,MARGIN,USDT,9428.00083597,236.00925450,9191.99158147,True
156,1614931200002000000,BINANCE-001,MARGIN,USDT,9428.00083597,236.00925450,9191.99158147,False
157,1614960000008000000,BINANCE-001,MARGIN,USDT,9426.83676707,236.00925450,9190.82751257,True
158,1614960000008000000,BINANCE-001,MARGIN,USDT,9426.83676707,236.00925450,9190.82751257,False
159,1614988800000000000,BINANCE-001,MARGIN,USDT,9425.65153554,236.00925450,9189.64228104,True
160,1614988800000000000,BINANCE-001,MARGIN,USDT,9425.65153554,236.00925450,9189.64228104,False
161,1615017600000000000,BINANCE-001,MARGIN,USDT,9424.46468733,236.00925450,9188.45543283,True
162,1615017600000000000,BINANCE-001,MARGIN,USDT,9424.46468733,236.00925450,9188.45543283,False
163,1615046400000000000,BINANCE-001,MARGIN,USDT,9423.31609449,236.00925450,9187.30683999,True
164,1615046400000000000,BINANCE-001,MARGIN,USDT,9423.31609449,236.00925450,9187.30683999,False
165,1615075200006000000,BINANCE-001,MARGIN,USDT,9422.12846723,236.00925450,9186.11921273,True
166,1615075200006000000,BINANCE-001,MARGIN,USDT,9422.12846723,236.00925450,9186.11921273,False
167,1615104000005000000,BINANCE-001,MARGIN,USDT,9420.91160751,236.00925450,9184.90235301,True
168,1615104000005000000,BINANCE-001,MARGIN,USDT,9420.91160751,236.00925450,9184.90235301,False
169,1615132800008000000,BINANCE-001,MARGIN,USDT,9418.74734631,236.00925450,9182.73809181,True
170,1615132800008000000,BINANCE-001,MARGIN,USDT,9418.74734631,236.00925450,9182.73809181,False
171,1615161600000000000,BINANCE-001,MARGIN,USDT,9417.50872574,236.00925450,9181.49947124,True
172,1615161600000000000,BINANCE-001,MARGIN,USDT,9417.50872574,236.00925450,9181.49947124,False
173,1615161660000000000,BINANCE-001,MARGIN,USDT,9429.60373048,235.03802300,9194.56570748,False
174,1615190400000000000,BINANCE-001,MARGIN,USDT,9428.39870463,235.03802300,9193.36068163,True
175,1615190400000000000,BINANCE-001,MARGIN,USDT,9428.39870463,235.03802300,9193.36068163,False
176,1615219200006000000,BINANCE-001,MARGIN,USDT,9425.33978277,235.03802300,9190.30175977,True
177,1615219200006000000,BINANCE-001,MARGIN,USDT,9425.33978277,235.03802300,9190.30175977,False
178,1615248000000000000,BINANCE-001,MARGIN,USDT,9416.15366490,235.03802300,9181.11564190,True
179,1615248000000000000,BINANCE-001,MARGIN,USDT,9416.15366490,235.03802300,9181.11564190,False
180,1615276800000000000,BINANCE-001,MARGIN,USDT,9410.71110796,235.03802300,9175.67308496,True
181,1615276800000000000,BINANCE-001,MARGIN,USDT,9410.71110796,235.03802300,9175.67308496,False
182,1615305600000000000,BINANCE-001,MARGIN,USDT,9403.23873937,235.03802300,9168.20071637,True
183,1615305600000000000,BINANCE-001,MARGIN,USDT,9403.23873937,235.03802300,9168.20071637,False
184,1615334400009000000,BINANCE-001,MARGIN,USDT,9400.00318527,235.03802300,9164.96516227,True
185,1615334400009000000,BINANCE-001,MARGIN,USDT,9400.00318527,235.03802300,9164.96516227,False
186,1615363200006000000,BINANCE-001,MARGIN,USDT,9393.63027899,235.03802300,9158.59225599,True
187,1615363200006000000,BINANCE-001,MARGIN,USDT,9393.63027899,235.03802300,9158.59225599,False
188,1615392000008000000,BINANCE-001,MARGIN,USDT,9385.86347567,235.03802300,9150.82545267,True
189,1615392000008000000,BINANCE-001,MARGIN,USDT,9385.86347567,235.03802300,9150.82545267,False
190,1615420800000000000,BINANCE-001,MARGIN,USDT,9372.87986464,235.03802300,9137.84184164,True
191,1615420800000000000,BINANCE-001,MARGIN,USDT,9372.87986464,235.03802300,9137.84184164,False
192,1615449600000000000,BINANCE-001,MARGIN,USDT,9359.63658060,235.03802300,9124.59855760,True
193,1615449600000000000,BINANCE-001,MARGIN,USDT,9359.63658060,235.03802300,9124.59855760,False
194,1615478400014000000,BINANCE-001,MARGIN,USDT,9347.97204503,235.03802300,9112.93402203,True
195,1615478400014000000,BINANCE-001,MARGIN,USDT,9347.97204503,235.03802300,9112.93402203,False
196,1615507200002000000,BINANCE-001,MARGIN,USDT,9333.68960506,235.03802300,9098.65158206,True
197,1615507200002000000,BINANCE-001,MARGIN,USDT,9333.68960506,235.03802300,9098.65158206,False
198,1615536000005000000,BINANCE-001,MARGIN,USDT,9324.46810378,235.03802300,9089.43008078,True
199,1615536000005000000,BINANCE-001,MARGIN,USDT,9324.46810378,235.03802300,9089.43008078,False
200,1615564800011000000,BINANCE-001,MARGIN,USDT,9317.40356894,235.03802300,9082.36554594,True
201,1615564800011000000,BINANCE-001,MARGIN,USDT,9317.40356894,235.03802300,9082.36554594,False
202,1615593600000000000,BINANCE-001,MARGIN,USDT,9310.76863568,235.03802300,9075.73061268,True
203,1615593600000000000,BINANCE-001,MARGIN,USDT,9310.76863568,235.03802300,9075.73061268,False
204,1615622400002000000,BINANCE-001,MARGIN,USDT,9302.35722406,235.03802300,9067.31920106,True
205,1615622400002000000,BINANCE-001,MARGIN,USDT,9302.35722406,235.03802300,9067.31920106,False
206,1615651200000000000,BINANCE-001,MARGIN,USDT,9294.10233159,235.03802300,9059.06430859,True
207,1615651200000000000,BINANCE-001,MARGIN,USDT,9294.10233159,235.03802300,9059.06430859,False
208,1615680000011000000,BINANCE-001,MARGIN,USDT,9281.97417037,235.03802300,9046.93614737,True
209,1615680000011000000,BINANCE-001,MARGIN,USDT,9281.97417037,235.03802300,9046.93614737,False
210,1615708800000000000,BINANCE-001,MARGIN,USDT,9269.57000175,235.03802300,9034.53197875,True
211,1615708800000000000,BINANCE-001,MARGIN,USDT,9269.57000175,235.03802300,9034.53197875,False
212,1615737600000000000,BINANCE-001,MARGIN,USDT,9252.92727516,235.03802300,9017.88925216,True
213,1615737600000000000,BINANCE-001,MARGIN,USDT,9252.92727516,235.03802300,9017.88925216,False
214,1615766400012000000,BINANCE-001,MARGIN,USDT,9241.20668388,235.03802300,9006.16866088,True
215,1615766400012000000,BINANCE-001,MARGIN,USDT,9241.20668388,235.03802300,9006.16866088,False
216,1615766460000000000,BINANCE-001,MARGIN,USDT,9301.59312255,232.12432850,9069.46879405,False
217,1615795200016000000,BINANCE-001,MARGIN,USDT,9287.05055530,232.12432850,9054.92622680,True
218,1615795200016000000,BINANCE-001,MARGIN,USDT,9287.05055530,232.12432850,9054.92622680,False
219,1615824000030000000,BINANCE-001,MARGIN,USDT,9284.92967194,232.12432850,9052.80534344,True
220,1615824000030000000,BINANCE-001,MARGIN,USDT,9284.92967194,232.12432850,9052.80534344,False
221,1615852800005000000,BINANCE-001,MARGIN,USDT,9281.92643766,232.12432850,9049.80210916,True
222,1615852800005000000,BINANCE-001,MARGIN,USDT,9281.92643766,232.12432850,9049.80210916,False
223,1615881600008000000,BINANCE-001,MARGIN,USDT,9277.19209528,232.12432850,9045.06776678,True
224,1615881600008000000,BINANCE-001,MARGIN,USDT,9277.19209528,232.12432850,9045.06776678,False
225,1615910400012000000,BINANCE-001,MARGIN,USDT,9271.75958673,232.12432850,9039.63525823,True
226,1615910400012000000,BINANCE-001,MARGIN,USDT,9271.75958673,232.12432850,9039.63525823,False
227,1615939200010000000,BINANCE-001,MARGIN,USDT,9266.94574773,232.12432850,9034.82141923,True
228,1615939200010000000,BINANCE-001,MARGIN,USDT,9266.94574773,232.12432850,9034.82141923,False
229,1615968000000000000,BINANCE-001,MARGIN,USDT,9264.37813508,232.12432850,9032.25380658,True
230,1615968000000000000,BINANCE-001,MARGIN,USDT,9264.37813508,232.12432850,9032.25380658,False
231,1615996800009000000,BINANCE-001,MARGIN,USDT,9261.15056999,232.12432850,9029.02624149,True
232,1615996800009000000,BINANCE-001,MARGIN,USDT,9261.15056999,232.12432850,9029.02624149,False
233,1616025600001000000,BINANCE-001,MARGIN,USDT,9256.88724885,232.12432850,9024.76292035,True
234,1616025600001000000,BINANCE-001,MARGIN,USDT,9256.88724885,232.12432850,9024.76292035,False
235,1616054400000000000,BINANCE-001,MARGIN,USDT,9252.80346390,232.12432850,9020.67913540,True
236,1616054400000000000,BINANCE-001,MARGIN,USDT,9252.80346390,232.12432850,9020.67913540,False
237,1616083200000000000,BINANCE-001,MARGIN,USDT,9248.16991238,232.12432850,9016.04558388,True
238,1616083200000000000,BINANCE-001,MARGIN,USDT,9248.16991238,232.12432850,9016.04558388,False
239,1616112000011000000,BINANCE-001,MARGIN,USDT,9243.75618896,232.12432850,9011.63186046,True
240,1616112000011000000,BINANCE-001,MARGIN,USDT,9243.75618896,232.12432850,9011.63186046,False
241,1616140800001000000,BINANCE-001,MARGIN,USDT,9241.97389148,232.12432850,9009.84956298,True
242,1616140800001000000,BINANCE-001,MARGIN,USDT,9241.97389148,232.12432850,9009.84956298,False
243,1616169600000000000,BINANCE-001,MARGIN,USDT,9237.28236629,232.12432850,9005.15803779,True
244,1616169600000000000,BINANCE-001,MARGIN,USDT,9237.28236629,232.12432850,9005.15803779,False
245,1616198400000000000,BINANCE-001,MARGIN,USDT,9230.43909208,232.12432850,8998.31476358,True
246,1616198400000000000,BINANCE-001,MARGIN,USDT,9230.43909208,232.12432850,8998.31476358,False
247,1616227200000000000,BINANCE-001,MARGIN,USDT,9224.22699555,232.12432850,8992.10266705,True
248,1616227200000000000,BINANCE-001,MARGIN,USDT,9224.22699555,232.12432850,8992.10266705,False
249,1616256000007000000,BINANCE-001,MARGIN,USDT,9217.29398105,232.12432850,8985.16965255,True
250,1616256000007000000,BINANCE-001,MARGIN,USDT,9217.29398105,232.12432850,8985.16965255,False
251,1616284800000000000,BINANCE-001,MARGIN,USDT,9212.93420732,232.12432850,8980.80987882,True
252,1616284800000000000,BINANCE-001,MARGIN,USDT,9212.93420732,232.12432850,8980.80987882,False
253,1616313600000000000,BINANCE-001,MARGIN,USDT,9207.15995003,232.12432850,8975.03562153,True
254,1616313600000000000,BINANCE-001,MARGIN,USDT,9207.15995003,232.12432850,8975.03562153,False
255,1616342400000000000,BINANCE-001,MARGIN,USDT,9205.79284828,232.12432850,8973.66851978,True
256,1616342400000000000,BINANCE-001,MARGIN,USDT,9205.79284828,232.12432850,8973.66851978,False
257,1616371200007000000,BINANCE-001,MARGIN,USDT,9198.66926091,232.12432850,8966.54493241,True
258,1616371200007000000,BINANCE-001,MARGIN,USDT,9198.66926091,232.12432850,8966.54493241,False
259,1616371260000000000,BINANCE-001,MARGIN,USDT,13622.19952528,0.00000000,13622.19952528,False
260,1616371320000000000,BINANCE-001,MARGIN,USDT,13608.58402696,340.38745800,13268.19656896,False
261,1616400000001000000,BINANCE-001,MARGIN,USDT,13614.80761224,340.38745800,13274.42015424,True
262,1616400000001000000,BINANCE-001,MARGIN,USDT,13614.80761224,340.38745800,13274.42015424,False
263,1616428800000000000,BINANCE-001,MARGIN,USDT,13621.43606396,340.38745800,13281.04860596,True
264,1616428800000000000,BINANCE-001,MARGIN,USDT,13621.43606396,340.38745800,13281.04860596,False
265,1616457600000000000,BINANCE-001,MARGIN,USDT,13624.54070841,340.38745800,13284.15325041,True
266,1616457600000000000,BINANCE-001,MARGIN,USDT,13624.54070841,340.38745800,13284.15325041,False
267,1616486400010000000,BINANCE-001,MARGIN,USDT,13627.95998885,340.38745800,13287.57253085,True
268,1616486400010000000,BINANCE-001,MARGIN,USDT,13627.95998885,340.38745800,13287.57253085,False
269,1616515200023000000,BINANCE-001,MARGIN,USDT,13633.48835078,340.38745800,13293.10089278,True
270,1616515200023000000,BINANCE-001,MARGIN,USDT,13633.48835078,340.38745800,13293.10089278,False
271,1616544000002000000,BINANCE-001,MARGIN,USDT,13640.37955881,340.38745800,13299.99210081,True
272,1616544000002000000,BINANCE-001,MARGIN,USDT,13640.37955881,340.38745800,13299.99210081,False
273,1616572800000000000,BINANCE-001,MARGIN,USDT,13642.55829395,340.38745800,13302.17083595,True
274,1616572800000000000,BINANCE-001,MARGIN,USDT,13642.55829395,340.38745800,13302.17083595,False
275,1616601600000000000,BINANCE-001,MARGIN,USDT,13646.08693571,340.38745800,13305.69947771,True
276,1616601600000000000,BINANCE-001,MARGIN,USDT,13646.08693571,340.38745800,13305.69947771,False
277,1616630400000000000,BINANCE-001,MARGIN,USDT,13647.55326825,340.38745800,13307.16581025,True
278,1616630400000000000,BINANCE-001,MARGIN,USDT,13647.55326825,340.38745800,13307.16581025,False
279,1616659200000000000,BINANCE-001,MARGIN,USDT,13648.79229145,340.38745800,13308.40483345,True
280,1616659200000000000,BINANCE-001,MARGIN,USDT,13648.79229145,340.38745800,13308.40483345,False
281,1616688000000000000,BINANCE-001,MARGIN,USDT,13650.00111398,340.38745800,13309.61365598,True
282,1616688000000000000,BINANCE-001,MARGIN,USDT,13650.00111398,340.38745800,13309.61365598,False
283,1616716800008000000,BINANCE-001,MARGIN,USDT,13651.94768106,340.38745800,13311.56022306,True
284,1616716800008000000,BINANCE-001,MARGIN,USDT,13651.94768106,340.38745800,13311.56022306,False
285,1616745600000000000,BINANCE-001,MARGIN,USDT,13653.21723937,340.38745800,13312.82978137,True
286,1616745600000000000,BINANCE-001,MARGIN,USDT,13653.21723937,340.38745800,13312.82978137,False
287,1616774400012000000,BINANCE-001,MARGIN,USDT,13654.48054225,340.38745800,13314.09308425,True
288,1616774400012000000,BINANCE-001,MARGIN,USDT,13654.48054225,340.38745800,13314.09308425,False
289,1616803200018000000,BINANCE-001,MARGIN,USDT,13655.78475349,340.38745800,13315.39729549,True
290,1616803200018000000,BINANCE-001,MARGIN,USDT,13655.78475349,340.38745800,13315.39729549,False
291,1616832000000000000,BINANCE-001,MARGIN,USDT,13657.08753815,340.38745800,13316.70008015,True
292,1616832000000000000,BINANCE-001,MARGIN,USDT,13657.08753815,340.38745800,13316.70008015,False
293,1616860800001000000,BINANCE-001,MARGIN,USDT,13658.39058880,340.38745800,13318.00313080,True
294,1616860800001000000,BINANCE-001,MARGIN,USDT,13658.39058880,340.38745800,13318.00313080,False
295,1616889600000000000,BINANCE-001,MARGIN,USDT,13659.71443884,340.38745800,13319.32698084,True
296,1616889600000000000,BINANCE-001,MARGIN,USDT,13659.71443884,340.38745800,13319.32698084,False
297,1616918400000000000,BINANCE-001,MARGIN,USDT,13661.04654450,340.38745800,13320.65908650,True
298,1616918400000000000,BINANCE-001,MARGIN,USDT,13661.04654450,340.38745800,13320.65908650,False
299,1616947200005000000,BINANCE-001,MARGIN,USDT,13662.38243671,340.38745800,13321.99497871,True
300,1616947200005000000,BINANCE-001,MARGIN,USDT,13662.38243671,340.38745800,13321.99497871,False
301,1616976000003000000,BINANCE-001,MARGIN,USDT,13663.70474156,340.38745800,13323.31728356,True
302,1616976000003000000,BINANCE-001,MARGIN,USDT,13663.70474156,340.38745800,13323.31728356,False
303,1616976060000000000,BINANCE-001,MARGIN,USDT,14040.17092523,0.00000000,14040.17092523,False
304,1616976120000000000,BINANCE-001,MARGIN,USDT,14026.15080819,350.50292600,13675.64788219,False
305,1617004800000000000,BINANCE-001,MARGIN,USDT,14024.74694384,350.50292600,13674.24401784,True
306,1617004800000000000,BINANCE-001,MARGIN,USDT,14024.74694384,350.50292600,13674.24401784,False
307,1617033600000000000,BINANCE-001,MARGIN,USDT,14022.11292070,350.50292600,13671.60999470,True
308,1617033600000000000,BINANCE-001,MARGIN,USDT,14022.11292070,350.50292600,13671.60999470,False
309,1617062400018000000,BINANCE-001,MARGIN,USDT,14017.47687514,350.50292600,13666.97394914,True
310,1617062400018000000,BINANCE-001,MARGIN,USDT,14017.47687514,350.50292600,13666.97394914,False
311,1617091200012000000,BINANCE-001,MARGIN,USDT,14013.49733312,350.50292600,13662.99440712,True
312,1617091200012000000,BINANCE-001,MARGIN,USDT,14013.49733312,350.50292600,13662.99440712,False
313,1617120000001000000,BINANCE-001,MARGIN,USDT,14001.21203007,350.50292600,13650.70910407,True
314,1617120000001000000,BINANCE-001,MARGIN,USDT,14001.21203007,350.50292600,13650.70910407,False
315,1617148800000000000,BINANCE-001,MARGIN,USDT,13989.29414451,350.50292600,13638.79121851,True
316,1617148800000000000,BINANCE-001,MARGIN,USDT,13989.29414451,350.50292600,13638.79121851,False
317,1617177600000000000,BINANCE-001,MARGIN,USDT,13978.94641286,350.50292600,13628.44348686,True
318,1617177600000000000,BINANCE-001,MARGIN,USDT,13978.94641286,350.50292600,13628.44348686,False
319,1617206400000000000,BINANCE-001,MARGIN,USDT,13970.24781012,350.50292600,13619.74488412,True
320,1617206400000000000,BINANCE-001,MARGIN,USDT,13970.24781012,350.50292600,13619.74488412,False
321,1617235200025000000,BINANCE-001,MARGIN,USDT,13954.11624585,350.50292600,13603.61331985,True
322,1617235200025000000,BINANCE-001,MARGIN,USDT,13954.11624585,350.50292600,13603.61331985,False
323,1617264000011000000,BINANCE-001,MARGIN,USDT,13940.04075034,350.50292600,13589.53782434,True
324,1617264000011000000,BINANCE-001,MARGIN,USDT,13940.04075034,350.50292600,13589.53782434,False
325,1617292800004000000,BINANCE-001,MARGIN,USDT,13932.34606053,350.50292600,13581.84313453,True
326,1617292800004000000,BINANCE-001,MARGIN,USDT,13932.34606053,350.50292600,13581.84313453,False
327,1617321600000000000,BINANCE-001,MARGIN,USDT,13921.85931425,350.50292600,13571.35638825,True
328,1617321600000000000,BINANCE-001,MARGIN,USDT,13921.85931425,350.50292600,13571.35638825,False
329,1617350400000000000,BINANCE-001,MARGIN,USDT,13905.98056330,350.50292600,13555.47763730,True
330,1617350400000000000,BINANCE-001,MARGIN,USDT,13905.98056330,350.50292600,13555.47763730,False
331,1617379200000000000,BINANCE-001,MARGIN,USDT,13890.74418043,350.50292600,13540.24125443,True
332,1617379200000000000,BINANCE-001,MARGIN,USDT,13890.74418043,350.50292600,13540.24125443,False
333,1617408000003000000,BINANCE-001,MARGIN,USDT,13881.36948703,350.50292600,13530.86656103,True
334,1617408000003000000,BINANCE-001,MARGIN,USDT,13881.36948703,350.50292600,13530.86656103,False
335,1617436800000000000,BINANCE-001,MARGIN,USDT,13865.30026552,350.50292600,13514.79733952,True
336,1617436800000000000,BINANCE-001,MARGIN,USDT,13865.30026552,350.50292600,13514.79733952,False
337,1617465600000000000,BINANCE-001,MARGIN,USDT,13850.33056214,350.50292600,13499.82763614,True
338,1617465600000000000,BINANCE-001,MARGIN,USDT,13850.33056214,350.50292600,13499.82763614,False
339,1617494400000000000,BINANCE-001,MARGIN,USDT,13842.86055435,350.50292600,13492.35762835,True
340,1617494400000000000,BINANCE-001,MARGIN,USDT,13842.86055435,350.50292600,13492.35762835,False
341,1617523200000000000,BINANCE-001,MARGIN,USDT,13835.84258851,350.50292600,13485.33966251,True
342,1617523200000000000,BINANCE-001,MARGIN,USDT,13835.84258851,350.50292600,13485.33966251,False
343,1617552000016000000,BINANCE-001,MARGIN,USDT,13831.98572196,350.50292600,13481.48279596,True
344,1617552000016000000,BINANCE-001,MARGIN,USDT,13831.98572196,350.50292600,13481.48279596,False
345,1617580800000000000,BINANCE-001,MARGIN,USDT,13826.21820217,350.50292600,13475.71527617,True
346,1617580800000000000,BINANCE-001,MARGIN,USDT,13826.21820217,350.50292600,13475.71527617,False
347,1617580860000000000,BINANCE-001,MARGIN,USDT,13835.49550377,344.91722200,13490.57828177,False
348,1617609600001000000,BINANCE-001,MARGIN,USDT,13829.38038680,344.91722200,13484.46316480,True
349,1617609600001000000,BINANCE-001,MARGIN,USDT,13829.38038680,344.91722200,13484.46316480,False
350,1617638400001000000,BINANCE-001,MARGIN,USDT,13823.91873284,344.91722200,13479.00151084,True
351,1617638400001000000,BINANCE-001,MARGIN,USDT,13823.91873284,344.91722200,13479.00151084,False
352,1617667200010000000,BINANCE-001,MARGIN,USDT,13809.70265535,344.91722200,13464.78543335,True
353,1617667200010000000,BINANCE-001,MARGIN,USDT,13809.70265535,344.91722200,13464.78543335,False
354,1617696000000000000,BINANCE-001,MARGIN,USDT,13801.33436840,344.91722200,13456.41714640,True
355,1617696000000000000,BINANCE-001,MARGIN,USDT,13801.33436840,344.91722200,13456.41714640,False
356,1617724800003000000,BINANCE-001,MARGIN,USDT,13789.36482095,344.91722200,13444.44759895,True
357,1617724800003000000,BINANCE-001,MARGIN,USDT,13789.36482095,344.91722200,13444.44759895,False
358,1617753600000000000,BINANCE-001,MARGIN,USDT,13781.10375483,344.91722200,13436.18653283,True
359,1617753600000000000,BINANCE-001,MARGIN,USDT,13781.10375483,344.91722200,13436.18653283,False
360,1617782400006000000,BINANCE-001,MARGIN,USDT,13773.41805764,344.91722200,13428.50083564,True
361,1617782400006000000,BINANCE-001,MARGIN,USDT,13773.41805764,344.91722200,13428.50083564,False
362,1617811200004000000,BINANCE-001,MARGIN,USDT,13765.92647086,344.91722200,13421.00924886,True
363,1617811200004000000,BINANCE-001,MARGIN,USDT,13765.92647086,344.91722200,13421.00924886,False
364,1617840000013000000,BINANCE-001,MARGIN,USDT,13760.28410958,344.91722200,13415.36688758,True
365,1617840000013000000,BINANCE-001,MARGIN,USDT,13760.28410958,344.91722200,13415.36688758,False
366,1617868800003000000,BINANCE-001,MARGIN,USDT,13756.76795368,344.91722200,13411.85073168,True
367,1617868800003000000,BINANCE-001,MARGIN,USDT,13756.76795368,344.91722200,13411.85073168,False
368,1617897600005000000,BINANCE-001,MARGIN,USDT,13753.02477418,344.91722200,13408.10755218,True
369,1617897600005000000,BINANCE-001,MARGIN,USDT,13753.02477418,344.91722200,13408.10755218,False
370,1617926400000000000,BINANCE-001,MARGIN,USDT,13750.20915118,344.91722200,13405.29192918,True
371,1617926400000000000,BINANCE-001,MARGIN,USDT,13750.20915118,344.91722200,13405.29192918,False
372,1617955200004000000,BINANCE-001,MARGIN,USDT,13746.43451846,344.91722200,13401.51729646,True
373,1617955200004000000,BINANCE-001,MARGIN,USDT,13746.43451846,344.91722200,13401.51729646,False
374,1617984000004000000,BINANCE-001,MARGIN,USDT,13743.29825836,344.91722200,13398.38103636,True
375,1617984000004000000,BINANCE-001,MARGIN,USDT,13743.29825836,344.91722200,13398.38103636,False
376,1618012800011000000,BINANCE-001,MARGIN,USDT,13741.43657777,344.91722200,13396.51935577,True
377,1618012800011000000,BINANCE-001,MARGIN,USDT,13741.43657777,344.91722200,13396.51935577,False
378,1618041600005000000,BINANCE-001,MARGIN,USDT,13719.19742135,344.91722200,13374.28019935,True
379,1618041600005000000,BINANCE-001,MARGIN,USDT,13719.19742135,344.91722200,13374.28019935,False
380,1618070400000000000,BINANCE-001,MARGIN,USDT,13701.36464124,344.91722200,13356.44741924,True
381,1618070400000000000,BINANCE-001,MARGIN,USDT,13701.36464124,344.91722200,13356.44741924,False
382,1618099200004000000,BINANCE-001,MARGIN,USDT,13688.54618630,344.91722200,13343.62896430,True
383,1618099200004000000,BINANCE-001,MARGIN,USDT,13688.54618630,344.91722200,13343.62896430,False
384,1618128000000000000,BINANCE-001,MARGIN,USDT,13673.87955181,344.91722200,13328.96232981,True
385,1618128000000000000,BINANCE-001,MARGIN,USDT,13673.87955181,344.91722200,13328.96232981,False
386,1618156800000000000,BINANCE-001,MARGIN,USDT,13658.24215271,344.91722200,13313.32493071,True
387,1618156800000000000,BINANCE-001,MARGIN,USDT,13658.24215271,344.91722200,13313.32493071,False
388,1618185600001000000,BINANCE-001,MARGIN,USDT,13644.32257744,344.91722200,13299.40535544,True
389,1618185600001000000,BINANCE-001,MARGIN,USDT,13644.32257744,344.91722200,13299.40535544,False
390,1618185660000000000,BINANCE-001,MARGIN,USDT,13656.84175687,340.72794400,13316.11381287,False
391,1618214400001000000,BINANCE-001,MARGIN,USDT,13641.05684702,340.72794400,13300.32890302,True
392,1618214400001000000,BINANCE-001,MARGIN,USDT,13641.05684702,340.72794400,13300.32890302,False
393,1618243200008000000,BINANCE-001,MARGIN,USDT,13627.22769799,340.72794400,13286.49975399,True
394,1618243200008000000,BINANCE-001,MARGIN,USDT,13627.22769799,340.72794400,13286.49975399,False
395,1618272000003000000,BINANCE-001,MARGIN,USDT,13614.93721732,340.72794400,13274.20927332,True
396,1618272000003000000,BINANCE-001,MARGIN,USDT,13614.93721732,340.72794400,13274.20927332,False
397,1618300800008000000,BINANCE-001,MARGIN,USDT,13601.52555127,340.72794400,13260.79760727,True
398,1618300800008000000,BINANCE-001,MARGIN,USDT,13601.52555127,340.72794400,13260.79760727,False
399,1618329600008000000,BINANCE-001,MARGIN,USDT,13582.54198898,340.72794400,13241.81404498,True
400,1618329600008000000,BINANCE-001,MARGIN,USDT,13582.54198898,340.72794400,13241.81404498,False
401,1618358400008000000,BINANCE-001,MARGIN,USDT,13568.48614774,340.72794400,13227.75820374,True
402,1618358400008000000,BINANCE-001,MARGIN,USDT,13568.48614774,340.72794400,13227.75820374,False
403,1618387200000000000,BINANCE-001,MARGIN,USDT,13551.43415911,340.72794400,13210.70621511,True
404,1618387200000000000,BINANCE-001,MARGIN,USDT,13551.43415911,340.72794400,13210.70621511,False
405,1618416000012000000,BINANCE-001,MARGIN,USDT,13535.29088785,340.72794400,13194.56294385,True
406,1618416000012000000,BINANCE-001,MARGIN,USDT,13535.29088785,340.72794400,13194.56294385,False
407,1618444800006000000,BINANCE-001,MARGIN,USDT,13523.55147507,340.72794400,13182.82353107,True
408,1618444800006000000,BINANCE-001,MARGIN,USDT,13523.55147507,340.72794400,13182.82353107,False
409,1618473600000000000,BINANCE-001,MARGIN,USDT,13510.94925035,340.72794400,13170.22130635,True
410,1618473600000000000,BINANCE-001,MARGIN,USDT,13510.94925035,340.72794400,13170.22130635,False
411,1618502400008000000,BINANCE-001,MARGIN,USDT,13494.04738612,340.72794400,13153.31944212,True
412,1618502400008000000,BINANCE-001,MARGIN,USDT,13494.04738612,340.72794400,13153.31944212,False
413,1618531200008000000,BINANCE-001,MARGIN,USDT,13477.13243768,340.72794400,13136.40449368,True
414,1618531200008000000,BINANCE-001,MARGIN,USDT,13477.13243768,340.72794400,13136.40449368,False
415,1618560000000000000,BINANCE-001,MARGIN,USDT,13459.12393825,340.72794400,13118.39599425,True
416,1618560000000000000,BINANCE-001,MARGIN,USDT,13459.12393825,340.72794400,13118.39599425,False
417,1618588800002000000,BINANCE-001,MARGIN,USDT,13441.75730621,340.72794400,13101.02936221,True
418,1618588800002000000,BINANCE-001,MARGIN,USDT,13441.75730621,340.72794400,13101.02936221,False
419,1618617600008000000,BINANCE-001,MARGIN,USDT,13433.52812883,340.72794400,13092.80018483,True
420,1618617600008000000,BINANCE-001,MARGIN,USDT,13433.52812883,340.72794400,13092.80018483,False
421,1618646400000000000,BINANCE-001,MARGIN,USDT,13425.33857732,340.72794400,13084.61063332,True
422,1618646400000000000,BINANCE-001,MARGIN,USDT,13425.33857732,340.72794400,13084.61063332,False
423,1618675200001000000,BINANCE-001,MARGIN,USDT,13412.44324576,340.72794400,13071.71530176,True
424,1618675200001000000,BINANCE-001,MARGIN,USDT,13412.44324576,340.72794400,13071.71530176,False
425,1618704000006000000,BINANCE-001,MARGIN,USDT,13400.47780414,340.72794400,13059.74986014,True
426,1618704000006000000,BINANCE-001,MARGIN,USDT,13400.47780414,340.72794400,13059.74986014,False
427,1618732800004000000,BINANCE-001,MARGIN,USDT,13392.46450496,340.72794400,13051.73656096,True
428,1618732800004000000,BINANCE-001,MARGIN,USDT,13392.46450496,340.72794400,13051.73656096,False
429,1618761600000000000,BINANCE-001,MARGIN,USDT,13391.11091673,340.72794400,13050.38297273,True
430,1618761600000000000,BINANCE-001,MARGIN,USDT,13391.11091673,340.72794400,13050.38297273,False
431,1618790400000000000,BINANCE-001,MARGIN,USDT,13389.74064571,340.72794400,13049.01270171,True
432,1618790400000000000,BINANCE-001,MARGIN,USDT,13389.74064571,340.72794400,13049.01270171,False
433,1618790460000000000,BINANCE-001,MARGIN,USDT,13445.09447595,0.00000000,13445.09447595,False
434,1618790520000000000,BINANCE-001,MARGIN,USDT,13431.65395962,336.01290825,13095.64105137,False
435,1618819200000000000,BINANCE-001,MARGIN,USDT,13433.02401741,336.01290825,13097.01110916,True
436,1618819200000000000,BINANCE-001,MARGIN,USDT,13433.02401741,336.01290825,13097.01110916,False
437,1618848000009000000,BINANCE-001,MARGIN,USDT,13434.32842420,336.01290825,13098.31551595,True
438,1618848000009000000,BINANCE-001,MARGIN,USDT,13434.32842420,336.01290825,13098.31551595,False
439,1618876800004000000,BINANCE-001,MARGIN,USDT,13435.65807298,336.01290825,13099.64516473,True
440,1618876800004000000,BINANCE-001,MARGIN,USDT,13435.65807298,336.01290825,13099.64516473,False
441,1618905600000000000,BINANCE-001,MARGIN,USDT,13436.95820223,336.01290825,13100.94529398,True
442,1618905600000000000,BINANCE-001,MARGIN,USDT,13436.95820223,336.01290825,13100.94529398,False
443,1618934400001000000,BINANCE-001,MARGIN,USDT,13438.28056868,336.01290825,13102.26766043,True
444,1618934400001000000,BINANCE-001,MARGIN,USDT,13438.28056868,336.01290825,13102.26766043,False
445,1618963200013000000,BINANCE-001,MARGIN,USDT,13439.62947522,336.01290825,13103.61656697,True
446,1618963200013000000,BINANCE-001,MARGIN,USDT,13439.62947522,336.01290825,13103.61656697,False
447,1618992000001000000,BINANCE-001,MARGIN,USDT,13440.95087730,336.01290825,13104.93796905,True
448,1618992000001000000,BINANCE-001,MARGIN,USDT,13440.95087730,336.01290825,13104.93796905,False
449,1619020800002000000,BINANCE-001,MARGIN,USDT,13442.29279778,336.01290825,13106.27988953,True
450,1619020800002000000,BINANCE-001,MARGIN,USDT,13442.29279778,336.01290825,13106.27988953,False
451,1619049600000000000,BINANCE-001,MARGIN,USDT,13443.57847516,336.01290825,13107.56556691,True
452,1619049600000000000,BINANCE-001,MARGIN,USDT,13443.57847516,336.01290825,13107.56556691,False
453,1619078400000000000,BINANCE-001,MARGIN,USDT,13444.87251843,336.01290825,13108.85961018,True
454,1619078400000000000,BINANCE-001,MARGIN,USDT,13444.87251843,336.01290825,13108.85961018,False
455,1619107200001000000,BINANCE-001,MARGIN,USDT,13446.17908984,336.01290825,13110.16618159,True
456,1619107200001000000,BINANCE-001,MARGIN,USDT,13446.17908984,336.01290825,13110.16618159,False
457,1619136000002000000,BINANCE-001,MARGIN,USDT,13447.41528531,336.01290825,13111.40237706,True
458,1619136000002000000,BINANCE-001,MARGIN,USDT,13447.41528531,336.01290825,13111.40237706,False
459,1619164800009000000,BINANCE-001,MARGIN,USDT,13452.88435449,336.01290825,13116.87144624,True
460,1619164800009000000,BINANCE-001,MARGIN,USDT,13452.88435449,336.01290825,13116.87144624,False
461,1619193600001000000,BINANCE-001,MARGIN,USDT,13454.07561402,336.01290825,13118.06270577,True
462,1619193600001000000,BINANCE-001,MARGIN,USDT,13454.07561402,336.01290825,13118.06270577,False
463,1619222400019000000,BINANCE-001,MARGIN,USDT,13455.29762986,336.01290825,13119.28472161,True
464,1619222400019000000,BINANCE-001,MARGIN,USDT,13455.29762986,336.01290825,13119.28472161,False
465,1619251200001000000,BINANCE-001,MARGIN,USDT,13458.59489019,336.01290825,13122.58198194,True
466,1619251200001000000,BINANCE-001,MARGIN,USDT,13458.59489019,336.01290825,13122.58198194,False
467,1619280000011000000,BINANCE-001,MARGIN,USDT,13460.60700188,336.01290825,13124.59409363,True
468,1619280000011000000,BINANCE-001,MARGIN,USDT,13460.60700188,336.01290825,13124.59409363,False
469,1619308800000000000,BINANCE-001,MARGIN,USDT,13463.20499018,336.01290825,13127.19208193,True
470,1619308800000000000,BINANCE-001,MARGIN,USDT,13463.20499018,336.01290825,13127.19208193,False
471,1619337600010000000,BINANCE-001,MARGIN,USDT,13467.78342883,336.01290825,13131.77052058,True
472,1619337600010000000,BINANCE-001,MARGIN,USDT,13467.78342883,336.01290825,13131.77052058,False
473,1619366400000000000,BINANCE-001,MARGIN,USDT,13468.98480979,336.01290825,13132.97190154,True
474,1619366400000000000,BINANCE-001,MARGIN,USDT,13468.98480979,336.01290825,13132.97190154,False
475,1619395200003000000,BINANCE-001,MARGIN,USDT,13470.15724439,336.01290825,13134.14433614,True
476,1619395200003000000,BINANCE-001,MARGIN,USDT,13470.15724439,336.01290825,13134.14433614,False
477,1619395260000000000,BINANCE-001,MARGIN,USDT,13466.72276929,421.87478575,13044.84798354,False
478,1619424000002000000,BINANCE-001,MARGIN,USDT,13468.35478011,421.87478575,13046.47999436,True
479,1619424000002000000,BINANCE-001,MARGIN,USDT,13468.35478011,421.87478575,13046.47999436,False
480,1619452800004000000,BINANCE-001,MARGIN,USDT,13470.00997941,421.87478575,13048.13519366,True
481,1619452800004000000,BINANCE-001,MARGIN,USDT,13470.00997941,421.87478575,13048.13519366,False
482,1619481600000000000,BINANCE-001,MARGIN,USDT,13471.67820952,421.87478575,13049.80342377,True
483,1619481600000000000,BINANCE-001,MARGIN,USDT,13471.67820952,421.87478575,13049.80342377,False
484,1619510400000000000,BINANCE-001,MARGIN,USDT,13473.36352604,421.87478575,13051.48874029,True
485,1619510400000000000,BINANCE-001,MARGIN,USDT,13473.36352604,421.87478575,13051.48874029,False
486,1619539200009000000,BINANCE-001,MARGIN,USDT,13475.06286295,421.87478575,13053.18807720,True
487,1619539200009000000,BINANCE-001,MARGIN,USDT,13475.06286295,421.87478575,13053.18807720,False
488,1619568000000000000,BINANCE-001,MARGIN,USDT,13476.76280926,421.87478575,13054.88802351,True
489,1619568000000000000,BINANCE-001,MARGIN,USDT,13476.76280926,421.87478575,13054.88802351,False
490,1619596800000000000,BINANCE-001,MARGIN,USDT,13478.44013414,421.87478575,13056.56534839,True
491,1619596800000000000,BINANCE-001,MARGIN,USDT,13478.44013414,421.87478575,13056.56534839,False
492,1619625600001000000,BINANCE-001,MARGIN,USDT,13480.11972946,421.87478575,13058.24494371,True
493,1619625600001000000,BINANCE-001,MARGIN,USDT,13480.11972946,421.87478575,13058.24494371,False
494,1619654400004000000,BINANCE-001,MARGIN,USDT,13481.81421439,421.87478575,13059.93942864,True
495,1619654400004000000,BINANCE-001,MARGIN,USDT,13481.81421439,421.87478575,13059.93942864,False
496,1619683200013000000,BINANCE-001,MARGIN,USDT,13483.49672878,421.87478575,13061.62194303,True
497,1619683200013000000,BINANCE-001,MARGIN,USDT,13483.49672878,421.87478575,13061.62194303,False
498,1619712000003000000,BINANCE-001,MARGIN,USDT,13485.15769215,421.87478575,13063.28290640,True
499,1619712000003000000,BINANCE-001,MARGIN,USDT,13485.15769215,421.87478575,13063.28290640,False
500,1619740800004000000,BINANCE-001,MARGIN,USDT,13486.81256730,421.87478575,13064.93778155,True
501,1619740800004000000,BINANCE-001,MARGIN,USDT,13486.81256730,421.87478575,13064.93778155,False
502,1619769600019000000,BINANCE-001,MARGIN,USDT,13488.49210590,421.87478575,13066.61732015,True
503,1619769600019000000,BINANCE-001,MARGIN,USDT,13488.49210590,421.87478575,13066.61732015,False
504,1619798400003000000,BINANCE-001,MARGIN,USDT,13490.25778168,421.87478575,13068.38299593,True
505,1619798400003000000,BINANCE-001,MARGIN,USDT,13490.25778168,421.87478575,13068.38299593,False
506,1619827200002000000,BINANCE-001,MARGIN,USDT,13492.25604401,421.87478575,13070.38125826,True
507,1619827200002000000,BINANCE-001,MARGIN,USDT,13492.25604401,421.87478575,13070.38125826,False
508,1619856000006000000,BINANCE-001,MARGIN,USDT,13494.04035308,421.87478575,13072.16556733,True
509,1619856000006000000,BINANCE-001,MARGIN,USDT,13494.04035308,421.87478575,13072.16556733,False
510,1619884800000000000,BINANCE-001,MARGIN,USDT,13499.80352450,421.87478575,13077.92873875,True
511,1619884800000000000,BINANCE-001,MARGIN,USDT,13499.80352450,421.87478575,13077.92873875,False
512,1619913600010000000,BINANCE-001,MARGIN,USDT,13502.63047389,421.87478575,13080.75568814,True
513,1619913600010000000,BINANCE-001,MARGIN,USDT,13502.63047389,421.87478575,13080.75568814,False
514,1619942400011000000,BINANCE-001,MARGIN,USDT,13510.56208595,421.87478575,13088.68730020,True
515,1619942400011000000,BINANCE-001,MARGIN,USDT,13510.56208595,421.87478575,13088.68730020,False
516,1619971200007000000,BINANCE-001,MARGIN,USDT,13518.48877903,421.87478575,13096.61399328,True
517,1619971200007000000,BINANCE-001,MARGIN,USDT,13518.48877903,421.87478575,13096.61399328,False
518,1620000000003000000,BINANCE-001,MARGIN,USDT,13525.54275580,421.87478575,13103.66797005,True
519,1620000000003000000,BINANCE-001,MARGIN,USDT,13525.54275580,421.87478575,13103.66797005,False
520,1620000060000000000,BINANCE-001,MARGIN,USDT,13355.36425349,309.92095911,13045.44329438,False
521,1620028800000000000,BINANCE-001,MARGIN,USDT,13360.19805698,309.92095911,13050.27709787,True
522,1620028800000000000,BINANCE-001,MARGIN,USDT,13360.19805698,309.92095911,13050.27709787,False
523,1620057600043000000,BINANCE-001,MARGIN,USDT,13369.00888441,309.92095911,13059.08792530,True
524,1620057600043000000,BINANCE-001,MARGIN,USDT,13369.00888441,309.92095911,13059.08792530,False
525,1620086400004000000,BINANCE-001,MARGIN,USDT,13375.62465919,309.92095911,13065.70370008,True
526,1620086400004000000,BINANCE-001,MARGIN,USDT,13375.62465919,309.92095911,13065.70370008,False
527,1620115200003000000,BINANCE-001,MARGIN,USDT,13377.17225611,309.92095911,13067.25129700,True
528,1620115200003000000,BINANCE-001,MARGIN,USDT,13377.17225611,309.92095911,13067.25129700,False
529,1620144000011000000,BINANCE-001,MARGIN,USDT,13385.29375089,309.92095911,13075.37279178,True
530,1620144000011000000,BINANCE-001,MARGIN,USDT,13385.29375089,309.92095911,13075.37279178,False
531,1620172800001000000,BINANCE-001,MARGIN,USDT,13390.69797065,309.92095911,13080.77701154,True
532,1620172800001000000,BINANCE-001,MARGIN,USDT,13390.69797065,309.92095911,13080.77701154,False
533,1620201600007000000,BINANCE-001,MARGIN,USDT,13395.98704532,309.92095911,13086.06608621,True
534,1620201600007000000,BINANCE-001,MARGIN,USDT,13395.98704532,309.92095911,13086.06608621,False
535,1620230400001000000,BINANCE-001,MARGIN,USDT,13397.52083057,309.92095911,13087.59987146,True
536,1620230400001000000,BINANCE-001,MARGIN,USDT,13397.52083057,309.92095911,13087.59987146,False
537,1620259200003000000,BINANCE-001,MARGIN,USDT,13407.45501573,309.92095911,13097.53405662,True
538,1620259200003000000,BINANCE-001,MARGIN,USDT,13407.45501573,309.92095911,13097.53405662,False
539,1620288000001000000,BINANCE-001,MARGIN,USDT,13415.19599235,309.92095911,13105.27503324,True
540,1620288000001000000,BINANCE-001,MARGIN,USDT,13415.19599235,309.92095911,13105.27503324,False
541,1620316800000000000,BINANCE-001,MARGIN,USDT,13427.33295432,309.92095911,13117.41199521,True
542,1620316800000000000,BINANCE-001,MARGIN,USDT,13427.33295432,309.92095911,13117.41199521,False
543,1620345600000000000,BINANCE-001,MARGIN,USDT,13433.05284146,309.92095911,13123.13188235,True
544,1620345600000000000,BINANCE-001,MARGIN,USDT,13433.05284146,309.92095911,13123.13188235,False
545,1620374400000000000,BINANCE-001,MARGIN,USDT,13439.81099101,309.92095911,13129.89003190,True
546,1620374400000000000,BINANCE-001,MARGIN,USDT,13439.81099101,309.92095911,13129.89003190,False
547,1620403200001000000,BINANCE-001,MARGIN,USDT,13442.05044023,309.92095911,13132.12948112,True
548,1620403200001000000,BINANCE-001,MARGIN,USDT,13442.05044023,309.92095911,13132.12948112,False
549,1620432000006000000,BINANCE-001,MARGIN,USDT,13449.77949534,309.92095911,13139.85853623,True
550,1620432000006000000,BINANCE-001,MARGIN,USDT,13449.77949534,309.92095911,13139.85853623,False
551,1620460800000000000,BINANCE-001,MARGIN,USDT,13455.92445121,309.92095911,13146.00349210,True
552,1620460800000000000,BINANCE-001,MARGIN,USDT,13455.92445121,309.92095911,13146.00349210,False
553,1620489600000000000,BINANCE-001,MARGIN,USDT,13461.99775025,309.92095911,13152.07679114,True
554,1620489600000000000,BINANCE-001,MARGIN,USDT,13461.99775025,309.92095911,13152.07679114,False
555,1620518400005000000,BINANCE-001,MARGIN,USDT,13468.54378332,309.92095911,13158.62282421,True
556,1620518400005000000,BINANCE-001,MARGIN,USDT,13468.54378332,309.92095911,13158.62282421,False
557,1620547200016000000,BINANCE-001,MARGIN,USDT,13474.31616222,309.92095911,13164.39520311,True
558,1620547200016000000,BINANCE-001,MARGIN,USDT,13474.31616222,309.92095911,13164.39520311,False
559,1620576000000000000,BINANCE-001,MARGIN,USDT,13482.64613873,309.92095911,13172.72517962,True
560,1620576000000000000,BINANCE-001,MARGIN,USDT,13482.64613873,309.92095911,13172.72517962,False
561,1620604800004000000,BINANCE-001,MARGIN,USDT,13487.08122139,309.92095911,13177.16026228,True
562,1620604800004000000,BINANCE-001,MARGIN,USDT,13487.08122139,309.92095911,13177.16026228,False
563,1620604860000000000,BINANCE-001,MARGIN,USDT,13449.68912350,296.26805342,13153.42107008,False
564,1620633600000000000,BINANCE-001,MARGIN,USDT,13461.13968510,296.26805342,13164.87163168,True
565,1620633600000000000,BINANCE-001,MARGIN,USDT,13461.13968510,296.26805342,13164.87163168,False
566,1620662400013000000,BINANCE-001,MARGIN,USDT,13473.63174655,296.26805342,13177.36369313,True
567,1620662400013000000,BINANCE-001,MARGIN,USDT,13473.63174655,296.26805342,13177.36369313,False
568,1620691200000000000,BINANCE-001,MARGIN,USDT,13478.42798298,296.26805342,13182.15992956,True
569,1620691200000000000,BINANCE-001,MARGIN,USDT,13478.42798298,296.26805342,13182.15992956,False
570,1620720000000000000,BINANCE-001,MARGIN,USDT,13484.58744093,296.26805342,13188.31938751,True
571,1620720000000000000,BINANCE-001,MARGIN,USDT,13484.58744093,296.26805342,13188.31938751,False
572,1620748800002000000,BINANCE-001,MARGIN,USDT,13487.70608855,296.26805342,13191.43803513,True
573,1620748800002000000,BINANCE-001,MARGIN,USDT,13487.70608855,296.26805342,13191.43803513,False
574,1620777600004000000,BINANCE-001,MARGIN,USDT,13489.75633678,296.26805342,13193.48828336,True
575,1620777600004000000,BINANCE-001,MARGIN,USDT,13489.75633678,296.26805342,13193.48828336,False
576,1620806400007000000,BINANCE-001,MARGIN,USDT,13493.94096733,296.26805342,13197.67291391,True
577,1620806400007000000,BINANCE-001,MARGIN,USDT,13493.94096733,296.26805342,13197.67291391,False
578,1620835200012000000,BINANCE-001,MARGIN,USDT,13498.73106873,296.26805342,13202.46301531,True
579,1620835200012000000,BINANCE-001,MARGIN,USDT,13498.73106873,296.26805342,13202.46301531,False
580,1620864000016000000,BINANCE-001,MARGIN,USDT,13499.98540725,296.26805342,13203.71735383,True
581,1620864000016000000,BINANCE-001,MARGIN,USDT,13499.98540725,296.26805342,13203.71735383,False
582,1620892800000000000,BINANCE-001,MARGIN,USDT,13501.08985874,296.26805342,13204.82180532,True
583,1620892800000000000,BINANCE-001,MARGIN,USDT,13501.08985874,296.26805342,13204.82180532,False
584,1620921600008000000,BINANCE-001,MARGIN,USDT,13503.55559757,296.26805342,13207.28754415,True
585,1620921600008000000,BINANCE-001,MARGIN,USDT,13503.55559757,296.26805342,13207.28754415,False
586,1620950400007000000,BINANCE-001,MARGIN,USDT,13507.87463005,296.26805342,13211.60657663,True
587,1620950400007000000,BINANCE-001,MARGIN,USDT,13507.87463005,296.26805342,13211.60657663,False
588,1620979200001000000,BINANCE-001,MARGIN,USDT,13511.69933316,296.26805342,13215.43127974,True
589,1620979200001000000,BINANCE-001,MARGIN,USDT,13511.69933316,296.26805342,13215.43127974,False
590,1621008000004000000,BINANCE-001,MARGIN,USDT,13513.37498341,296.26805342,13217.10692999,True
591,1621008000004000000,BINANCE-001,MARGIN,USDT,13513.37498341,296.26805342,13217.10692999,False
592,1621036800022000000,BINANCE-001,MARGIN,USDT,13514.45701393,296.26805342,13218.18896051,True
593,1621036800022000000,BINANCE-001,MARGIN,USDT,13514.45701393,296.26805342,13218.18896051,False
594,1621065600014000000,BINANCE-001,MARGIN,USDT,13515.52230318,296.26805342,13219.25424976,True
595,1621065600014000000,BINANCE-001,MARGIN,USDT,13515.52230318,296.26805342,13219.25424976,False
596,1621094400002000000,BINANCE-001,MARGIN,USDT,13517.66545620,296.26805342,13221.39740278,True
597,1621094400002000000,BINANCE-001,MARGIN,USDT,13517.66545620,296.26805342,13221.39740278,False
598,1621123200000000000,BINANCE-001,MARGIN,USDT,13521.75165112,296.26805342,13225.48359770,True
599,1621123200000000000,BINANCE-001,MARGIN,USDT,13521.75165112,296.26805342,13225.48359770,False
600,1621152000003000000,BINANCE-001,MARGIN,USDT,13523.53944380,296.26805342,13227.27139038,True
601,1621152000003000000,BINANCE-001,MARGIN,USDT,13523.53944380,296.26805342,13227.27139038,False
602,1621180800002000000,BINANCE-001,MARGIN,USDT,13527.29391010,296.26805342,13231.02585668,True
603,1621180800002000000,BINANCE-001,MARGIN,USDT,13527.29391010,296.26805342,13231.02585668,False
604,1621209600005000000,BINANCE-001,MARGIN,USDT,13528.30151864,296.26805342,13232.03346522,True
605,1621209600005000000,BINANCE-001,MARGIN,USDT,13528.30151864,296.26805342,13232.03346522,False
606,1621209660000000000,BINANCE-001,MARGIN,USDT,13523.10144040,426.27000942,13096.83143098,False
607,1621238400001000000,BINANCE-001,MARGIN,USDT,13532.60833356,426.27000942,13106.33832414,True
608,1621238400001000000,BINANCE-001,MARGIN,USDT,13532.60833356,426.27000942,13106.33832414,False
609,1621267200000000000,BINANCE-001,MARGIN,USDT,13541.07477053,426.27000942,13114.80476111,True
610,1621267200000000000,BINANCE-001,MARGIN,USDT,13541.07477053,426.27000942,13114.80476111,False
611,1621296000019000000,BINANCE-001,MARGIN,USDT,13548.90516079,426.27000942,13122.63515137,True
612,1621296000019000000,BINANCE-001,MARGIN,USDT,13548.90516079,426.27000942,13122.63515137,False
613,1621324800001000000,BINANCE-001,MARGIN,USDT,13551.09242298,426.27000942,13124.82241356,True
614,1621324800001000000,BINANCE-001,MARGIN,USDT,13551.09242298,426.27000942,13124.82241356,False
615,1621353600006000000,BINANCE-001,MARGIN,USDT,13554.17837601,426.27000942,13127.90836659,True
616,1621353600006000000,BINANCE-001,MARGIN,USDT,13554.17837601,426.27000942,13127.90836659,False
617,1621382400000000000,BINANCE-001,MARGIN,USDT,13555.58871731,426.27000942,13129.31870789,True
618,1621382400000000000,BINANCE-001,MARGIN,USDT,13555.58871731,426.27000942,13129.31870789,False
619,1621411200003000000,BINANCE-001,MARGIN,USDT,13560.34901829,426.27000942,13134.07900887,True
620,1621411200003000000,BINANCE-001,MARGIN,USDT,13560.34901829,426.27000942,13134.07900887,False
621,1621440000018000000,BINANCE-001,MARGIN,USDT,13549.33921841,426.27000942,13123.06920899,True
622,1621440000018000000,BINANCE-001,MARGIN,USDT,13549.33921841,426.27000942,13123.06920899,False
623,1621468800005000000,BINANCE-001,MARGIN,USDT,13550.54511566,426.27000942,13124.27510624,True
624,1621468800005000000,BINANCE-001,MARGIN,USDT,13550.54511566,426.27000942,13124.27510624,False
625,1621497600000000000,BINANCE-001,MARGIN,USDT,13551.85978255,426.27000942,13125.58977313,True
626,1621497600000000000,BINANCE-001,MARGIN,USDT,13551.85978255,426.27000942,13125.58977313,False
627,1621526400005000000,BINANCE-001,MARGIN,USDT,13553.22220607,426.27000942,13126.95219665,True
628,1621526400005000000,BINANCE-001,MARGIN,USDT,13553.22220607,426.27000942,13126.95219665,False
629,1621555200000000000,BINANCE-001,MARGIN,USDT,13554.55500680,426.27000942,13128.28499738,True
630,1621555200000000000,BINANCE-001,MARGIN,USDT,13554.55500680,426.27000942,13128.28499738,False
631,1621584000000000000,BINANCE-001,MARGIN,USDT,13554.42386803,426.27000942,13128.15385861,True
632,1621584000000000000,BINANCE-001,MARGIN,USDT,13554.42386803,426.27000942,13128.15385861,False
633,1621612800001000000,BINANCE-001,MARGIN,USDT,13555.33736171,426.27000942,13129.06735229,True
634,1621612800001000000,BINANCE-001,MARGIN,USDT,13555.33736171,426.27000942,13129.06735229,False
635,1621641600001000000,BINANCE-001,MARGIN,USDT,13552.34240894,426.27000942,13126.07239952,True
636,1621641600001000000,BINANCE-001,MARGIN,USDT,13552.34240894,426.27000942,13126.07239952,False
637,1621670400002000000,BINANCE-001,MARGIN,USDT,13553.53567202,426.27000942,13127.26566260,True
638,1621670400002000000,BINANCE-001,MARGIN,USDT,13553.53567202,426.27000942,13127.26566260,False
639,1621699200005000000,BINANCE-001,MARGIN,USDT,13554.79041228,426.27000942,13128.52040286,True
640,1621699200005000000,BINANCE-001,MARGIN,USDT,13554.79041228,426.27000942,13128.52040286,False
641,1621728000006000000,BINANCE-001,MARGIN,USDT,13554.17329973,426.27000942,13127.90329031,True
642,1621728000006000000,BINANCE-001,MARGIN,USDT,13554.17329973,426.27000942,13127.90329031,False
643,1621756800004000000,BINANCE-001,MARGIN,USDT,13554.04824702,426.27000942,13127.77823760,True
644,1621756800004000000,BINANCE-001,MARGIN,USDT,13554.04824702,426.27000942,13127.77823760,False
645,1621785600002000000,BINANCE-001,MARGIN,USDT,13554.56293506,426.27000942,13128.29292564,True
646,1621785600002000000,BINANCE-001,MARGIN,USDT,13554.56293506,426.27000942,13128.29292564,False
647,1621814400007000000,BINANCE-001,MARGIN,USDT,13553.59126344,426.27000942,13127.32125402,True
648,1621814400007000000,BINANCE-001,MARGIN,USDT,13553.59126344,426.27000942,13127.32125402,False
649,1621814460000000000,BINANCE-001,MARGIN,USDT,13545.79465569,621.18520317,12924.60945252,False
650,1621843200005000000,BINANCE-001,MARGIN,USDT,13543.78566279,621.18520317,12922.60045962,True
651,1621843200005000000,BINANCE-001,MARGIN,USDT,13543.78566279,621.18520317,12922.60045962,False
652,1621872000005000000,BINANCE-001,MARGIN,USDT,13544.21997729,621.18520317,12923.03477412,True
653,1621872000005000000,BINANCE-001,MARGIN,USDT,13544.21997729,621.18520317,12923.03477412,False
654,1621900800000000000,BINANCE-001,MARGIN,USDT,13546.36826409,621.18520317,12925.18306092,True
655,1621900800000000000,BINANCE-001,MARGIN,USDT,13546.36826409,621.18520317,12925.18306092,False
656,1621929600014000000,BINANCE-001,MARGIN,USDT,13548.52790653,621.18520317,12927.34270336,True
657,1621929600014000000,BINANCE-001,MARGIN,USDT,13548.52790653,621.18520317,12927.34270336,False
658,1621958400000000000,BINANCE-001,MARGIN,USDT,13550.64790945,621.18520317,12929.46270628,True
659,1621958400000000000,BINANCE-001,MARGIN,USDT,13550.64790945,621.18520317,12929.46270628,False
660,1621987200022000000,BINANCE-001,MARGIN,USDT,13552.77214368,621.18520317,12931.58694051,True
661,1621987200022000000,BINANCE-001,MARGIN,USDT,13552.77214368,621.18520317,12931.58694051,False
662,1622016000018000000,BINANCE-001,MARGIN,USDT,13555.01347129,621.18520317,12933.82826812,True
663,1622016000018000000,BINANCE-001,MARGIN,USDT,13555.01347129,621.18520317,12933.82826812,False
664,1622044800004000000,BINANCE-001,MARGIN,USDT,13557.16215032,621.18520317,12935.97694715,True
665,1622044800004000000,BINANCE-001,MARGIN,USDT,13557.16215032,621.18520317,12935.97694715,False
666,1622073600000000000,BINANCE-001,MARGIN,USDT,13559.33546684,621.18520317,12938.15026367,True
667,1622073600000000000,BINANCE-001,MARGIN,USDT,13559.33546684,621.18520317,12938.15026367,False
668,1622102400017000000,BINANCE-001,MARGIN,USDT,13561.45542817,621.18520317,12940.27022500,True
669,1622102400017000000,BINANCE-001,MARGIN,USDT,13561.45542817,621.18520317,12940.27022500,False
670,1622131200000000000,BINANCE-001,MARGIN,USDT,13563.65377551,621.18520317,12942.46857234,True
671,1622131200000000000,BINANCE-001,MARGIN,USDT,13563.65377551,621.18520317,12942.46857234,False
672,1622160000005000000,BINANCE-001,MARGIN,USDT,13565.78619073,621.18520317,12944.60098756,True
673,1622160000005000000,BINANCE-001,MARGIN,USDT,13565.78619073,621.18520317,12944.60098756,False
674,1622188800009000000,BINANCE-001,MARGIN,USDT,13567.83467459,621.18520317,12946.64947142,True
675,1622188800009000000,BINANCE-001,MARGIN,USDT,13567.83467459,621.18520317,12946.64947142,False
676,1622217600000000000,BINANCE-001,MARGIN,USDT,13569.87017922,621.18520317,12948.68497605,True
677,1622217600000000000,BINANCE-001,MARGIN,USDT,13569.87017922,621.18520317,12948.68497605,False
678,1622246400006000000,BINANCE-001,MARGIN,USDT,13571.84604516,621.18520317,12950.66084199,True
679,1622246400006000000,BINANCE-001,MARGIN,USDT,13571.84604516,621.18520317,12950.66084199,False
680,1622275200000000000,BINANCE-001,MARGIN,USDT,13573.85102047,621.18520317,12952.66581730,True
681,1622275200000000000,BINANCE-001,MARGIN,USDT,13573.85102047,621.18520317,12952.66581730,False
682,1622304000000000000,BINANCE-001,MARGIN,USDT,13575.83002827,621.18520317,12954.64482510,True
683,1622304000000000000,BINANCE-001,MARGIN,USDT,13575.83002827,621.18520317,12954.64482510,False
684,1622332800003000000,BINANCE-001,MARGIN,USDT,13577.74631503,621.18520317,12956.56111186,True
685,1622332800003000000,BINANCE-001,MARGIN,USDT,13577.74631503,621.18520317,12956.56111186,False
686,1622361600004000000,BINANCE-001,MARGIN,USDT,13579.74023471,621.18520317,12958.55503154,True
687,1622361600004000000,BINANCE-001,MARGIN,USDT,13579.74023471,621.18520317,12958.55503154,False
688,1622390400018000000,BINANCE-001,MARGIN,USDT,13581.70653971,621.18520317,12960.52133654,True
689,1622390400018000000,BINANCE-001,MARGIN,USDT,13581.70653971,621.18520317,12960.52133654,False
690,1622419200002000000,BINANCE-001,MARGIN,USDT,13583.68164943,621.18520317,12962.49644626,True
691,1622419200002000000,BINANCE-001,MARGIN,USDT,13583.68164943,621.18520317,12962.49644626,False
692,1622419260000000000,BINANCE-001,MARGIN,USDT,13867.74845611,586.42574235,13281.32271376,False
693,1622448000000000000,BINANCE-001,MARGIN,USDT,13869.62270582,586.42574235,13283.19696347,True
694,1622448000000000000,BINANCE-001,MARGIN,USDT,13869.62270582,586.42574235,13283.19696347,False
695,1622476800000000000,BINANCE-001,MARGIN,USDT,13871.55548630,586.42574235,13285.12974395,True
696,1622476800000000000,BINANCE-001,MARGIN,USDT,13871.55548630,586.42574235,13285.12974395,False
697,1622505600001000000,BINANCE-001,MARGIN,USDT,13873.50324386,586.42574235,13287.07750151,True
698,1622505600001000000,BINANCE-001,MARGIN,USDT,13873.50324386,586.42574235,13287.07750151,False
699,1622534400010000000,BINANCE-001,MARGIN,USDT,13875.42899525,586.42574235,13289.00325290,True
700,1622534400010000000,BINANCE-001,MARGIN,USDT,13875.42899525,586.42574235,13289.00325290,False
701,1622563200010000000,BINANCE-001,MARGIN,USDT,13877.32347093,586.42574235,13290.89772858,True
702,1622563200010000000,BINANCE-001,MARGIN,USDT,13877.32347093,586.42574235,13290.89772858,False
703,1622592000008000000,BINANCE-001,MARGIN,USDT,13879.24244206,586.42574235,13292.81669971,True
704,1622592000008000000,BINANCE-001,MARGIN,USDT,13879.24244206,586.42574235,13292.81669971,False
705,1622620800000000000,BINANCE-001,MARGIN,USDT,13881.18901197,586.42574235,13294.76326962,True
706,1622620800000000000,BINANCE-001,MARGIN,USDT,13881.18901197,586.42574235,13294.76326962,False
707,1622649600007000000,BINANCE-001,MARGIN,USDT,13883.17817432,586.42574235,13296.75243197,True
708,1622649600007000000,BINANCE-001,MARGIN,USDT,13883.17817432,586.42574235,13296.75243197,False
709,1622678400019000000,BINANCE-001,MARGIN,USDT,13885.14294837,586.42574235,13298.71720602,True
710,1622678400019000000,BINANCE-001,MARGIN,USDT,13885.14294837,586.42574235,13298.71720602,False
711,1622707200002000000,BINANCE-001,MARGIN,USDT,13887.16351023,586.42574235,13300.73776788,True
712,1622707200002000000,BINANCE-001,MARGIN,USDT,13887.16351023,586.42574235,13300.73776788,False
713,1622736000003000000,BINANCE-001,MARGIN,USDT,13889.17992313,586.42574235,13302.75418078,True
714,1622736000003000000,BINANCE-001,MARGIN,USDT,13889.17992313,586.42574235,13302.75418078,False
715,1622764800003000000,BINANCE-001,MARGIN,USDT,13891.23219252,586.42574235,13304.80645017,True
716,1622764800003000000,BINANCE-001,MARGIN,USDT,13891.23219252,586.42574235,13304.80645017,False
717,1622793600006000000,BINANCE-001,MARGIN,USDT,13895.17157228,586.42574235,13308.74582993,True
718,1622793600006000000,BINANCE-001,MARGIN,USDT,13895.17157228,586.42574235,13308.74582993,False
719,1622822400002000000,BINANCE-001,MARGIN,USDT,13897.10396461,586.42574235,13310.67822226,True
720,1622822400002000000,BINANCE-001,MARGIN,USDT,13897.10396461,586.42574235,13310.67822226,False
721,1622851200000000000,BINANCE-001,MARGIN,USDT,13899.03077992,586.42574235,13312.60503757,True
722,1622851200000000000,BINANCE-001,MARGIN,USDT,13899.03077992,586.42574235,13312.60503757,False
723,1622880000004000000,BINANCE-001,MARGIN,USDT,13900.99619309,586.42574235,13314.57045074,True
724,1622880000004000000,BINANCE-001,MARGIN,USDT,13900.99619309,586.42574235,13314.57045074,False
725,1622908800020000000,BINANCE-001,MARGIN,USDT,13902.89474873,586.42574235,13316.46900638,True
726,1622908800020000000,BINANCE-001,MARGIN,USDT,13902.89474873,586.42574235,13316.46900638,False
727,1622937600000000000,BINANCE-001,MARGIN,USDT,13904.75164226,586.42574235,13318.32589991,True
728,1622937600000000000,BINANCE-001,MARGIN,USDT,13904.75164226,586.42574235,13318.32589991,False
729,1622966400004000000,BINANCE-001,MARGIN,USDT,13906.64125264,586.42574235,13320.21551029,True
730,1622966400004000000,BINANCE-001,MARGIN,USDT,13906.64125264,586.42574235,13320.21551029,False
731,1622995200000000000,BINANCE-001,MARGIN,USDT,13908.53294364,586.42574235,13322.10720129,True
732,1622995200000000000,BINANCE-001,MARGIN,USDT,13908.53294364,586.42574235,13322.10720129,False
733,1623024000007000000,BINANCE-001,MARGIN,USDT,13910.40541910,586.42574235,13323.97967675,True
734,1623024000007000000,BINANCE-001,MARGIN,USDT,13910.40541910,586.42574235,13323.97967675,False
735,1623024060000000000,BINANCE-001,MARGIN,USDT,13937.44560553,583.06192356,13354.38368197,False
736,1623052800007000000,BINANCE-001,MARGIN,USDT,13939.32535821,583.06192356,13356.26343465,True
737,1623052800007000000,BINANCE-001,MARGIN,USDT,13939.32535821,583.06192356,13356.26343465,False
738,1623081600003000000,BINANCE-001,MARGIN,USDT,13941.19935917,583.06192356,13358.13743561,True
739,1623081600003000000,BINANCE-001,MARGIN,USDT,13941.19935917,583.06192356,13358.13743561,False
740,1623110400000000000,BINANCE-001,MARGIN,USDT,13942.94483556,583.06192356,13359.88291200,True
741,1623110400000000000,BINANCE-001,MARGIN,USDT,13942.94483556,583.06192356,13359.88291200,False
742,1623139200000000000,BINANCE-001,MARGIN,USDT,13943.11868778,583.06192356,13360.05676422,True
743,1623139200000000000,BINANCE-001,MARGIN,USDT,13943.11868778,583.06192356,13360.05676422,False
744,1623168000002000000,BINANCE-001,MARGIN,USDT,13944.76693714,583.06192356,13361.70501358,True
745,1623168000002000000,BINANCE-001,MARGIN,USDT,13944.76693714,583.06192356,13361.70501358,False
746,1623196800009000000,BINANCE-001,MARGIN,USDT,13946.50254894,583.06192356,13363.44062538,True
747,1623196800009000000,BINANCE-001,MARGIN,USDT,13946.50254894,583.06192356,13363.44062538,False
748,1623225600002000000,BINANCE-001,MARGIN,USDT,13945.54454098,583.06192356,13362.48261742,True
749,1623225600002000000,BINANCE-001,MARGIN,USDT,13945.54454098,583.06192356,13362.48261742,False
750,1623254400000000000,BINANCE-001,MARGIN,USDT,13942.73998597,583.06192356,13359.67806241,True
751,1623254400000000000,BINANCE-001,MARGIN,USDT,13942.73998597,583.06192356,13359.67806241,False
752,1623283200007000000,BINANCE-001,MARGIN,USDT,13939.47805481,583.06192356,13356.41613125,True
753,1623283200007000000,BINANCE-001,MARGIN,USDT,13939.47805481,583.06192356,13356.41613125,False
754,1623312000003000000,BINANCE-001,MARGIN,USDT,13940.63590301,583.06192356,13357.57397945,True
755,1623312000003000000,BINANCE-001,MARGIN,USDT,13940.63590301,583.06192356,13357.57397945,False
756,1623340800000000000,BINANCE-001,MARGIN,USDT,13942.55466442,583.06192356,13359.49274086,True
757,1623340800000000000,BINANCE-001,MARGIN,USDT,13942.55466442,583.06192356,13359.49274086,False
758,1623369600010000000,BINANCE-001,MARGIN,USDT,13944.46119242,583.06192356,13361.39926886,True
759,1623369600010000000,BINANCE-001,MARGIN,USDT,13944.46119242,583.06192356,13361.39926886,False
760,1623398400007000000,BINANCE-001,MARGIN,USDT,13944.96573687,583.06192356,13361.90381331,True
761,1623398400007000000,BINANCE-001,MARGIN,USDT,13944.96573687,583.06192356,13361.90381331,False
762,1623427200006000000,BINANCE-001,MARGIN,USDT,13945.88025067,583.06192356,13362.81832711,True
763,1623427200006000000,BINANCE-001,MARGIN,USDT,13945.88025067,583.06192356,13362.81832711,False
764,1623456000005000000,BINANCE-001,MARGIN,USDT,13944.37080090,583.06192356,13361.30887734,True
765,1623456000005000000,BINANCE-001,MARGIN,USDT,13944.37080090,583.06192356,13361.30887734,False
766,1623484800000000000,BINANCE-001,MARGIN,USDT,13946.20519450,583.06192356,13363.14327094,True
767,1623484800000000000,BINANCE-001,MARGIN,USDT,13946.20519450,583.06192356,13363.14327094,False
768,1623513600018000000,BINANCE-001,MARGIN,USDT,13946.05540704,583.06192356,13362.99348348,True
769,1623513600018000000,BINANCE-001,MARGIN,USDT,13946.05540704,583.06192356,13362.99348348,False
770,1623542400002000000,BINANCE-001,MARGIN,USDT,13947.83658960,583.06192356,13364.77466604,True
771,1623542400002000000,BINANCE-001,MARGIN,USDT,13947.83658960,583.06192356,13364.77466604,False
772,1623571200000000000,BINANCE-001,MARGIN,USDT,13948.35965409,583.06192356,13365.29773053,True
773,1623571200000000000,BINANCE-001,MARGIN,USDT,13948.35965409,583.06192356,13365.29773053,False
774,1623600000003000000,BINANCE-001,MARGIN,USDT,13947.13154643,583.06192356,13364.06962287,True
775,1623600000003000000,BINANCE-001,MARGIN,USDT,13947.13154643,583.06192356,13364.06962287,False
776,1623628800000000000,BINANCE-001,MARGIN,USDT,13949.15969546,583.06192356,13366.09777190,True
777,1623628800000000000,BINANCE-001,MARGIN,USDT,13949.15969546,583.06192356,13366.09777190,False
778,1623628860000000000,BINANCE-001,MARGIN,USDT,14443.71209607,487.75372451,13955.95837156,False
779,1623657600015000000,BINANCE-001,MARGIN,USDT,14445.43164803,487.75372451,13957.67792352,True
780,1623657600015000000,BINANCE-001,MARGIN,USDT,14445.43164803,487.75372451,13957.67792352,False
781,1623686400000000000,BINANCE-001,MARGIN,USDT,14444.87532900,487.75372451,13957.12160449,True
782,1623686400000000000,BINANCE-001,MARGIN,USDT,14444.87532900,487.75372451,13957.12160449,False
783,1623715200000000000,BINANCE-001,MARGIN,USDT,14446.28477936,487.75372451,13958.53105485,True
784,1623715200000000000,BINANCE-001,MARGIN,USDT,14446.28477936,487.75372451,13958.53105485,False
785,1623744000000000000,BINANCE-001,MARGIN,USDT,14448.04012683,487.75372451,13960.28640232,True
786,1623744000000000000,BINANCE-001,MARGIN,USDT,14448.04012683,487.75372451,13960.28640232,False
787,1623772800004000000,BINANCE-001,MARGIN,USDT,14449.78315073,487.75372451,13962.02942622,True
788,1623772800004000000,BINANCE-001,MARGIN,USDT,14449.78315073,487.75372451,13962.02942622,False
789,1623801600004000000,BINANCE-001,MARGIN,USDT,14451.52926901,487.75372451,13963.77554450,True
790,1623801600004000000,BINANCE-001,MARGIN,USDT,14451.52926901,487.75372451,13963.77554450,False
791,1623830400001000000,BINANCE-001,MARGIN,USDT,14453.27472261,487.75372451,13965.52099810,True
792,1623830400001000000,BINANCE-001,MARGIN,USDT,14453.27472261,487.75372451,13965.52099810,False
793,1623859200000000000,BINANCE-001,MARGIN,USDT,14454.96161045,487.75372451,13967.20788594,True
794,1623859200000000000,BINANCE-001,MARGIN,USDT,14454.96161045,487.75372451,13967.20788594,False
795,1623888000004000000,BINANCE-001,MARGIN,USDT,14456.62977857,487.75372451,13968.87605406,True
796,1623888000004000000,BINANCE-001,MARGIN,USDT,14456.62977857,487.75372451,13968.87605406,False
797,1623916800000000000,BINANCE-001,MARGIN,USDT,14458.33556442,487.75372451,13970.58183991,True
798,1623916800000000000,BINANCE-001,MARGIN,USDT,14458.33556442,487.75372451,13970.58183991,False
799,1623945600002000000,BINANCE-001,MARGIN,USDT,14460.03221580,487.75372451,13972.27849129,True
800,1623945600002000000,BINANCE-001,MARGIN,USDT,14460.03221580,487.75372451,13972.27849129,False
801,1623974400009000000,BINANCE-001,MARGIN,USDT,14460.91659293,487.75372451,13973.16286842,True
802,1623974400009000000,BINANCE-001,MARGIN,USDT,14460.91659293,487.75372451,13973.16286842,False
803,1624003200014000000,BINANCE-001,MARGIN,USDT,14460.97315413,487.75372451,13973.21942962,True
804,1624003200014000000,BINANCE-001,MARGIN,USDT,14460.97315413,487.75372451,13973.21942962,False
805,1624032000007000000,BINANCE-001,MARGIN,USDT,14462.55462577,487.75372451,13974.80090126,True
806,1624032000007000000,BINANCE-001,MARGIN,USDT,14462.55462577,487.75372451,13974.80090126,False
807,1624060800003000000,BINANCE-001,MARGIN,USDT,14461.74401036,487.75372451,13973.99028585,True
808,1624060800003000000,BINANCE-001,MARGIN,USDT,14461.74401036,487.75372451,13973.99028585,False
809,1624089600001000000,BINANCE-001,MARGIN,USDT,14460.27494004,487.75372451,13972.52121553,True
810,1624089600001000000,BINANCE-001,MARGIN,USDT,14460.27494004,487.75372451,13972.52121553,False
811,1624118400000000000,BINANCE-001,MARGIN,USDT,14461.44892819,487.75372451,13973.69520368,True
812,1624118400000000000,BINANCE-001,MARGIN,USDT,14461.44892819,487.75372451,13973.69520368,False
813,1624147200005000000,BINANCE-001,MARGIN,USDT,14462.99268316,487.75372451,13975.23895865,True
814,1624147200005000000,BINANCE-001,MARGIN,USDT,14462.99268316,487.75372451,13975.23895865,False
815,1624176000000000000,BINANCE-001,MARGIN,USDT,14464.54194533,487.75372451,13976.78822082,True
816,1624176000000000000,BINANCE-001,MARGIN,USDT,14464.54194533,487.75372451,13976.78822082,False
817,1624204800002000000,BINANCE-001,MARGIN,USDT,14461.78340374,487.75372451,13974.02967923,True
818,1624204800002000000,BINANCE-001,MARGIN,USDT,14461.78340374,487.75372451,13974.02967923,False
819,1624233600019000000,BINANCE-001,MARGIN,USDT,14461.53308480,487.75372451,13973.77936029,True
820,1624233600019000000,BINANCE-001,MARGIN,USDT,14461.53308480,487.75372451,13973.77936029,False
821,1624233660000000000,BINANCE-001,MARGIN,USDT,18475.13825258,0.00000000,18475.13825258,False
822,1624233720000000000,BINANCE-001,MARGIN,USDT,18456.67716827,461.52710775,17995.15006052,False
823,1624262400000000000,BINANCE-001,MARGIN,USDT,18454.96522964,461.52710775,17993.43812189,True
824,1624262400000000000,BINANCE-001,MARGIN,USDT,18454.96522964,461.52710775,17993.43812189,False
825,1624291200024000000,BINANCE-001,MARGIN,USDT,18458.33085465,461.52710775,17996.80374690,True
826,1624291200024000000,BINANCE-001,MARGIN,USDT,18458.33085465,461.52710775,17996.80374690,False
827,1624320000008000000,BINANCE-001,MARGIN,USDT,18457.02663506,461.52710775,17995.49952731,True
828,1624320000008000000,BINANCE-001,MARGIN,USDT,18457.02663506,461.52710775,17995.49952731,False
829,1624348800009000000,BINANCE-001,MARGIN,USDT,18455.33320285,461.52710775,17993.80609510,True
830,1624348800009000000,BINANCE-001,MARGIN,USDT,18455.33320285,461.52710775,17993.80609510,False
831,1624377600001000000,BINANCE-001,MARGIN,USDT,18460.71947189,461.52710775,17999.19236414,True
832,1624377600001000000,BINANCE-001,MARGIN,USDT,18460.71947189,461.52710775,17999.19236414,False
833,1624406400003000000,BINANCE-001,MARGIN,USDT,18460.70817399,461.52710775,17999.18106624,True
834,1624406400003000000,BINANCE-001,MARGIN,USDT,18460.70817399,461.52710775,17999.18106624,False
835,1624435200000000000,BINANCE-001,MARGIN,USDT,18463.12131313,461.52710775,18001.59420538,True
836,1624435200000000000,BINANCE-001,MARGIN,USDT,18463.12131313,461.52710775,18001.59420538,False
837,1624464000000000000,BINANCE-001,MARGIN,USDT,18466.57876934,461.52710775,18005.05166159,True
838,1624464000000000000,BINANCE-001,MARGIN,USDT,18466.57876934,461.52710775,18005.05166159,False
839,1624492800009000000,BINANCE-001,MARGIN,USDT,18467.93819202,461.52710775,18006.41108427,True
840,1624492800009000000,BINANCE-001,MARGIN,USDT,18467.93819202,461.52710775,18006.41108427,False
841,1624521600018000000,BINANCE-001,MARGIN,USDT,18466.23368164,461.52710775,18004.70657389,True
842,1624521600018000000,BINANCE-001,MARGIN,USDT,18466.23368164,461.52710775,18004.70657389,False
843,1624550400001000000,BINANCE-001,MARGIN,USDT,18469.55045327,461.52710775,18008.02334552,True
844,1624550400001000000,BINANCE-001,MARGIN,USDT,18469.55045327,461.52710775,18008.02334552,False
845,1624579200009000000,BINANCE-001,MARGIN,USDT,18469.12392345,461.52710775,18007.59681570,True
846,1624579200009000000,BINANCE-001,MARGIN,USDT,18469.12392345,461.52710775,18007.59681570,False
847,1624608000004000000,BINANCE-001,MARGIN,USDT,18467.34508989,461.52710775,18005.81798214,True
848,1624608000004000000,BINANCE-001,MARGIN,USDT,18467.34508989,461.52710775,18005.81798214,False
849,1624636800000000000,BINANCE-001,MARGIN,USDT,18465.65298850,461.52710775,18004.12588075,True
850,1624636800000000000,BINANCE-001,MARGIN,USDT,18465.65298850,461.52710775,18004.12588075,False
851,1624665600007000000,BINANCE-001,MARGIN,USDT,18467.46019195,461.52710775,18005.93308420,True
852,1624665600007000000,BINANCE-001,MARGIN,USDT,18467.46019195,461.52710775,18005.93308420,False
853,1624694400000000000,BINANCE-001,MARGIN,USDT,18469.55066689,461.52710775,18008.02355914,True
854,1624694400000000000,BINANCE-001,MARGIN,USDT,18469.55066689,461.52710775,18008.02355914,False
855,1624723200002000000,BINANCE-001,MARGIN,USDT,18471.24774704,461.52710775,18009.72063929,True
856,1624723200002000000,BINANCE-001,MARGIN,USDT,18471.24774704,461.52710775,18009.72063929,False
857,1624752000005000000,BINANCE-001,MARGIN,USDT,18475.19626259,461.52710775,18013.66915484,True
858,1624752000005000000,BINANCE-001,MARGIN,USDT,18475.19626259,461.52710775,18013.66915484,False
859,1624780800010000000,BINANCE-001,MARGIN,USDT,18484.32737947,461.52710775,18022.80027172,True
860,1624780800010000000,BINANCE-001,MARGIN,USDT,18484.32737947,461.52710775,18022.80027172,False
861,1624809600001000000,BINANCE-001,MARGIN,USDT,18488.82203407,461.52710775,18027.29492632,True
862,1624809600001000000,BINANCE-001,MARGIN,USDT,18488.82203407,461.52710775,18027.29492632,False
863,1624838400025000000,BINANCE-001,MARGIN,USDT,18489.34660971,461.52710775,18027.81950196,True
864,1624838400025000000,BINANCE-001,MARGIN,USDT,18489.34660971,461.52710775,18027.81950196,False
865,1624838460000000000,BINANCE-001,MARGIN,USDT,18013.17568341,0.00000000,18013.17568341,False
866,1624838520000000000,BINANCE-001,MARGIN,USDT,17995.23242097,448.58156100,17546.65085997,False
867,1624867200017000000,BINANCE-001,MARGIN,USDT,17995.83421251,448.58156100,17547.25265151,True
868,1624867200017000000,BINANCE-001,MARGIN,USDT,17995.83421251,448.58156100,17547.25265151,False
869,1624896000007000000,BINANCE-001,MARGIN,USDT,17997.64797387,448.58156100,17549.06641287,True
870,1624896000007000000,BINANCE-001,MARGIN,USDT,17997.64797387,448.58156100,17549.06641287,False
871,1624924800008000000,BINANCE-001,MARGIN,USDT,17999.14146723,448.58156100,17550.55990623,True
872,1624924800008000000,BINANCE-001,MARGIN,USDT,17999.14146723,448.58156100,17550.55990623,False
873,1624953600000000000,BINANCE-001,MARGIN,USDT,18000.95002892,448.58156100,17552.36846792,True
874,1624953600000000000,BINANCE-001,MARGIN,USDT,18000.95002892,448.58156100,17552.36846792,False
875,1624982400000000000,BINANCE-001,MARGIN,USDT,18001.68047050,448.58156100,17553.09890950,True
876,1624982400000000000,BINANCE-001,MARGIN,USDT,18001.68047050,448.58156100,17553.09890950,False
877,1625011200011000000,BINANCE-001,MARGIN,USDT,18003.54401820,448.58156100,17554.96245720,True
878,1625011200011000000,BINANCE-001,MARGIN,USDT,18003.54401820,448.58156100,17554.96245720,False
879,1625040000044000000,BINANCE-001,MARGIN,USDT,18005.37233427,448.58156100,17556.79077327,True
880,1625040000044000000,BINANCE-001,MARGIN,USDT,18005.37233427,448.58156100,17556.79077327,False
881,1625068800005000000,BINANCE-001,MARGIN,USDT,18007.14703324,448.58156100,17558.56547224,True
882,1625068800005000000,BINANCE-001,MARGIN,USDT,18007.14703324,448.58156100,17558.56547224,False
883,1625097600000000000,BINANCE-001,MARGIN,USDT,18008.96516342,448.58156100,17560.38360242,True
884,1625097600000000000,BINANCE-001,MARGIN,USDT,18008.96516342,448.58156100,17560.38360242,False
885,1625126400004000000,BINANCE-001,MARGIN,USDT,18010.69541424,448.58156100,17562.11385324,True
886,1625126400004000000,BINANCE-001,MARGIN,USDT,18010.69541424,448.58156100,17562.11385324,False
887,1625155200028000000,BINANCE-001,MARGIN,USDT,18012.43004992,448.58156100,17563.84848892,True
888,1625155200028000000,BINANCE-001,MARGIN,USDT,18012.43004992,448.58156100,17563.84848892,False
889,1625184000002000000,BINANCE-001,MARGIN,USDT,18013.87415135,448.58156100,17565.29259035,True
890,1625184000002000000,BINANCE-001,MARGIN,USDT,18013.87415135,448.58156100,17565.29259035,False
891,1625212800016000000,BINANCE-001,MARGIN,USDT,18015.60514247,448.58156100,17567.02358147,True
892,1625212800016000000,BINANCE-001,MARGIN,USDT,18015.60514247,448.58156100,17567.02358147,False
893,1625241600007000000,BINANCE-001,MARGIN,USDT,18013.47424729,448.58156100,17564.89268629,True
894,1625241600007000000,BINANCE-001,MARGIN,USDT,18013.47424729,448.58156100,17564.89268629,False
895,1625270400008000000,BINANCE-001,MARGIN,USDT,18012.62153551,448.58156100,17564.03997451,True
896,1625270400008000000,BINANCE-001,MARGIN,USDT,18012.62153551,448.58156100,17564.03997451,False
897,1625299200000000000,BINANCE-001,MARGIN,USDT,18010.19701750,448.58156100,17561.61545650,True
898,1625299200000000000,BINANCE-001,MARGIN,USDT,18010.19701750,448.58156100,17561.61545650,False
899,1625328000004000000,BINANCE-001,MARGIN,USDT,18010.83086722,448.58156100,17562.24930622,True
900,1625328000004000000,BINANCE-001,MARGIN,USDT,18010.83086722,448.58156100,17562.24930622,False
901,1625356800012000000,BINANCE-001,MARGIN,USDT,18011.41266704,448.58156100,17562.83110604,True
902,1625356800012000000,BINANCE-001,MARGIN,USDT,18011.41266704,448.58156100,17562.83110604,False
903,1625385600002000000,BINANCE-001,MARGIN,USDT,18008.59417381,448.58156100,17560.01261281,True
904,1625385600002000000,BINANCE-001,MARGIN,USDT,18008.59417381,448.58156100,17560.01261281,False
905,1625414400003000000,BINANCE-001,MARGIN,USDT,18009.40956598,448.58156100,17560.82800498,True
906,1625414400003000000,BINANCE-001,MARGIN,USDT,18009.40956598,448.58156100,17560.82800498,False
907,1625443200004000000,BINANCE-001,MARGIN,USDT,18011.24057151,448.58156100,17562.65901051,True
908,1625443200004000000,BINANCE-001,MARGIN,USDT,18011.24057151,448.58156100,17562.65901051,False
909,1625443260000000000,BINANCE-001,MARGIN,USDT,17997.12945828,432.15950000,17564.96995828,False
910,1625472000000000000,BINANCE-001,MARGIN,USDT,17998.84127747,432.15950000,17566.68177747,True
911,1625472000000000000,BINANCE-001,MARGIN,USDT,17998.84127747,432.15950000,17566.68177747,False
912,1625500800009000000,BINANCE-001,MARGIN,USDT,17997.08849375,432.15950000,17564.92899375,True
913,1625500800009000000,BINANCE-001,MARGIN,USDT,17997.08849375,432.15950000,17564.92899375,False
914,1625529600008000000,BINANCE-001,MARGIN,USDT,17996.97382534,432.15950000,17564.81432534,True
915,1625529600008000000,BINANCE-001,MARGIN,USDT,17996.97382534,432.15950000,17564.81432534,False
916,1625558400019000000,BINANCE-001,MARGIN,USDT,17995.03249743,432.15950000,17562.87299743,True
917,1625558400019000000,BINANCE-001,MARGIN,USDT,17995.03249743,432.15950000,17562.87299743,False
918,1625587200000000000,BINANCE-001,MARGIN,USDT,17993.63525463,432.15950000,17561.47575463,True
919,1625587200000000000,BINANCE-001,MARGIN,USDT,17993.63525463,432.15950000,17561.47575463,False
920,1625616000007000000,BINANCE-001,MARGIN,USDT,17991.34959634,432.15950000,17559.19009634,True
921,1625616000007000000,BINANCE-001,MARGIN,USDT,17991.34959634,432.15950000,17559.19009634,False
922,1625644800001000000,BINANCE-001,MARGIN,USDT,17993.08494658,432.15950000,17560.92544658,True
923,1625644800001000000,BINANCE-001,MARGIN,USDT,17993.08494658,432.15950000,17560.92544658,False
924,1625673600008000000,BINANCE-001,MARGIN,USDT,17994.81142859,432.15950000,17562.65192859,True
925,1625673600008000000,BINANCE-001,MARGIN,USDT,17994.81142859,432.15950000,17562.65192859,False
926,1625702400002000000,BINANCE-001,MARGIN,USDT,17995.04532179,432.15950000,17562.88582179,True
927,1625702400002000000,BINANCE-001,MARGIN,USDT,17995.04532179,432.15950000,17562.88582179,False
928,1625731200010000000,BINANCE-001,MARGIN,USDT,17994.00530043,432.15950000,17561.84580043,True
929,1625731200010000000,BINANCE-001,MARGIN,USDT,17994.00530043,432.15950000,17561.84580043,False
930,1625760000003000000,BINANCE-001,MARGIN,USDT,17989.38955372,432.15950000,17557.23005372,True
931,1625760000003000000,BINANCE-001,MARGIN,USDT,17989.38955372,432.15950000,17557.23005372,False
932,1625788800000000000,BINANCE-001,MARGIN,USDT,17987.60171914,432.15950000,17555.44221914,True
933,1625788800000000000,BINANCE-001,MARGIN,USDT,17987.60171914,432.15950000,17555.44221914,False
934,1625817600006000000,BINANCE-001,MARGIN,USDT,17984.74720256,432.15950000,17552.58770256,True
935,1625817600006000000,BINANCE-001,MARGIN,USDT,17984.74720256,432.15950000,17552.58770256,False
936,1625846400000000000,BINANCE-001,MARGIN,USDT,17981.58736008,432.15950000,17549.42786008,True
937,1625846400000000000,BINANCE-001,MARGIN,USDT,17981.58736008,432.15950000,17549.42786008,False
938,1625875200002000000,BINANCE-001,MARGIN,USDT,17981.57366896,432.15950000,17549.41416896,True
939,1625875200002000000,BINANCE-001,MARGIN,USDT,17981.57366896,432.15950000,17549.41416896,False
940,1625904000000000000,BINANCE-001,MARGIN,USDT,17982.89751750,432.15950000,17550.73801750,True
941,1625904000000000000,BINANCE-001,MARGIN,USDT,17982.89751750,432.15950000,17550.73801750,False
942,1625932800001000000,BINANCE-001,MARGIN,USDT,17982.90970142,432.15950000,17550.75020142,True
943,1625932800001000000,BINANCE-001,MARGIN,USDT,17982.90970142,432.15950000,17550.75020142,False
944,1625961600001000000,BINANCE-001,MARGIN,USDT,17984.21364414,432.15950000,17552.05414414,True
945,1625961600001000000,BINANCE-001,MARGIN,USDT,17984.21364414,432.15950000,17552.05414414,False
946,1625990400025000000,BINANCE-001,MARGIN,USDT,17985.88859414,432.15950000,17553.72909414,True
947,1625990400025000000,BINANCE-001,MARGIN,USDT,17985.88859414,432.15950000,17553.72909414,False
948,1626019200006000000,BINANCE-001,MARGIN,USDT,17985.31634580,432.15950000,17553.15684580,True
949,1626019200006000000,BINANCE-001,MARGIN,USDT,17985.31634580,432.15950000,17553.15684580,False
950,1626048000000000000,BINANCE-001,MARGIN,USDT,17986.83190209,432.15950000,17554.67240209,True
951,1626048000000000000,BINANCE-001,MARGIN,USDT,17986.83190209,432.15950000,17554.67240209,False
952,1626048060000000000,BINANCE-001,MARGIN,USDT,17985.83854189,456.99350500,17528.84503689,False
953,1626076800021000000,BINANCE-001,MARGIN,USDT,17986.46639622,456.99350500,17529.47289122,True
954,1626076800021000000,BINANCE-001,MARGIN,USDT,17986.46639622,456.99350500,17529.47289122,False
955,1626105600000000000,BINANCE-001,MARGIN,USDT,17988.23031240,456.99350500,17531.23680740,True
956,1626105600000000000,BINANCE-001,MARGIN,USDT,17988.23031240,456.99350500,17531.23680740,False
957,1626134400000000000,BINANCE-001,MARGIN,USDT,17989.98062019,456.99350500,17532.98711519,True
958,1626134400000000000,BINANCE-001,MARGIN,USDT,17989.98062019,456.99350500,17532.98711519,False
959,1626163200013000000,BINANCE-001,MARGIN,USDT,17991.73487233,456.99350500,17534.74136733,True
960,1626163200013000000,BINANCE-001,MARGIN,USDT,17991.73487233,456.99350500,17534.74136733,False
961,1626192000005000000,BINANCE-001,MARGIN,USDT,17991.74388749,456.99350500,17534.75038249,True
962,1626192000005000000,BINANCE-001,MARGIN,USDT,17991.74388749,456.99350500,17534.75038249,False
963,1626220800000000000,BINANCE-001,MARGIN,USDT,17993.47443298,456.99350500,17536.48092798,True
964,1626220800000000000,BINANCE-001,MARGIN,USDT,17993.47443298,456.99350500,17536.48092798,False
965,1626249600000000000,BINANCE-001,MARGIN,USDT,17993.69675043,456.99350500,17536.70324543,True
966,1626249600000000000,BINANCE-001,MARGIN,USDT,17993.69675043,456.99350500,17536.70324543,False
967,1626278400005000000,BINANCE-001,MARGIN,USDT,17991.65914506,456.99350500,17534.66564006,True
968,1626278400005000000,BINANCE-001,MARGIN,USDT,17991.65914506,456.99350500,17534.66564006,False
969,1626307200005000000,BINANCE-001,MARGIN,USDT,17990.81162601,456.99350500,17533.81812101,True
970,1626307200005000000,BINANCE-001,MARGIN,USDT,17990.81162601,456.99350500,17533.81812101,False
971,1626336000001000000,BINANCE-001,MARGIN,USDT,17992.52881079,456.99350500,17535.53530579,True
972,1626336000001000000,BINANCE-001,MARGIN,USDT,17992.52881079,456.99350500,17535.53530579,False
973,1626364800000000000,BINANCE-001,MARGIN,USDT,17992.79292247,456.99350500,17535.79941747,True
974,1626364800000000000,BINANCE-001,MARGIN,USDT,17992.79292247,456.99350500,17535.79941747,False
975,1626393600000000000,BINANCE-001,MARGIN,USDT,17990.85011265,456.99350500,17533.85660765,True
976,1626393600000000000,BINANCE-001,MARGIN,USDT,17990.85011265,456.99350500,17533.85660765,False
977,1626422400000000000,BINANCE-001,MARGIN,USDT,17991.87594415,456.99350500,17534.88243915,True
978,1626422400000000000,BINANCE-001,MARGIN,USDT,17991.87594415,456.99350500,17534.88243915,False
979,1626451200001000000,BINANCE-001,MARGIN,USDT,17992.05816851,456.99350500,17535.06466351,True
980,1626451200001000000,BINANCE-001,MARGIN,USDT,17992.05816851,456.99350500,17535.06466351,False
981,1626480000004000000,BINANCE-001,MARGIN,USDT,17993.71818208,456.99350500,17536.72467708,True
982,1626480000004000000,BINANCE-001,MARGIN,USDT,17993.71818208,456.99350500,17536.72467708,False
983,1626508800009000000,BINANCE-001,MARGIN,USDT,17992.99457013,456.99350500,17536.00106513,True
984,1626508800009000000,BINANCE-001,MARGIN,USDT,17992.99457013,456.99350500,17536.00106513,False
985,1626537600006000000,BINANCE-001,MARGIN,USDT,17993.39165025,456.99350500,17536.39814525,True
986,1626537600006000000,BINANCE-001,MARGIN,USDT,17993.39165025,456.99350500,17536.39814525,False
987,1626566400000000000,BINANCE-001,MARGIN,USDT,17995.05757282,456.99350500,17538.06406782,True
988,1626566400000000000,BINANCE-001,MARGIN,USDT,17995.05757282,456.99350500,17538.06406782,False
989,1626595200001000000,BINANCE-001,MARGIN,USDT,17996.73476679,456.99350500,17539.74126179,True
990,1626595200001000000,BINANCE-001,MARGIN,USDT,17996.73476679,456.99350500,17539.74126179,False
991,1626624000003000000,BINANCE-001,MARGIN,USDT,17995.99924070,456.99350500,17539.00573570,True
992,1626624000003000000,BINANCE-001,MARGIN,USDT,17995.99924070,456.99350500,17539.00573570,False
993,1626652800002000000,BINANCE-001,MARGIN,USDT,17994.73758986,456.99350500,17537.74408486,True
994,1626652800002000000,BINANCE-001,MARGIN,USDT,17994.73758986,456.99350500,17537.74408486,False
995,1626652860000000000,BINANCE-001,MARGIN,USDT,17992.06916270,523.70418400,17468.36497870,False
996,1626681600006000000,BINANCE-001,MARGIN,USDT,17992.68567804,523.70418400,17468.98149404,True
997,1626681600006000000,BINANCE-001,MARGIN,USDT,17992.68567804,523.70418400,17468.98149404,False
998,1626710400006000000,BINANCE-001,MARGIN,USDT,17992.45440925,523.70418400,17468.75022525,True
999,1626710400006000000,BINANCE-001,MARGIN,USDT,17992.45440925,523.70418400,17468.75022525,False
1000,1626739200002000000,BINANCE-001,MARGIN,USDT,17989.49051574,523.70418400,17465.78633174,True
1001,1626739200002000000,BINANCE-001,MARGIN,USDT,17989.49051574,523.70418400,17465.78633174,False
1002,1626768000011000000,BINANCE-001,MARGIN,USDT,17987.19453377,523.70418400,17463.49034977,True
1003,1626768000011000000,BINANCE-001,MARGIN,USDT,17987.19453377,523.70418400,17463.49034977,False
1004,1626796800001000000,BINANCE-001,MARGIN,USDT,17983.72680546,523.70418400,17460.02262146,True
1005,1626796800001000000,BINANCE-001,MARGIN,USDT,17983.72680546,523.70418400,17460.02262146,False
1006,1626825600022000000,BINANCE-001,MARGIN,USDT,17979.55338764,523.70418400,17455.84920364,True
1007,1626825600022000000,BINANCE-001,MARGIN,USDT,17979.55338764,523.70418400,17455.84920364,False
1008,1626854400000000000,BINANCE-001,MARGIN,USDT,17972.16279719,523.70418400,17448.45861319,True
1009,1626854400000000000,BINANCE-001,MARGIN,USDT,17972.16279719,523.70418400,17448.45861319,False
1010,1626883200018000000,BINANCE-001,MARGIN,USDT,17965.84486114,523.70418400,17442.14067714,True
1011,1626883200018000000,BINANCE-001,MARGIN,USDT,17965.84486114,523.70418400,17442.14067714,False
1012,1626912000002000000,BINANCE-001,MARGIN,USDT,17962.64390733,523.70418400,17438.93972333,True
1013,1626912000002000000,BINANCE-001,MARGIN,USDT,17962.64390733,523.70418400,17438.93972333,False
1014,1626940800006000000,BINANCE-001,MARGIN,USDT,17962.91203831,523.70418400,17439.20785431,True
1015,1626940800006000000,BINANCE-001,MARGIN,USDT,17962.91203831,523.70418400,17439.20785431,False
1016,1626969600010000000,BINANCE-001,MARGIN,USDT,17963.18556909,523.70418400,17439.48138509,True
1017,1626969600010000000,BINANCE-001,MARGIN,USDT,17963.18556909,523.70418400,17439.48138509,False
1018,1626998400013000000,BINANCE-001,MARGIN,USDT,17963.25361699,523.70418400,17439.54943299,True
1019,1626998400013000000,BINANCE-001,MARGIN,USDT,17963.25361699,523.70418400,17439.54943299,False
1020,1627027200000000000,BINANCE-001,MARGIN,USDT,17959.87416556,523.70418400,17436.16998156,True
1021,1627027200000000000,BINANCE-001,MARGIN,USDT,17959.87416556,523.70418400,17436.16998156,False
1022,1627056000005000000,BINANCE-001,MARGIN,USDT,17959.67814097,523.70418400,17435.97395697,True
1023,1627056000005000000,BINANCE-001,MARGIN,USDT,17959.67814097,523.70418400,17435.97395697,False
1024,1627084800000000000,BINANCE-001,MARGIN,USDT,17958.18462247,523.70418400,17434.48043847,True
1025,1627084800000000000,BINANCE-001,MARGIN,USDT,17958.18462247,523.70418400,17434.48043847,False
1026,1627113600002000000,BINANCE-001,MARGIN,USDT,17955.41306777,523.70418400,17431.70888377,True
1027,1627113600002000000,BINANCE-001,MARGIN,USDT,17955.41306777,523.70418400,17431.70888377,False
1028,1627142400001000000,BINANCE-001,MARGIN,USDT,17953.21317981,523.70418400,17429.50899581,True
1029,1627142400001000000,BINANCE-001,MARGIN,USDT,17953.21317981,523.70418400,17429.50899581,False
1030,1627171200003000000,BINANCE-001,MARGIN,USDT,17947.82457980,523.70418400,17424.12039580,True
1031,1627171200003000000,BINANCE-001,MARGIN,USDT,17947.82457980,523.70418400,17424.12039580,False
1032,1627200000015000000,BINANCE-001,MARGIN,USDT,17943.21120918,523.70418400,17419.50702518,True
1033,1627200000015000000,BINANCE-001,MARGIN,USDT,17943.21120918,523.70418400,17419.50702518,False
1034,1627228800000000000,BINANCE-001,MARGIN,USDT,17942.12301594,523.70418400,17418.41883194,True
1035,1627228800000000000,BINANCE-001,MARGIN,USDT,17942.12301594,523.70418400,17418.41883194,False
1036,1627257600000000000,BINANCE-001,MARGIN,USDT,17930.22938826,523.70418400,17406.52520426,True
1037,1627257600000000000,BINANCE-001,MARGIN,USDT,17930.22938826,523.70418400,17406.52520426,False
1038,1627257660000000000,BINANCE-001,MARGIN,USDT,17174.49381755,0.00000000,17174.49381755,False
1039,1627257720000000000,BINANCE-001,MARGIN,USDT,17157.33607355,428.94360000,16728.39247355,False
1040,1627286400000000000,BINANCE-001,MARGIN,USDT,17155.48204231,428.94360000,16726.53844231,True
1041,1627286400000000000,BINANCE-001,MARGIN,USDT,17155.48204231,428.94360000,16726.53844231,False
1042,1627315200000000000,BINANCE-001,MARGIN,USDT,17153.60757895,428.94360000,16724.66397895,True
1043,1627315200000000000,BINANCE-001,MARGIN,USDT,17153.60757895,428.94360000,16724.66397895,False
1044,1627344000046000000,BINANCE-001,MARGIN,USDT,17151.79840215,428.94360000,16722.85480215,True
1045,1627344000046000000,BINANCE-001,MARGIN,USDT,17151.79840215,428.94360000,16722.85480215,False
1046,1627372800014000000,BINANCE-001,MARGIN,USDT,17149.99460501,428.94360000,16721.05100501,True
1047,1627372800014000000,BINANCE-001,MARGIN,USDT,17149.99460501,428.94360000,16721.05100501,False
1048,1627401600007000000,BINANCE-001,MARGIN,USDT,17150.41206433,428.94360000,16721.46846433,True
1049,1627401600007000000,BINANCE-001,MARGIN,USDT,17150.41206433,428.94360000,16721.46846433,False
1050,1627430400000000000,BINANCE-001,MARGIN,USDT,17150.80268208,428.94360000,16721.85908208,True
1051,1627430400000000000,BINANCE-001,MARGIN,USDT,17150.80268208,428.94360000,16721.85908208,False
1052,1627459200002000000,BINANCE-001,MARGIN,USDT,17148.86412577,428.94360000,16719.92052577,True
1053,1627459200002000000,BINANCE-001,MARGIN,USDT,17148.86412577,428.94360000,16719.92052577,False
1054,1627488000005000000,BINANCE-001,MARGIN,USDT,17146.93632658,428.94360000,16717.99272658,True
1055,1627488000005000000,BINANCE-001,MARGIN,USDT,17146.93632658,428.94360000,16717.99272658,False
1056,1627516800004000000,BINANCE-001,MARGIN,USDT,17146.64605429,428.94360000,16717.70245429,True
1057,1627516800004000000,BINANCE-001,MARGIN,USDT,17146.64605429,428.94360000,16717.70245429,False
1058,1627545600000000000,BINANCE-001,MARGIN,USDT,17145.04087862,428.94360000,16716.09727862,True
1059,1627545600000000000,BINANCE-001,MARGIN,USDT,17145.04087862,428.94360000,16716.09727862,False
1060,1627574400007000000,BINANCE-001,MARGIN,USDT,17143.09998111,428.94360000,16714.15638111,True
1061,1627574400007000000,BINANCE-001,MARGIN,USDT,17143.09998111,428.94360000,16714.15638111,False
1062,1627603200004000000,BINANCE-001,MARGIN,USDT,17141.15534931,428.94360000,16712.21174931,True
1063,1627603200004000000,BINANCE-001,MARGIN,USDT,17141.15534931,428.94360000,16712.21174931,False
1064,1627632000000000000,BINANCE-001,MARGIN,USDT,17139.22488490,428.94360000,16710.28128490,True
1065,1627632000000000000,BINANCE-001,MARGIN,USDT,17139.22488490,428.94360000,16710.28128490,False
1066,1627660800000000000,BINANCE-001,MARGIN,USDT,17139.67599909,428.94360000,16710.73239909,True
1067,1627660800000000000,BINANCE-001,MARGIN,USDT,17139.67599909,428.94360000,16710.73239909,False
1068,1627689600000000000,BINANCE-001,MARGIN,USDT,17137.62461302,428.94360000,16708.68101302,True
1069,1627689600000000000,BINANCE-001,MARGIN,USDT,17137.62461302,428.94360000,16708.68101302,False
1070,1627718400014000000,BINANCE-001,MARGIN,USDT,17135.60581493,428.94360000,16706.66221493,True
1071,1627718400014000000,BINANCE-001,MARGIN,USDT,17135.60581493,428.94360000,16706.66221493,False
1072,1627747200003000000,BINANCE-001,MARGIN,USDT,17133.58711041,428.94360000,16704.64351041,True
1073,1627747200003000000,BINANCE-001,MARGIN,USDT,17133.58711041,428.94360000,16704.64351041,False
