event_index,ts_event,account_id,account_type,currency,total,locked,free,reported
0,1609459200000000000,BINANCE-001,MARGIN,USDT,10000.00000000,0.00000000,10000.00000000,True
1,1612137660000000000,BINANCE-001,MARGIN,USDT,9998.07867924,48.03301900,9950.04566024,False
2,1612166400014000000,BINANCE-001,MARGIN,USDT,9997.34151274,48.03301900,9949.30849374,True
3,1612166400014000000,BINANCE-001,MARGIN,USDT,9997.34151274,48.03301900,9949.30849374,False
4,1612195200000000000,BINANCE-001,MARGIN,USDT,9996.05469476,48.03301900,9948.02167576,True
5,1612195200000000000,BINANCE-001,MARGIN,USDT,9996.05469476,48.03301900,9948.02167576,False
6,1612224000000000000,BINANCE-001,MARGIN,USDT,9995.33901506,48.03301900,9947.30599606,True
7,1612224000000000000,BINANCE-001,MARGIN,USDT,9995.33901506,48.03301900,9947.30599606,False
8,1612252800006000000,BINANCE-001,MARGIN,USDT,9994.45889962,48.03301900,9946.42588062,True
9,1612252800006000000,BINANCE-001,MARGIN,USDT,9994.45889962,48.03301900,9946.42588062,False
10,1612281600000000000,BINANCE-001,MARGIN,USDT,9991.99628346,48.03301900,9943.96326446,True
11,1612281600000000000,BINANCE-001,MARGIN,USDT,9991.99628346,48.03301900,9943.96326446,False
12,1612310400009000000,BINANCE-001,MARGIN,USDT,9990.40393125,48.03301900,9942.37091225,True
13,1612310400009000000,BINANCE-001,MARGIN,USDT,9990.40393125,48.03301900,9942.37091225,False
14,1612339200006000000,BINANCE-001,MARGIN,USDT,9988.70068561,48.03301900,9940.66766661,True
15,1612339200006000000,BINANCE-001,MARGIN,USDT,9988.70068561,48.03301900,9940.66766661,False
16,1612368000006000000,BINANCE-001,MARGIN,USDT,9987.08965218,48.03301900,9939.05663318,True
17,1612368000006000000,BINANCE-001,MARGIN,USDT,9987.08965218,48.03301900,9939.05663318,False
18,1612396800005000000,BINANCE-001,MARGIN,USDT,9986.45497971,48.03301900,9938.42196071,True
19,1612396800005000000,BINANCE-001,MARGIN,USDT,9986.45497971,48.03301900,9938.42196071,False
20,1612425600000000000,BINANCE-001,MARGIN,USDT,9984.82314383,48.03301900,9936.79012483,True
21,1612425600000000000,BINANCE-001,MARGIN,USDT,9984.82314383,48.03301900,9936.79012483,False
22,1612454400011000000,BINANCE-001,MARGIN,USDT,9983.50829134,48.03301900,9935.47527234,True
23,1612454400011000000,BINANCE-001,MARGIN,USDT,9983.50829134,48.03301900,9935.47527234,False
24,1612483200009000000,BINANCE-001,MARGIN,USDT,9982.29312897,48.03301900,9934.26010997,True
25,1612483200009000000,BINANCE-001,MARGIN,USDT,9982.29312897,48.03301900,9934.26010997,False
26,1612512000004000000,BINANCE-001,MARGIN,USDT,9980.65688921,48.03301900,9932.62387021,True
27,1612512000004000000,BINANCE-001,MARGIN,USDT,9980.65688921,48.03301900,9932.62387021,False
28,1612540800000000000,BINANCE-001,MARGIN,USDT,9978.47185135,48.03301900,9930.43883235,True
29,1612540800000000000,BINANCE-001,MARGIN,USDT,9978.47185135,48.03301900,9930.43883235,False
30,1612569600008000000,BINANCE-001,MARGIN,USDT,9977.69871195,48.03301900,9929.66569295,True
31,1612569600008000000,BINANCE-001,MARGIN,USDT,9977.69871195,48.03301900,9929.66569295,False
32,1612598400009000000,BINANCE-001,MARGIN,USDT,9976.10309080,48.03301900,9928.07007180,True
33,1612598400009000000,BINANCE-001,MARGIN,USDT,9976.10309080,48.03301900,9928.07007180,False
34,1612627200000000000,BINANCE-001,MARGIN,USDT,9973.67542257,48.03301900,9925.64240357,True
35,1612627200000000000,BINANCE-001,MARGIN,USDT,9973.67542257,48.03301900,9925.64240357,False
36,1612656000000000000,BINANCE-001,MARGIN,USDT,9970.13433037,48.03301900,9922.10131137,True
37,1612656000000000000,BINANCE-001,MARGIN,USDT,9970.13433037,48.03301900,9922.10131137,False
38,1612684800005000000,BINANCE-001,MARGIN,USDT,9968.65894707,48.03301900,9920.62592807,True
39,1612684800005000000,BINANCE-001,MARGIN,USDT,9968.65894707,48.03301900,9920.62592807,False
40,1612713600001000000,BINANCE-001,MARGIN,USDT,9966.32075031,48.03301900,9918.28773131,True
41,1612713600001000000,BINANCE-001,MARGIN,USDT,9966.32075031,48.03301900,9918.28773131,False
42,1612742400000000000,BINANCE-001,MARGIN,USDT,9964.98552770,48.03301900,9916.95250870,True
43,1612742400000000000,BINANCE-001,MARGIN,USDT,9964.98552770,48.03301900,9916.95250870,False
44,1612742460000000000,BINANCE-001,MARGIN,USDT,9987.72221074,44.72039700,9943.00181374,False
45,1612771200001000000,BINANCE-001,MARGIN,USDT,9986.49354715,44.72039700,9941.77315015,True
46,1612771200001000000,BINANCE-001,MARGIN,USDT,9986.49354715,44.72039700,9941.77315015,False
47,1612800000000000000,BINANCE-001,MARGIN,USDT,9980.60806898,44.72039700,9935.88767198,True
48,1612800000000000000,BINANCE-001,MARGIN,USDT,9980.60806898,44.72039700,9935.88767198,False
49,1612828800010000000,BINANCE-001,MARGIN,USDT,9977.32150134,44.72039700,9932.60110434,True
50,1612828800010000000,BINANCE-001,MARGIN,USDT,9977.32150134,44.72039700,9932.60110434,False
51,1612857600006000000,BINANCE-001,MARGIN,USDT,9972.52338558,44.72039700,9927.80298858,True
52,1612857600006000000,BINANCE-001,MARGIN,USDT,9972.52338558,44.72039700,9927.80298858,False
53,1612886400007000000,BINANCE-001,MARGIN,USDT,9968.44559658,44.72039700,9923.72519958,True
54,1612886400007000000,BINANCE-001,MARGIN,USDT,9968.44559658,44.72039700,9923.72519958,False
55,1612915200009000000,BINANCE-001,MARGIN,USDT,9965.32304804,44.72039700,9920.60265104,True
56,1612915200009000000,BINANCE-001,MARGIN,USDT,9965.32304804,44.72039700,9920.60265104,False
57,1612944000014000000,BINANCE-001,MARGIN,USDT,9960.90333484,44.72039700,9916.18293784,True
58,1612944000014000000,BINANCE-001,MARGIN,USDT,9960.90333484,44.72039700,9916.18293784,False
59,1612972800005000000,BINANCE-001,MARGIN,USDT,9958.21070454,44.72039700,9913.49030754,True
60,1612972800005000000,BINANCE-001,MARGIN,USDT,9958.21070454,44.72039700,9913.49030754,False
61,1613001600000000000,BINANCE-001,MARGIN,USDT,9956.35149205,44.72039700,9911.63109505,True
62,1613001600000000000,BINANCE-001,MARGIN,USDT,9956.35149205,44.72039700,9911.63109505,False
63,1613030400000000000,BINANCE-001,MARGIN,USDT,9954.34364929,44.72039700,9909.62325229,True
64,1613030400000000000,BINANCE-001,MARGIN,USDT,9954.34364929,44.72039700,9909.62325229,False
65,1613059200000000000,BINANCE-001,MARGIN,USDT,9949.82333222,44.72039700,9905.10293522,True
66,1613059200000000000,BINANCE-001,MARGIN,USDT,9949.82333222,44.72039700,9905.10293522,False
67,1613088000000000000,BINANCE-001,MARGIN,USDT,9946.48062688,44.72039700,9901.76022988,True
68,1613088000000000000,BINANCE-001,MARGIN,USDT,9946.48062688,44.72039700,9901.76022988,False
69,1613116800000000000,BINANCE-001,MARGIN,USDT,9943.26552648,44.72039700,9898.54512948,True
70,1613116800000000000,BINANCE-001,MARGIN,USDT,9943.26552648,44.72039700,9898.54512948,False
71,1613145600000000000,BINANCE-001,MARGIN,USDT,9940.58344666,44.72039700,9895.86304966,True
72,1613145600000000000,BINANCE-001,MARGIN,USDT,9940.58344666,44.72039700,9895.86304966,False
73,1613174400001000000,BINANCE-001,MARGIN,USDT,9937.00150645,44.72039700,9892.28110945,True
74,1613174400001000000,BINANCE-001,MARGIN,USDT,9937.00150645,44.72039700,9892.28110945,False
75,1613203200003000000,BINANCE-001,MARGIN,USDT,9933.40411075,44.72039700,9888.68371375,True
76,1613203200003000000,BINANCE-001,MARGIN,USDT,9933.40411075,44.72039700,9888.68371375,False
77,1613232000000000000,BINANCE-001,MARGIN,USDT,9931.47125838,44.72039700,9886.75086138,True
78,1613232000000000000,BINANCE-001,MARGIN,USDT,9931.47125838,44.72039700,9886.75086138,False
79,1613260800013000000,BINANCE-001,MARGIN,USDT,9929.30256158,44.72039700,9884.58216458,True
80,1613260800013000000,BINANCE-001,MARGIN,USDT,9929.30256158,44.72039700,9884.58216458,False
81,1613289600000000000,BINANCE-001,MARGIN,USDT,9925.44825359,44.72039700,9880.72785659,True
82,1613289600000000000,BINANCE-001,MARGIN,USDT,9925.44825359,44.72039700,9880.72785659,False
83,1613318400008000000,BINANCE-001,MARGIN,USDT,9921.52145933,44.72039700,9876.80106233,True
84,1613318400008000000,BINANCE-001,MARGIN,USDT,9921.52145933,44.72039700,9876.80106233,False
85,1613347200000000000,BINANCE-001,MARGIN,USDT,9918.42374149,44.72039700,9873.70334449,True
86,1613347200000000000,BINANCE-001,MARGIN,USDT,9918.42374149,44.72039700,9873.70334449,False
87,1613347260000000000,BINANCE-001,MARGIN,USDT,10119.66796389,33.95437550,10085.71358839,False
88,1613376000006000000,BINANCE-001,MARGIN,USDT,10118.88046143,33.95437550,10084.92608593,True
89,1613376000006000000,BINANCE-001,MARGIN,USDT,10118.88046143,33.95437550,10084.92608593,False
90,1613404800000000000,BINANCE-001,MARGIN,USDT,10117.53974115,33.95437550,10083.58536565,True
91,1613404800000000000,BINANCE-001,MARGIN,USDT,10117.53974115,33.95437550,10083.58536565,False
92,1613433600001000000,BINANCE-001,MARGIN,USDT,10115.58041272,33.95437550,10081.62603722,True
93,1613433600001000000,BINANCE-001,MARGIN,USDT,10115.58041272,33.95437550,10081.62603722,False
94,1613462400000000000,BINANCE-001,MARGIN,USDT,10113.08731078,33.95437550,10079.13293528,True
95,1613462400000000000,BINANCE-001,MARGIN,USDT,10113.08731078,33.95437550,10079.13293528,False
96,1613491200010000000,BINANCE-001,MARGIN,USDT,10110.23620615,33.95437550,10076.28183065,True
97,1613491200010000000,BINANCE-001,MARGIN,USDT,10110.23620615,33.95437550,10076.28183065,False
98,1613520000005000000,BINANCE-001,MARGIN,USDT,10108.13605836,33.95437550,10074.18168286,True
99,1613520000005000000,BINANCE-001,MARGIN,USDT,10108.13605836,33.95437550,10074.18168286,False
100,1613548800010000000,BINANCE-001,MARGIN,USDT,10106.17548996,33.95437550,10072.22111446,True
101,1613548800010000000,BINANCE-001,MARGIN,USDT,10106.17548996,33.95437550,10072.22111446,False
102,1613577600008000000,BINANCE-001,MARGIN,USDT,10103.08604038,33.95437550,10069.13166488,True
103,1613577600008000000,BINANCE-001,MARGIN,USDT,10103.08604038,33.95437550,10069.13166488,False
104,1613606400012000000,BINANCE-001,MARGIN,USDT,10100.25593954,33.95437550,10066.30156404,True
105,1613606400012000000,BINANCE-001,MARGIN,USDT,10100.25593954,33.95437550,10066.30156404,False
106,1613635200000000000,BINANCE-001,MARGIN,USDT,10096.96528478,33.95437550,10063.01090928,True
107,1613635200000000000,BINANCE-001,MARGIN,USDT,10096.96528478,33.95437550,10063.01090928,False
108,1613664000009000000,BINANCE-001,MARGIN,USDT,10094.29998182,33.95437550,10060.34560632,True
109,1613664000009000000,BINANCE-001,MARGIN,USDT,10094.29998182,33.95437550,10060.34560632,False
110,1613692800010000000,BINANCE-001,MARGIN,USDT,10092.36901053,33.95437550,10058.41463503,True
111,1613692800010000000,BINANCE-001,MARGIN,USDT,10092.36901053,33.95437550,10058.41463503,False
112,1613721600002000000,BINANCE-001,MARGIN,USDT,10090.57286728,33.95437550,10056.61849178,True
113,1613721600002000000,BINANCE-001,MARGIN,USDT,10090.57286728,33.95437550,10056.61849178,False
114,1613750400008000000,BINANCE-001,MARGIN,USDT,10087.72477567,33.95437550,10053.77040017,True
115,1613750400008000000,BINANCE-001,MARGIN,USDT,10087.72477567,33.95437550,10053.77040017,False
116,1613779200000000000,BINANCE-001,MARGIN,USDT,10084.13680326,33.95437550,10050.18242776,True
117,1613779200000000000,BINANCE-001,MARGIN,USDT,10084.13680326,33.95437550,10050.18242776,False
118,1613808000009000000,BINANCE-001,MARGIN,USDT,10081.49611113,33.95437550,10047.54173563,True
119,1613808000009000000,BINANCE-001,MARGIN,USDT,10081.49611113,33.95437550,10047.54173563,False
120,1613836800000000000,BINANCE-001,MARGIN,USDT,10078.67278626,33.95437550,10044.71841076,True
121,1613836800000000000,BINANCE-001,MARGIN,USDT,10078.67278626,33.95437550,10044.71841076,False
122,1613865600007000000,BINANCE-001,MARGIN,USDT,10076.37120069,33.95437550,10042.41682519,True
123,1613865600007000000,BINANCE-001,MARGIN,USDT,10076.37120069,33.95437550,10042.41682519,False
124,1613894400012000000,BINANCE-001,MARGIN,USDT,10074.09180647,33.95437550,10040.13743097,True
125,1613894400012000000,BINANCE-001,MARGIN,USDT,10074.09180647,33.95437550,10040.13743097,False
126,1613923200001000000,BINANCE-001,MARGIN,USDT,10071.13128155,33.95437550,10037.17690605,True
127,1613923200001000000,BINANCE-001,MARGIN,USDT,10071.13128155,33.95437550,10037.17690605,False
128,1613952000006000000,BINANCE-001,MARGIN,USDT,10068.37329108,33.95437550,10034.41891558,True
129,1613952000006000000,BINANCE-001,MARGIN,USDT,10068.37329108,33.95437550,10034.41891558,False
130,1613952060000000000,BINANCE-001,MARGIN,USDT,10068.31580364,35.39156150,10032.92424214,False
131,1613980800002000000,BINANCE-001,MARGIN,USDT,10066.13777823,35.39156150,10030.74621673,True
132,1613980800002000000,BINANCE-001,MARGIN,USDT,10066.13777823,35.39156150,10030.74621673,False
133,1614009600000000000,BINANCE-001,MARGIN,USDT,10064.39500748,35.39156150,10029.00344598,True
134,1614009600000000000,BINANCE-001,MARGIN,USDT,10064.39500748,35.39156150,10029.00344598,False
135,1614038400000000000,BINANCE-001,MARGIN,USDT,10063.82800925,35.39156150,10028.43644775,True
136,1614038400000000000,BINANCE-001,MARGIN,USDT,10063.82800925,35.39156150,10028.43644775,False
137,1614067200006000000,BINANCE-001,MARGIN,USDT,10063.20967411,35.39156150,10027.81811261,True
138,1614067200006000000,BINANCE-001,MARGIN,USDT,10063.20967411,35.39156150,10027.81811261,False
139,1614096000000000000,BINANCE-001,MARGIN,USDT,10062.93848820,35.39156150,10027.54692670,True
140,1614096000000000000,BINANCE-001,MARGIN,USDT,10062.93848820,35.39156150,10027.54692670,False
141,1614124800012000000,BINANCE-001,MARGIN,USDT,10062.73296517,35.39156150,10027.34140367,True
142,1614124800012000000,BINANCE-001,MARGIN,USDT,10062.73296517,35.39156150,10027.34140367,False
143,1614153600016000000,BINANCE-001,MARGIN,USDT,10061.64259164,35.39156150,10026.25103014,True
144,1614153600016000000,BINANCE-001,MARGIN,USDT,10061.64259164,35.39156150,10026.25103014,False
145,1614182400011000000,BINANCE-001,MARGIN,USDT,10060.86184193,35.39156150,10025.47028043,True
146,1614182400011000000,BINANCE-001,MARGIN,USDT,10060.86184193,35.39156150,10025.47028043,False
147,1614211200007000000,BINANCE-001,MARGIN,USDT,10060.49220814,35.39156150,10025.10064664,True
148,1614211200007000000,BINANCE-001,MARGIN,USDT,10060.49220814,35.39156150,10025.10064664,False
149,1614240000000000000,BINANCE-001,MARGIN,USDT,10060.10582850,35.39156150,10024.71426700,True
150,1614240000000000000,BINANCE-001,MARGIN,USDT,10060.10582850,35.39156150,10024.71426700,False
151,1614268800010000000,BINANCE-001,MARGIN,USDT,10059.37832965,35.39156150,10023.98676815,True
152,1614268800010000000,BINANCE-001,MARGIN,USDT,10059.37832965,35.39156150,10023.98676815,False
153,1614297600000000000,BINANCE-001,MARGIN,USDT,10059.18051692,35.39156150,10023.78895542,True
154,1614297600000000000,BINANCE-001,MARGIN,USDT,10059.18051692,35.39156150,10023.78895542,False
155,1614326400025000000,BINANCE-001,MARGIN,USDT,10058.99181918,35.39156150,10023.60025768,True
156,1614326400025000000,BINANCE-001,MARGIN,USDT,10058.99181918,35.39156150,10023.60025768,False
157,1614355200010000000,BINANCE-001,MARGIN,USDT,10058.79184177,35.39156150,10023.40028027,True
158,1614355200010000000,BINANCE-001,MARGIN,USDT,10058.79184177,35.39156150,10023.40028027,False
159,1614384000001000000,BINANCE-001,MARGIN,USDT,10058.20502799,35.39156150,10022.81346649,True
160,1614384000001000000,BINANCE-001,MARGIN,USDT,10058.20502799,35.39156150,10022.81346649,False
161,1614412800000000000,BINANCE-001,MARGIN,USDT,10057.32153049,35.39156150,10021.92996899,True
162,1614412800000000000,BINANCE-001,MARGIN,USDT,10057.32153049,35.39156150,10021.92996899,False
163,1614441600000000000,BINANCE-001,MARGIN,USDT,10057.12521954,35.39156150,10021.73365804,True
164,1614441600000000000,BINANCE-001,MARGIN,USDT,10057.12521954,35.39156150,10021.73365804,False
165,1614470400021000000,BINANCE-001,MARGIN,USDT,10056.93152478,35.39156150,10021.53996328,True
166,1614470400021000000,BINANCE-001,MARGIN,USDT,10056.93152478,35.39156150,10021.53996328,False
167,1614499200009000000,BINANCE-001,MARGIN,USDT,10056.74486599,35.39156150,10021.35330449,True
168,1614499200009000000,BINANCE-001,MARGIN,USDT,10056.74486599,35.39156150,10021.35330449,False
169,1614528000000000000,BINANCE-001,MARGIN,USDT,10056.05696874,35.39156150,10020.66540724,True
170,1614528000000000000,BINANCE-001,MARGIN,USDT,10056.05696874,35.39156150,10020.66540724,False
171,1614556800000000000,BINANCE-001,MARGIN,USDT,10055.73580559,35.39156150,10020.34424409,True
172,1614556800000000000,BINANCE-001,MARGIN,USDT,10055.73580559,35.39156150,10020.34424409,False
173,1614556860000000000,BINANCE-001,MARGIN,USDT,10055.50998874,41.03698275,10014.47300599,False
174,1614585600003000000,BINANCE-001,MARGIN,USDT,10055.29239072,41.03698275,10014.25540797,True
175,1614585600003000000,BINANCE-001,MARGIN,USDT,10055.29239072,41.03698275,10014.25540797,False
176,1614614400001000000,BINANCE-001,MARGIN,USDT,10055.06126316,41.03698275,10014.02428041,True
177,1614614400001000000,BINANCE-001,MARGIN,USDT,10055.06126316,41.03698275,10014.02428041,False
178,1614643200000000000,BINANCE-001,MARGIN,USDT,10054.82823444,41.03698275,10013.79125169,True
179,1614643200000000000,BINANCE-001,MARGIN,USDT,10054.82823444,41.03698275,10013.79125169,False
180,1614672000000000000,BINANCE-001,MARGIN,USDT,10054.60092651,41.03698275,10013.56394376,True
181,1614672000000000000,BINANCE-001,MARGIN,USDT,10054.60092651,41.03698275,10013.56394376,False
182,1614700800004000000,BINANCE-001,MARGIN,USDT,10054.37211462,41.03698275,10013.33513187,True
183,1614700800004000000,BINANCE-001,MARGIN,USDT,10054.37211462,41.03698275,10013.33513187,False
184,1614729600000000000,BINANCE-001,MARGIN,USDT,10054.14442939,41.03698275,10013.10744664,True
185,1614729600000000000,BINANCE-001,MARGIN,USDT,10054.14442939,41.03698275,10013.10744664,False
186,1614758400016000000,BINANCE-001,MARGIN,USDT,10053.91062444,41.03698275,10012.87364169,True
187,1614758400016000000,BINANCE-001,MARGIN,USDT,10053.91062444,41.03698275,10012.87364169,False
188,1614787200000000000,BINANCE-001,MARGIN,USDT,10052.83488640,41.03698275,10011.79790365,True
189,1614787200000000000,BINANCE-001,MARGIN,USDT,10052.83488640,41.03698275,10011.79790365,False
190,1614816000000000000,BINANCE-001,MARGIN,USDT,10052.59814434,41.03698275,10011.56116159,True
191,1614816000000000000,BINANCE-001,MARGIN,USDT,10052.59814434,41.03698275,10011.56116159,False
192,1614844800015000000,BINANCE-001,MARGIN,USDT,10052.36455516,41.03698275,10011.32757241,True
193,1614844800015000000,BINANCE-001,MARGIN,USDT,10052.36455516,41.03698275,10011.32757241,False
194,1614873600001000000,BINANCE-001,MARGIN,USDT,10052.13218119,41.03698275,10011.09519844,True
195,1614873600001000000,BINANCE-001,MARGIN,USDT,10052.13218119,41.03698275,10011.09519844,False
196,1614902400000000000,BINANCE-001,MARGIN,USDT,10051.90483501,41.03698275,10010.86785226,True
197,1614902400000000000,BINANCE-001,MARGIN,USDT,10051.90483501,41.03698275,10010.86785226,False
198,1614931200002000000,BINANCE-001,MARGIN,USDT,10051.68190348,41.03698275,10010.64492073,True
199,1614931200002000000,BINANCE-001,MARGIN,USDT,10051.68190348,41.03698275,10010.64492073,False
200,1614960000008000000,BINANCE-001,MARGIN,USDT,10051.45675435,41.03698275,10010.41977160,True
201,1614960000008000000,BINANCE-001,MARGIN,USDT,10051.45675435,41.03698275,10010.41977160,False
202,1614988800000000000,BINANCE-001,MARGIN,USDT,10051.22751204,41.03698275,10010.19052929,True
203,1614988800000000000,BINANCE-001,MARGIN,USDT,10051.22751204,41.03698275,10010.19052929,False
204,1615017600000000000,BINANCE-001,MARGIN,USDT,10050.99795704,41.03698275,10009.96097429,True
205,1615017600000000000,BINANCE-001,MARGIN,USDT,10050.99795704,41.03698275,10009.96097429,False
206,1615046400000000000,BINANCE-001,MARGIN,USDT,10050.77580122,41.03698275,10009.73881847,True
207,1615046400000000000,BINANCE-001,MARGIN,USDT,10050.77580122,41.03698275,10009.73881847,False
208,1615075200006000000,BINANCE-001,MARGIN,USDT,10050.54609554,41.03698275,10009.50911279,True
209,1615075200006000000,BINANCE-001,MARGIN,USDT,10050.54609554,41.03698275,10009.50911279,False
210,1615104000005000000,BINANCE-001,MARGIN,USDT,10050.31073584,41.03698275,10009.27375309,True
211,1615104000005000000,BINANCE-001,MARGIN,USDT,10050.31073584,41.03698275,10009.27375309,False
212,1615132800008000000,BINANCE-001,MARGIN,USDT,10049.89213388,41.03698275,10008.85515113,True
213,1615132800008000000,BINANCE-001,MARGIN,USDT,10049.89213388,41.03698275,10008.85515113,False
214,1615161600000000000,BINANCE-001,MARGIN,USDT,10049.65256529,41.03698275,10008.61558254,True
215,1615161600000000000,BINANCE-001,MARGIN,USDT,10049.65256529,41.03698275,10008.61558254,False
216,1615161660000000000,BINANCE-001,MARGIN,USDT,10145.76760352,35.79821899,10109.96938453,False
217,1615190400000000000,BINANCE-001,MARGIN,USDT,10145.56344625,35.79821899,10109.76522726,True
218,1615190400000000000,BINANCE-001,MARGIN,USDT,10145.56344625,35.79821899,10109.76522726,False
219,1615219200006000000,BINANCE-001,MARGIN,USDT,10145.04519916,35.79821899,10109.24698017,True
220,1615219200006000000,BINANCE-001,MARGIN,USDT,10145.04519916,35.79821899,10109.24698017,False
221,1615248000000000000,BINANCE-001,MARGIN,USDT,10143.48887340,35.79821899,10107.69065441,True
222,1615248000000000000,BINANCE-001,MARGIN,USDT,10143.48887340,35.79821899,10107.69065441,False
223,1615276800000000000,BINANCE-001,MARGIN,USDT,10142.56678731,35.79821899,10106.76856832,True
224,1615276800000000000,BINANCE-001,MARGIN,USDT,10142.56678731,35.79821899,10106.76856832,False
225,1615305600000000000,BINANCE-001,MARGIN,USDT,10141.30080751,35.79821899,10105.50258852,True
226,1615305600000000000,BINANCE-001,MARGIN,USDT,10141.30080751,35.79821899,10105.50258852,False
227,1615334400009000000,BINANCE-001,MARGIN,USDT,10140.75263512,35.79821899,10104.95441613,True
228,1615334400009000000,BINANCE-001,MARGIN,USDT,10140.75263512,35.79821899,10104.95441613,False
229,1615363200006000000,BINANCE-001,MARGIN,USDT,10139.67292786,35.79821899,10103.87470887,True
230,1615363200006000000,BINANCE-001,MARGIN,USDT,10139.67292786,35.79821899,10103.87470887,False
231,1615392000008000000,BINANCE-001,MARGIN,USDT,10138.35706449,35.79821899,10102.55884550,True
232,1615392000008000000,BINANCE-001,MARGIN,USDT,10138.35706449,35.79821899,10102.55884550,False
233,1615420800000000000,BINANCE-001,MARGIN,USDT,10136.15736180,35.79821899,10100.35914281,True
234,1615420800000000000,BINANCE-001,MARGIN,USDT,10136.15736180,35.79821899,10100.35914281,False
235,1615449600000000000,BINANCE-001,MARGIN,USDT,10133.91366492,35.79821899,10098.11544593,True
236,1615449600000000000,BINANCE-001,MARGIN,USDT,10133.91366492,35.79821899,10098.11544593,False
237,1615478400014000000,BINANCE-001,MARGIN,USDT,10131.93744195,35.79821899,10096.13922296,True
238,1615478400014000000,BINANCE-001,MARGIN,USDT,10131.93744195,35.79821899,10096.13922296,False
239,1615507200002000000,BINANCE-001,MARGIN,USDT,10129.51768972,35.79821899,10093.71947073,True
240,1615507200002000000,BINANCE-001,MARGIN,USDT,10129.51768972,35.79821899,10093.71947073,False
241,1615536000005000000,BINANCE-001,MARGIN,USDT,10127.95536926,35.79821899,10092.15715027,True
242,1615536000005000000,BINANCE-001,MARGIN,USDT,10127.95536926,35.79821899,10092.15715027,False
243,1615564800011000000,BINANCE-001,MARGIN,USDT,10126.75848526,35.79821899,10090.96026627,True
244,1615564800011000000,BINANCE-001,MARGIN,USDT,10126.75848526,35.79821899,10090.96026627,False
245,1615593600000000000,BINANCE-001,MARGIN,USDT,10125.63438500,35.79821899,10089.83616601,True
246,1615593600000000000,BINANCE-001,MARGIN,USDT,10125.63438500,35.79821899,10089.83616601,False
247,1615622400002000000,BINANCE-001,MARGIN,USDT,10124.20931113,35.79821899,10088.41109214,True
248,1615622400002000000,BINANCE-001,MARGIN,USDT,10124.20931113,35.79821899,10088.41109214,False
249,1615651200000000000,BINANCE-001,MARGIN,USDT,10122.81075497,35.79821899,10087.01253598,True
250,1615651200000000000,BINANCE-001,MARGIN,USDT,10122.81075497,35.79821899,10087.01253598,False
251,1615680000011000000,BINANCE-001,MARGIN,USDT,10120.75598385,35.79821899,10084.95776486,True
252,1615680000011000000,BINANCE-001,MARGIN,USDT,10120.75598385,35.79821899,10084.95776486,False
253,1615708800000000000,BINANCE-001,MARGIN,USDT,10118.65445115,35.79821899,10082.85623216,True
254,1615708800000000000,BINANCE-001,MARGIN,USDT,10118.65445115,35.79821899,10082.85623216,False
255,1615737600000000000,BINANCE-001,MARGIN,USDT,10115.83481565,35.79821899,10080.03659666,True
256,1615737600000000000,BINANCE-001,MARGIN,USDT,10115.83481565,35.79821899,10080.03659666,False
257,1615766400012000000,BINANCE-001,MARGIN,USDT,10113.84909564,35.79821899,10078.05087665,True
258,1615766400012000000,BINANCE-001,MARGIN,USDT,10113.84909564,35.79821899,10078.05087665,False
259,1615766460000000000,BINANCE-001,MARGIN,USDT,10113.61294712,41.70193199,10071.91101513,False
260,1615795200016000000,BINANCE-001,MARGIN,USDT,10110.87480684,41.70193199,10069.17287485,True
261,1615795200016000000,BINANCE-001,MARGIN,USDT,10110.87480684,41.70193199,10069.17287485,False
262,1615824000030000000,BINANCE-001,MARGIN,USDT,10110.47547734,41.70193199,10068.77354535,True
263,1615824000030000000,BINANCE-001,MARGIN,USDT,10110.47547734,41.70193199,10068.77354535,False
264,1615852800005000000,BINANCE-001,MARGIN,USDT,10109.91001482,41.70193199,10068.20808283,True
265,1615852800005000000,BINANCE-001,MARGIN,USDT,10109.91001482,41.70193199,10068.20808283,False
266,1615881600008000000,BINANCE-001,MARGIN,USDT,10109.01861144,41.70193199,10067.31667945,True
267,1615881600008000000,BINANCE-001,MARGIN,USDT,10109.01861144,41.70193199,10067.31667945,False
268,1615910400012000000,BINANCE-001,MARGIN,USDT,10107.99575418,41.70193199,10066.29382219,True
269,1615910400012000000,BINANCE-001,MARGIN,USDT,10107.99575418,41.70193199,10066.29382219,False
270,1615939200010000000,BINANCE-001,MARGIN,USDT,10107.08938282,41.70193199,10065.38745083,True
271,1615939200010000000,BINANCE-001,MARGIN,USDT,10107.08938282,41.70193199,10065.38745083,False
272,1615968000000000000,BINANCE-001,MARGIN,USDT,10106.60594111,41.70193199,10064.90400912,True
273,1615968000000000000,BINANCE-001,MARGIN,USDT,10106.60594111,41.70193199,10064.90400912,False
274,1615996800009000000,BINANCE-001,MARGIN,USDT,10105.99824057,41.70193199,10064.29630858,True
275,1615996800009000000,BINANCE-001,MARGIN,USDT,10105.99824057,41.70193199,10064.29630858,False
276,1616025600001000000,BINANCE-001,MARGIN,USDT,10105.19552320,41.70193199,10063.49359121,True
277,1616025600001000000,BINANCE-001,MARGIN,USDT,10105.19552320,41.70193199,10063.49359121,False
278,1616054400000000000,BINANCE-001,MARGIN,USDT,10104.42660971,41.70193199,10062.72467772,True
279,1616054400000000000,BINANCE-001,MARGIN,USDT,10104.42660971,41.70193199,10062.72467772,False
280,1616083200000000000,BINANCE-001,MARGIN,USDT,10103.55418369,41.70193199,10061.85225170,True
281,1616083200000000000,BINANCE-001,MARGIN,USDT,10103.55418369,41.70193199,10061.85225170,False
282,1616112000011000000,BINANCE-001,MARGIN,USDT,10102.72314790,41.70193199,10061.02121591,True
283,1616112000011000000,BINANCE-001,MARGIN,USDT,10102.72314790,41.70193199,10061.02121591,False
284,1616140800001000000,BINANCE-001,MARGIN,USDT,10102.38756888,41.70193199,10060.68563689,True
285,1616140800001000000,BINANCE-001,MARGIN,USDT,10102.38756888,41.70193199,10060.68563689,False
286,1616169600000000000,BINANCE-001,MARGIN,USDT,10101.50422732,41.70193199,10059.80229533,True
287,1616169600000000000,BINANCE-001,MARGIN,USDT,10101.50422732,41.70193199,10059.80229533,False
288,1616198400000000000,BINANCE-001,MARGIN,USDT,10100.21574473,41.70193199,10058.51381274,True
289,1616198400000000000,BINANCE-001,MARGIN,USDT,10100.21574473,41.70193199,10058.51381274,False
290,1616227200000000000,BINANCE-001,MARGIN,USDT,10099.04610312,41.70193199,10057.34417113,True
291,1616227200000000000,BINANCE-001,MARGIN,USDT,10099.04610312,41.70193199,10057.34417113,False
292,1616256000007000000,BINANCE-001,MARGIN,USDT,10097.74072382,41.70193199,10056.03879183,True
293,1616256000007000000,BINANCE-001,MARGIN,USDT,10097.74072382,41.70193199,10056.03879183,False
294,1616284800000000000,BINANCE-001,MARGIN,USDT,10096.91984592,41.70193199,10055.21791393,True
295,1616284800000000000,BINANCE-001,MARGIN,USDT,10096.91984592,41.70193199,10055.21791393,False
296,1616313600000000000,BINANCE-001,MARGIN,USDT,10095.83264266,41.70193199,10054.13071067,True
297,1616313600000000000,BINANCE-001,MARGIN,USDT,10095.83264266,41.70193199,10054.13071067,False
298,1616342400000000000,BINANCE-001,MARGIN,USDT,10095.57523856,41.70193199,10053.87330657,True
299,1616342400000000000,BINANCE-001,MARGIN,USDT,10095.57523856,41.70193199,10053.87330657,False
300,1616371200007000000,BINANCE-001,MARGIN,USDT,10094.23397734,41.70193199,10052.53204535,True
301,1616371200007000000,BINANCE-001,MARGIN,USDT,10094.23397734,41.70193199,10052.53204535,False
302,1616371260000000000,BINANCE-001,MARGIN,USDT,11007.25566490,0.00000000,11007.25566490,False
303,1616371320000000000,BINANCE-001,MARGIN,USDT,11004.49809562,68.93923200,10935.55886362,False
304,1616400000001000000,BINANCE-001,MARGIN,USDT,11005.75856859,68.93923200,10936.81933659,True
305,1616400000001000000,BINANCE-001,MARGIN,USDT,11005.75856859,68.93923200,10936.81933659,False
306,1616428800000000000,BINANCE-001,MARGIN,USDT,11007.10103983,68.93923200,10938.16180783,True
307,1616428800000000000,BINANCE-001,MARGIN,USDT,11007.10103983,68.93923200,10938.16180783,False
308,1616457600000000000,BINANCE-001,MARGIN,USDT,11007.72982858,68.93923200,10938.79059658,True
309,1616457600000000000,BINANCE-001,MARGIN,USDT,11007.72982858,68.93923200,10938.79059658,False
310,1616486400010000000,BINANCE-001,MARGIN,USDT,11008.42234107,68.93923200,10939.48310907,True
311,1616486400010000000,BINANCE-001,MARGIN,USDT,11008.42234107,68.93923200,10939.48310907,False
312,1616515200023000000,BINANCE-001,MARGIN,USDT,11009.54200931,68.93923200,10940.60277731,True
313,1616515200023000000,BINANCE-001,MARGIN,USDT,11009.54200931,68.93923200,10940.60277731,False
314,1616544000002000000,BINANCE-001,MARGIN,USDT,11010.93769701,68.93923200,10941.99846501,True
315,1616544000002000000,BINANCE-001,MARGIN,USDT,11010.93769701,68.93923200,10941.99846501,False
316,1616572800000000000,BINANCE-001,MARGIN,USDT,11011.37895982,68.93923200,10942.43972782,True
317,1616572800000000000,BINANCE-001,MARGIN,USDT,11011.37895982,68.93923200,10942.43972782,False
318,1616601600000000000,BINANCE-001,MARGIN,USDT,11012.09362144,68.93923200,10943.15438944,True
319,1616601600000000000,BINANCE-001,MARGIN,USDT,11012.09362144,68.93923200,10943.15438944,False
320,1616630400000000000,BINANCE-001,MARGIN,USDT,11012.39060018,68.93923200,10943.45136818,True
321,1616630400000000000,BINANCE-001,MARGIN,USDT,11012.39060018,68.93923200,10943.45136818,False
322,1616659200000000000,BINANCE-001,MARGIN,USDT,11012.64154159,68.93923200,10943.70230959,True
323,1616659200000000000,BINANCE-001,MARGIN,USDT,11012.64154159,68.93923200,10943.70230959,False
324,1616688000000000000,BINANCE-001,MARGIN,USDT,11012.88636641,68.93923200,10943.94713441,True
325,1616688000000000000,BINANCE-001,MARGIN,USDT,11012.88636641,68.93923200,10943.94713441,False
326,1616716800008000000,BINANCE-001,MARGIN,USDT,11013.28060784,68.93923200,10944.34137584,True
327,1616716800008000000,BINANCE-001,MARGIN,USDT,11013.28060784,68.93923200,10944.34137584,False
328,1616745600000000000,BINANCE-001,MARGIN,USDT,11013.53773357,68.93923200,10944.59850157,True
329,1616745600000000000,BINANCE-001,MARGIN,USDT,11013.53773357,68.93923200,10944.59850157,False
330,1616774400012000000,BINANCE-001,MARGIN,USDT,11013.79359238,68.93923200,10944.85436038,True
331,1616774400012000000,BINANCE-001,MARGIN,USDT,11013.79359238,68.93923200,10944.85436038,False
332,1616803200018000000,BINANCE-001,MARGIN,USDT,11014.05773643,68.93923200,10945.11850443,True
333,1616803200018000000,BINANCE-001,MARGIN,USDT,11014.05773643,68.93923200,10945.11850443,False
334,1616832000000000000,BINANCE-001,MARGIN,USDT,11014.32159155,68.93923200,10945.38235955,True
335,1616832000000000000,BINANCE-001,MARGIN,USDT,11014.32159155,68.93923200,10945.38235955,False
336,1616860800001000000,BINANCE-001,MARGIN,USDT,11014.58550054,68.93923200,10945.64626854,True
337,1616860800001000000,BINANCE-001,MARGIN,USDT,11014.58550054,68.93923200,10945.64626854,False
338,1616889600000000000,BINANCE-001,MARGIN,USDT,11014.85362207,68.93923200,10945.91439007,True
339,1616889600000000000,BINANCE-001,MARGIN,USDT,11014.85362207,68.93923200,10945.91439007,False
340,1616918400000000000,BINANCE-001,MARGIN,USDT,11015.12341562,68.93923200,10946.18418362,True
341,1616918400000000000,BINANCE-001,MARGIN,USDT,11015.12341562,68.93923200,10946.18418362,False
342,1616947200005000000,BINANCE-001,MARGIN,USDT,11015.39397607,68.93923200,10946.45474407,True
343,1616947200005000000,BINANCE-001,MARGIN,USDT,11015.39397607,68.93923200,10946.45474407,False
344,1616976000003000000,BINANCE-001,MARGIN,USDT,11015.66178465,68.93923200,10946.72255265,True
345,1616976000003000000,BINANCE-001,MARGIN,USDT,11015.66178465,68.93923200,10946.72255265,False
346,1616976060000000000,BINANCE-001,MARGIN,USDT,11091.90810033,0.00000000,11091.90810033,False
347,1616976120000000000,BINANCE-001,MARGIN,USDT,11088.83596313,76.80343000,11012.03253313,False
348,1617004800000000000,BINANCE-001,MARGIN,USDT,11088.52834345,76.80343000,11011.72491345,True
349,1617004800000000000,BINANCE-001,MARGIN,USDT,11088.52834345,76.80343000,11011.72491345,False
350,1617033600000000000,BINANCE-001,MARGIN,USDT,11087.95116707,76.80343000,11011.14773707,True
351,1617033600000000000,BINANCE-001,MARGIN,USDT,11087.95116707,76.80343000,11011.14773707,False
352,1617062400018000000,BINANCE-001,MARGIN,USDT,11086.93530051,76.80343000,11010.13187051,True
353,1617062400018000000,BINANCE-001,MARGIN,USDT,11086.93530051,76.80343000,11010.13187051,False
354,1617091200012000000,BINANCE-001,MARGIN,USDT,11086.06328931,76.80343000,11009.25985931,True
355,1617091200012000000,BINANCE-001,MARGIN,USDT,11086.06328931,76.80343000,11009.25985931,False
356,1617120000001000000,BINANCE-001,MARGIN,USDT,11083.37129063,76.80343000,11006.56786063,True
357,1617120000001000000,BINANCE-001,MARGIN,USDT,11083.37129063,76.80343000,11006.56786063,False
358,1617148800000000000,BINANCE-001,MARGIN,USDT,11080.75980176,76.80343000,11003.95637176,True
359,1617148800000000000,BINANCE-001,MARGIN,USDT,11080.75980176,76.80343000,11003.95637176,False
360,1617177600000000000,BINANCE-001,MARGIN,USDT,11078.49237052,76.80343000,11001.68894052,True
361,1617177600000000000,BINANCE-001,MARGIN,USDT,11078.49237052,76.80343000,11001.68894052,False
362,1617206400000000000,BINANCE-001,MARGIN,USDT,11076.58630219,76.80343000,10999.78287219,True
363,1617206400000000000,BINANCE-001,MARGIN,USDT,11076.58630219,76.80343000,10999.78287219,False
364,1617235200025000000,BINANCE-001,MARGIN,USDT,11073.05149727,76.80343000,10996.24806727,True
365,1617235200025000000,BINANCE-001,MARGIN,USDT,11073.05149727,76.80343000,10996.24806727,False
366,1617264000011000000,BINANCE-001,MARGIN,USDT,11069.96722535,76.80343000,10993.16379535,True
367,1617264000011000000,BINANCE-001,MARGIN,USDT,11069.96722535,76.80343000,10993.16379535,False
368,1617292800004000000,BINANCE-001,MARGIN,USDT,11068.28113794,76.80343000,10991.47770794,True
369,1617292800004000000,BINANCE-001,MARGIN,USDT,11068.28113794,76.80343000,10991.47770794,False
370,1617321600000000000,BINANCE-001,MARGIN,USDT,11065.98324533,76.80343000,10989.17981533,True
371,1617321600000000000,BINANCE-001,MARGIN,USDT,11065.98324533,76.80343000,10989.17981533,False
372,1617350400000000000,BINANCE-001,MARGIN,USDT,11062.50383775,76.80343000,10985.70040775,True
373,1617350400000000000,BINANCE-001,MARGIN,USDT,11062.50383775,76.80343000,10985.70040775,False
374,1617379200000000000,BINANCE-001,MARGIN,USDT,11059.16518812,76.80343000,10982.36175812,True
375,1617379200000000000,BINANCE-001,MARGIN,USDT,11059.16518812,76.80343000,10982.36175812,False
376,1617408000003000000,BINANCE-001,MARGIN,USDT,11057.11097243,76.80343000,10980.30754243,True
377,1617408000003000000,BINANCE-001,MARGIN,USDT,11057.11097243,76.80343000,10980.30754243,False
378,1617436800000000000,BINANCE-001,MARGIN,USDT,11053.58982827,76.80343000,10976.78639827,True
379,1617436800000000000,BINANCE-001,MARGIN,USDT,11053.58982827,76.80343000,10976.78639827,False
380,1617465600000000000,BINANCE-001,MARGIN,USDT,11050.30961438,76.80343000,10973.50618438,True
381,1617465600000000000,BINANCE-001,MARGIN,USDT,11050.30961438,76.80343000,10973.50618438,False
382,1617494400000000000,BINANCE-001,MARGIN,USDT,11048.67276008,76.80343000,10971.86933008,True
383,1617494400000000000,BINANCE-001,MARGIN,USDT,11048.67276008,76.80343000,10971.86933008,False
384,1617523200000000000,BINANCE-001,MARGIN,USDT,11047.13495880,76.80343000,10970.33152880,True
385,1617523200000000000,BINANCE-001,MARGIN,USDT,11047.13495880,76.80343000,10970.33152880,False
386,1617552000016000000,BINANCE-001,MARGIN,USDT,11046.28982868,76.80343000,10969.48639868,True
387,1617552000016000000,BINANCE-001,MARGIN,USDT,11046.28982868,76.80343000,10969.48639868,False
388,1617580800000000000,BINANCE-001,MARGIN,USDT,11045.02602952,76.80343000,10968.22259952,True
389,1617580800000000000,BINANCE-001,MARGIN,USDT,11045.02602952,76.80343000,10968.22259952,False
390,1617580860000000000,BINANCE-001,MARGIN,USDT,11044.61838718,86.99448850,10957.62389868,False
391,1617609600001000000,BINANCE-001,MARGIN,USDT,11043.08341855,86.99448850,10956.08893005,True
392,1617609600001000000,BINANCE-001,MARGIN,USDT,11043.08341855,86.99448850,10956.08893005,False
393,1617638400001000000,BINANCE-001,MARGIN,USDT,11041.71247707,86.99448850,10954.71798857,True
394,1617638400001000000,BINANCE-001,MARGIN,USDT,11041.71247707,86.99448850,10954.71798857,False
395,1617667200010000000,BINANCE-001,MARGIN,USDT,11038.14406896,86.99448850,10951.14958046,True
396,1617667200010000000,BINANCE-001,MARGIN,USDT,11038.14406896,86.99448850,10951.14958046,False
397,1617696000000000000,BINANCE-001,MARGIN,USDT,11036.04352730,86.99448850,10949.04903880,True
398,1617696000000000000,BINANCE-001,MARGIN,USDT,11036.04352730,86.99448850,10949.04903880,False
399,1617724800003000000,BINANCE-001,MARGIN,USDT,11033.03902551,86.99448850,10946.04453701,True
400,1617724800003000000,BINANCE-001,MARGIN,USDT,11033.03902551,86.99448850,10946.04453701,False
401,1617753600000000000,BINANCE-001,MARGIN,USDT,11030.96539758,86.99448850,10943.97090908,True
402,1617753600000000000,BINANCE-001,MARGIN,USDT,11030.96539758,86.99448850,10943.97090908,False
403,1617782400006000000,BINANCE-001,MARGIN,USDT,11029.03619424,86.99448850,10942.04170574,True
404,1617782400006000000,BINANCE-001,MARGIN,USDT,11029.03619424,86.99448850,10942.04170574,False
405,1617811200004000000,BINANCE-001,MARGIN,USDT,11027.15571497,86.99448850,10940.16122647,True
406,1617811200004000000,BINANCE-001,MARGIN,USDT,11027.15571497,86.99448850,10940.16122647,False
407,1617840000013000000,BINANCE-001,MARGIN,USDT,11025.73941376,86.99448850,10938.74492526,True
408,1617840000013000000,BINANCE-001,MARGIN,USDT,11025.73941376,86.99448850,10938.74492526,False
409,1617868800003000000,BINANCE-001,MARGIN,USDT,11024.85681592,86.99448850,10937.86232742,True
410,1617868800003000000,BINANCE-001,MARGIN,USDT,11024.85681592,86.99448850,10937.86232742,False
411,1617897600005000000,BINANCE-001,MARGIN,USDT,11023.91723240,86.99448850,10936.92274390,True
412,1617897600005000000,BINANCE-001,MARGIN,USDT,11023.91723240,86.99448850,10936.92274390,False
413,1617926400000000000,BINANCE-001,MARGIN,USDT,11023.21047683,86.99448850,10936.21598833,True
414,1617926400000000000,BINANCE-001,MARGIN,USDT,11023.21047683,86.99448850,10936.21598833,False
415,1617955200004000000,BINANCE-001,MARGIN,USDT,11022.26299817,86.99448850,10935.26850967,True
416,1617955200004000000,BINANCE-001,MARGIN,USDT,11022.26299817,86.99448850,10935.26850967,False
417,1617984000004000000,BINANCE-001,MARGIN,USDT,11021.47575879,86.99448850,10934.48127029,True
418,1617984000004000000,BINANCE-001,MARGIN,USDT,11021.47575879,86.99448850,10934.48127029,False
419,1618012800011000000,BINANCE-001,MARGIN,USDT,11021.00845435,86.99448850,10934.01396585,True
420,1618012800011000000,BINANCE-001,MARGIN,USDT,11021.00845435,86.99448850,10934.01396585,False
421,1618041600005000000,BINANCE-001,MARGIN,USDT,11015.42615598,86.99448850,10928.43166748,True
422,1618041600005000000,BINANCE-001,MARGIN,USDT,11015.42615598,86.99448850,10928.43166748,False
423,1618070400000000000,BINANCE-001,MARGIN,USDT,11010.94991158,86.99448850,10923.95542308,True
424,1618070400000000000,BINANCE-001,MARGIN,USDT,11010.94991158,86.99448850,10923.95542308,False
425,1618099200004000000,BINANCE-001,MARGIN,USDT,11007.73232370,86.99448850,10920.73783520,True
426,1618099200004000000,BINANCE-001,MARGIN,USDT,11007.73232370,86.99448850,10920.73783520,False
427,1618128000000000000,BINANCE-001,MARGIN,USDT,11004.05082031,86.99448850,10917.05633181,True
428,1618128000000000000,BINANCE-001,MARGIN,USDT,11004.05082031,86.99448850,10917.05633181,False
429,1618156800000000000,BINANCE-001,MARGIN,USDT,11000.12564321,86.99448850,10913.13115471,True
430,1618156800000000000,BINANCE-001,MARGIN,USDT,11000.12564321,86.99448850,10913.13115471,False
431,1618185600001000000,BINANCE-001,MARGIN,USDT,10996.63166075,86.99448850,10909.63717225,True
432,1618185600001000000,BINANCE-001,MARGIN,USDT,10996.63166075,86.99448850,10909.63717225,False
433,1618185660000000000,BINANCE-001,MARGIN,USDT,10996.33120970,94.50576475,10901.82544495,False
434,1618214400001000000,BINANCE-001,MARGIN,USDT,10991.99682872,94.50576475,10897.49106397,True
435,1618214400001000000,BINANCE-001,MARGIN,USDT,10991.99682872,94.50576475,10897.49106397,False
436,1618243200008000000,BINANCE-001,MARGIN,USDT,10988.19948042,94.50576475,10893.69371567,True
437,1618243200008000000,BINANCE-001,MARGIN,USDT,10988.19948042,94.50576475,10893.69371567,False
438,1618272000003000000,BINANCE-001,MARGIN,USDT,10984.82463532,94.50576475,10890.31887057,True
439,1618272000003000000,BINANCE-001,MARGIN,USDT,10984.82463532,94.50576475,10890.31887057,False
440,1618300800008000000,BINANCE-001,MARGIN,USDT,10981.14192374,94.50576475,10886.63615899,True
441,1618300800008000000,BINANCE-001,MARGIN,USDT,10981.14192374,94.50576475,10886.63615899,False
442,1618329600008000000,BINANCE-001,MARGIN,USDT,10975.92922426,94.50576475,10881.42345951,True
443,1618329600008000000,BINANCE-001,MARGIN,USDT,10975.92922426,94.50576475,10881.42345951,False
444,1618358400008000000,BINANCE-001,MARGIN,USDT,10972.06962851,94.50576475,10877.56386376,True
445,1618358400008000000,BINANCE-001,MARGIN,USDT,10972.06962851,94.50576475,10877.56386376,False
446,1618387200000000000,BINANCE-001,MARGIN,USDT,10967.38732016,94.50576475,10872.88155541,True
447,1618387200000000000,BINANCE-001,MARGIN,USDT,10967.38732016,94.50576475,10872.88155541,False
448,1618416000012000000,BINANCE-001,MARGIN,USDT,10962.95453666,94.50576475,10868.44877191,True
449,1618416000012000000,BINANCE-001,MARGIN,USDT,10962.95453666,94.50576475,10868.44877191,False
450,1618444800006000000,BINANCE-001,MARGIN,USDT,10959.73100938,94.50576475,10865.22524463,True
451,1618444800006000000,BINANCE-001,MARGIN,USDT,10959.73100938,94.50576475,10865.22524463,False
452,1618473600000000000,BINANCE-001,MARGIN,USDT,10956.27056243,94.50576475,10861.76479768,True
453,1618473600000000000,BINANCE-001,MARGIN,USDT,10956.27056243,94.50576475,10861.76479768,False
454,1618502400008000000,BINANCE-001,MARGIN,USDT,10951.62947676,94.50576475,10857.12371201,True
455,1618502400008000000,BINANCE-001,MARGIN,USDT,10951.62947676,94.50576475,10857.12371201,False
456,1618531200008000000,BINANCE-001,MARGIN,USDT,10946.98479829,94.50576475,10852.47903354,True
457,1618531200008000000,BINANCE-001,MARGIN,USDT,10946.98479829,94.50576475,10852.47903354,False
458,1618560000000000000,BINANCE-001,MARGIN,USDT,10942.03984148,94.50576475,10847.53407673,True
459,1618560000000000000,BINANCE-001,MARGIN,USDT,10942.03984148,94.50576475,10847.53407673,False
460,1618588800002000000,BINANCE-001,MARGIN,USDT,10937.27113514,94.50576475,10842.76537039,True
461,1618588800002000000,BINANCE-001,MARGIN,USDT,10937.27113514,94.50576475,10842.76537039,False
462,1618617600008000000,BINANCE-001,MARGIN,USDT,10935.01148398,94.50576475,10840.50571923,True
463,1618617600008000000,BINANCE-001,MARGIN,USDT,10935.01148398,94.50576475,10840.50571923,False
464,1618646400000000000,BINANCE-001,MARGIN,USDT,10932.76271369,94.50576475,10838.25694894,True
465,1618646400000000000,BINANCE-001,MARGIN,USDT,10932.76271369,94.50576475,10838.25694894,False
466,1618675200001000000,BINANCE-001,MARGIN,USDT,10929.22178248,94.50576475,10834.71601773,True
467,1618675200001000000,BINANCE-001,MARGIN,USDT,10929.22178248,94.50576475,10834.71601773,False
468,1618704000006000000,BINANCE-001,MARGIN,USDT,10925.93618990,94.50576475,10831.43042515,True
469,1618704000006000000,BINANCE-001,MARGIN,USDT,10925.93618990,94.50576475,10831.43042515,False
470,1618732800004000000,BINANCE-001,MARGIN,USDT,10923.73581677,94.50576475,10829.23005202,True
471,1618732800004000000,BINANCE-001,MARGIN,USDT,10923.73581677,94.50576475,10829.23005202,False
472,1618761600000000000,BINANCE-001,MARGIN,USDT,10923.36413476,94.50576475,10828.85837001,True
473,1618761600000000000,BINANCE-001,MARGIN,USDT,10923.36413476,94.50576475,10828.85837001,False
474,1618790400000000000,BINANCE-001,MARGIN,USDT,10922.98787181,94.50576475,10828.48210706,True
475,1618790400000000000,BINANCE-001,MARGIN,USDT,10922.98787181,94.50576475,10828.48210706,False
476,1618790460000000000,BINANCE-001,MARGIN,USDT,10900.37857913,0.00000000,10900.37857913,False
477,1618790520000000000,BINANCE-001,MARGIN,USDT,10896.72320858,91.38426375,10805.33894483,False
478,1618819200000000000,BINANCE-001,MARGIN,USDT,10897.09581844,91.38426375,10805.71155469,True
479,1618819200000000000,BINANCE-001,MARGIN,USDT,10897.09581844,91.38426375,10805.71155469,False
480,1618848000009000000,BINANCE-001,MARGIN,USDT,10897.45057342,91.38426375,10806.06630967,True
481,1618848000009000000,BINANCE-001,MARGIN,USDT,10897.45057342,91.38426375,10806.06630967,False
482,1618876800004000000,BINANCE-001,MARGIN,USDT,10897.81219338,91.38426375,10806.42792963,True
483,1618876800004000000,BINANCE-001,MARGIN,USDT,10897.81219338,91.38426375,10806.42792963,False
484,1618905600000000000,BINANCE-001,MARGIN,USDT,10898.16578502,91.38426375,10806.78152127,True
485,1618905600000000000,BINANCE-001,MARGIN,USDT,10898.16578502,91.38426375,10806.78152127,False
486,1618934400001000000,BINANCE-001,MARGIN,USDT,10898.52542443,91.38426375,10807.14116068,True
487,1618934400001000000,BINANCE-001,MARGIN,USDT,10898.52542443,91.38426375,10807.14116068,False
488,1618963200013000000,BINANCE-001,MARGIN,USDT,10898.89228186,91.38426375,10807.50801811,True
489,1618963200013000000,BINANCE-001,MARGIN,USDT,10898.89228186,91.38426375,10807.50801811,False
490,1618992000001000000,BINANCE-001,MARGIN,USDT,10899.25165900,91.38426375,10807.86739525,True
491,1618992000001000000,BINANCE-001,MARGIN,USDT,10899.25165900,91.38426375,10807.86739525,False
492,1619020800002000000,BINANCE-001,MARGIN,USDT,10899.61661645,91.38426375,10808.23235270,True
493,1619020800002000000,BINANCE-001,MARGIN,USDT,10899.61661645,91.38426375,10808.23235270,False
494,1619049600000000000,BINANCE-001,MARGIN,USDT,10899.96627766,91.38426375,10808.58201391,True
495,1619049600000000000,BINANCE-001,MARGIN,USDT,10899.96627766,91.38426375,10808.58201391,False
496,1619078400000000000,BINANCE-001,MARGIN,USDT,10900.31821412,91.38426375,10808.93395037,True
497,1619078400000000000,BINANCE-001,MARGIN,USDT,10900.31821412,91.38426375,10808.93395037,False
498,1619107200001000000,BINANCE-001,MARGIN,USDT,10900.67355781,91.38426375,10809.28929406,True
499,1619107200001000000,BINANCE-001,MARGIN,USDT,10900.67355781,91.38426375,10809.28929406,False
500,1619136000002000000,BINANCE-001,MARGIN,USDT,10901.00976160,91.38426375,10809.62549785,True
501,1619136000002000000,BINANCE-001,MARGIN,USDT,10901.00976160,91.38426375,10809.62549785,False
502,1619164800009000000,BINANCE-001,MARGIN,USDT,10902.49716535,91.38426375,10811.11290160,True
503,1619164800009000000,BINANCE-001,MARGIN,USDT,10902.49716535,91.38426375,10811.11290160,False
504,1619193600001000000,BINANCE-001,MARGIN,USDT,10902.82114807,91.38426375,10811.43688432,True
505,1619193600001000000,BINANCE-001,MARGIN,USDT,10902.82114807,91.38426375,10811.43688432,False
506,1619222400019000000,BINANCE-001,MARGIN,USDT,10903.15349547,91.38426375,10811.76923172,True
507,1619222400019000000,BINANCE-001,MARGIN,USDT,10903.15349547,91.38426375,10811.76923172,False
508,1619251200001000000,BINANCE-001,MARGIN,USDT,10904.05023991,91.38426375,10812.66597616,True
509,1619251200001000000,BINANCE-001,MARGIN,USDT,10904.05023991,91.38426375,10812.66597616,False
510,1619280000011000000,BINANCE-001,MARGIN,USDT,10904.59746694,91.38426375,10813.21320319,True
511,1619280000011000000,BINANCE-001,MARGIN,USDT,10904.59746694,91.38426375,10813.21320319,False
512,1619308800000000000,BINANCE-001,MARGIN,USDT,10905.30403280,91.38426375,10813.91976905,True
513,1619308800000000000,BINANCE-001,MARGIN,USDT,10905.30403280,91.38426375,10813.91976905,False
514,1619337600010000000,BINANCE-001,MARGIN,USDT,10906.54921486,91.38426375,10815.16495111,True
515,1619337600010000000,BINANCE-001,MARGIN,USDT,10906.54921486,91.38426375,10815.16495111,False
516,1619366400000000000,BINANCE-001,MARGIN,USDT,10906.87595027,91.38426375,10815.49168652,True
517,1619366400000000000,BINANCE-001,MARGIN,USDT,10906.87595027,91.38426375,10815.49168652,False
518,1619395200003000000,BINANCE-001,MARGIN,USDT,10907.19481324,91.38426375,10815.81054949,True
519,1619395200003000000,BINANCE-001,MARGIN,USDT,10907.19481324,91.38426375,10815.81054949,False
520,1619395260000000000,BINANCE-001,MARGIN,USDT,10906.06634285,119.59602350,10786.47031935,False
521,1619424000002000000,BINANCE-001,MARGIN,USDT,10906.53112263,119.59602350,10786.93509913,True
522,1619424000002000000,BINANCE-001,MARGIN,USDT,10906.53112263,119.59602350,10786.93509913,False
523,1619452800004000000,BINANCE-001,MARGIN,USDT,10907.00250625,119.59602350,10787.40648275,True
524,1619452800004000000,BINANCE-001,MARGIN,USDT,10907.00250625,119.59602350,10787.40648275,False
525,1619481600000000000,BINANCE-001,MARGIN,USDT,10907.47760091,119.59602350,10787.88157741,True
526,1619481600000000000,BINANCE-001,MARGIN,USDT,10907.47760091,119.59602350,10787.88157741,False
527,1619510400000000000,BINANCE-001,MARGIN,USDT,10907.95756160,119.59602350,10788.36153810,True
528,1619510400000000000,BINANCE-001,MARGIN,USDT,10907.95756160,119.59602350,10788.36153810,False
529,1619539200009000000,BINANCE-001,MARGIN,USDT,10908.44151515,119.59602350,10788.84549165,True
530,1619539200009000000,BINANCE-001,MARGIN,USDT,10908.44151515,119.59602350,10788.84549165,False
531,1619568000000000000,BINANCE-001,MARGIN,USDT,10908.92564225,119.59602350,10789.32961875,True
532,1619568000000000000,BINANCE-001,MARGIN,USDT,10908.92564225,119.59602350,10789.32961875,False
533,1619596800000000000,BINANCE-001,MARGIN,USDT,10909.40332701,119.59602350,10789.80730351,True
534,1619596800000000000,BINANCE-001,MARGIN,USDT,10909.40332701,119.59602350,10789.80730351,False
535,1619625600001000000,BINANCE-001,MARGIN,USDT,10909.88165836,119.59602350,10790.28563486,True
536,1619625600001000000,BINANCE-001,MARGIN,USDT,10909.88165836,119.59602350,10790.28563486,False
537,1619654400004000000,BINANCE-001,MARGIN,USDT,10910.36423012,119.59602350,10790.76820662,True
538,1619654400004000000,BINANCE-001,MARGIN,USDT,10910.36423012,119.59602350,10790.76820662,False
539,1619683200013000000,BINANCE-001,MARGIN,USDT,10910.84339280,119.59602350,10791.24736930,True
540,1619683200013000000,BINANCE-001,MARGIN,USDT,10910.84339280,119.59602350,10791.24736930,False
541,1619712000003000000,BINANCE-001,MARGIN,USDT,10911.31641797,119.59602350,10791.72039447,True
542,1619712000003000000,BINANCE-001,MARGIN,USDT,10911.31641797,119.59602350,10791.72039447,False
543,1619740800004000000,BINANCE-001,MARGIN,USDT,10911.78770927,119.59602350,10792.19168577,True
544,1619740800004000000,BINANCE-001,MARGIN,USDT,10911.78770927,119.59602350,10792.19168577,False
545,1619769600019000000,BINANCE-001,MARGIN,USDT,10912.26602447,119.59602350,10792.67000097,True
546,1619769600019000000,BINANCE-001,MARGIN,USDT,10912.26602447,119.59602350,10792.67000097,False
547,1619798400003000000,BINANCE-001,MARGIN,USDT,10912.76887065,119.59602350,10793.17284715,True
548,1619798400003000000,BINANCE-001,MARGIN,USDT,10912.76887065,119.59602350,10793.17284715,False
549,1619827200002000000,BINANCE-001,MARGIN,USDT,10913.33795507,119.59602350,10793.74193157,True
550,1619827200002000000,BINANCE-001,MARGIN,USDT,10913.33795507,119.59602350,10793.74193157,False
551,1619856000006000000,BINANCE-001,MARGIN,USDT,10913.84610781,119.59602350,10794.25008431,True
552,1619856000006000000,BINANCE-001,MARGIN,USDT,10913.84610781,119.59602350,10794.25008431,False
553,1619884800000000000,BINANCE-001,MARGIN,USDT,10915.48739935,119.59602350,10795.89137585,True
554,1619884800000000000,BINANCE-001,MARGIN,USDT,10915.48739935,119.59602350,10795.89137585,False
555,1619913600010000000,BINANCE-001,MARGIN,USDT,10916.29248526,119.59602350,10796.69646176,True
556,1619913600010000000,BINANCE-001,MARGIN,USDT,10916.29248526,119.59602350,10796.69646176,False
557,1619942400011000000,BINANCE-001,MARGIN,USDT,10918.55132624,119.59602350,10798.95530274,True
558,1619942400011000000,BINANCE-001,MARGIN,USDT,10918.55132624,119.59602350,10798.95530274,False
559,1619971200007000000,BINANCE-001,MARGIN,USDT,10920.80876634,119.59602350,10801.21274284,True
560,1619971200007000000,BINANCE-001,MARGIN,USDT,10920.80876634,119.59602350,10801.21274284,False
561,1620000000003000000,BINANCE-001,MARGIN,USDT,10922.81766587,119.59602350,10803.22164237,True
562,1620000000003000000,BINANCE-001,MARGIN,USDT,10922.81766587,119.59602350,10803.22164237,False
563,1620000060000000000,BINANCE-001,MARGIN,USDT,10848.41313863,76.10656041,10772.30657822,False
564,1620028800000000000,BINANCE-001,MARGIN,USDT,10849.60561879,76.10656041,10773.49905838,True
565,1620028800000000000,BINANCE-001,MARGIN,USDT,10849.60561879,76.10656041,10773.49905838,False
566,1620057600043000000,BINANCE-001,MARGIN,USDT,10851.77921498,76.10656041,10775.67265457,True
567,1620057600043000000,BINANCE-001,MARGIN,USDT,10851.77921498,76.10656041,10775.67265457,False
568,1620086400004000000,BINANCE-001,MARGIN,USDT,10853.41130039,76.10656041,10777.30473998,True
569,1620086400004000000,BINANCE-001,MARGIN,USDT,10853.41130039,76.10656041,10777.30473998,False
570,1620115200003000000,BINANCE-001,MARGIN,USDT,10853.79308641,76.10656041,10777.68652600,True
571,1620115200003000000,BINANCE-001,MARGIN,USDT,10853.79308641,76.10656041,10777.68652600,False
572,1620144000011000000,BINANCE-001,MARGIN,USDT,10855.79662697,76.10656041,10779.69006656,True
573,1620144000011000000,BINANCE-001,MARGIN,USDT,10855.79662697,76.10656041,10779.69006656,False
574,1620172800001000000,BINANCE-001,MARGIN,USDT,10857.12982656,76.10656041,10781.02326615,True
575,1620172800001000000,BINANCE-001,MARGIN,USDT,10857.12982656,76.10656041,10781.02326615,False
576,1620201600007000000,BINANCE-001,MARGIN,USDT,10858.43462031,76.10656041,10782.32805990,True
577,1620201600007000000,BINANCE-001,MARGIN,USDT,10858.43462031,76.10656041,10782.32805990,False
578,1620230400001000000,BINANCE-001,MARGIN,USDT,10858.81299905,76.10656041,10782.70643864,True
579,1620230400001000000,BINANCE-001,MARGIN,USDT,10858.81299905,76.10656041,10782.70643864,False
580,1620259200003000000,BINANCE-001,MARGIN,USDT,10861.26372314,76.10656041,10785.15716273,True
581,1620259200003000000,BINANCE-001,MARGIN,USDT,10861.26372314,76.10656041,10785.15716273,False
582,1620288000001000000,BINANCE-001,MARGIN,USDT,10863.17339138,76.10656041,10787.06683097,True
583,1620288000001000000,BINANCE-001,MARGIN,USDT,10863.17339138,76.10656041,10787.06683097,False
584,1620316800000000000,BINANCE-001,MARGIN,USDT,10866.16753178,76.10656041,10790.06097137,True
585,1620316800000000000,BINANCE-001,MARGIN,USDT,10866.16753178,76.10656041,10790.06097137,False
586,1620345600000000000,BINANCE-001,MARGIN,USDT,10867.57860526,76.10656041,10791.47204485,True
587,1620345600000000000,BINANCE-001,MARGIN,USDT,10867.57860526,76.10656041,10791.47204485,False
588,1620374400000000000,BINANCE-001,MARGIN,USDT,10869.24581396,76.10656041,10793.13925355,True
589,1620374400000000000,BINANCE-001,MARGIN,USDT,10869.24581396,76.10656041,10793.13925355,False
590,1620403200001000000,BINANCE-001,MARGIN,USDT,10869.79827720,76.10656041,10793.69171679,True
591,1620403200001000000,BINANCE-001,MARGIN,USDT,10869.79827720,76.10656041,10793.69171679,False
592,1620432000006000000,BINANCE-001,MARGIN,USDT,10871.70500445,76.10656041,10795.59844404,True
593,1620432000006000000,BINANCE-001,MARGIN,USDT,10871.70500445,76.10656041,10795.59844404,False
594,1620460800000000000,BINANCE-001,MARGIN,USDT,10873.22094070,76.10656041,10797.11438029,True
595,1620460800000000000,BINANCE-001,MARGIN,USDT,10873.22094070,76.10656041,10797.11438029,False
596,1620489600000000000,BINANCE-001,MARGIN,USDT,10874.71919949,76.10656041,10798.61263908,True
597,1620489600000000000,BINANCE-001,MARGIN,USDT,10874.71919949,76.10656041,10798.61263908,False
598,1620518400005000000,BINANCE-001,MARGIN,USDT,10876.33407989,76.10656041,10800.22751948,True
599,1620518400005000000,BINANCE-001,MARGIN,USDT,10876.33407989,76.10656041,10800.22751948,False
600,1620547200016000000,BINANCE-001,MARGIN,USDT,10877.75810288,76.10656041,10801.65154247,True
601,1620547200016000000,BINANCE-001,MARGIN,USDT,10877.75810288,76.10656041,10801.65154247,False
602,1620576000000000000,BINANCE-001,MARGIN,USDT,10879.81307506,76.10656041,10803.70651465,True
603,1620576000000000000,BINANCE-001,MARGIN,USDT,10879.81307506,76.10656041,10803.70651465,False
604,1620604800004000000,BINANCE-001,MARGIN,USDT,10880.90719237,76.10656041,10804.80063196,True
605,1620604800004000000,BINANCE-001,MARGIN,USDT,10880.90719237,76.10656041,10804.80063196,False
606,1620604860000000000,BINANCE-001,MARGIN,USDT,10848.99516296,65.23419464,10783.76096832,False
607,1620633600000000000,BINANCE-001,MARGIN,USDT,10851.52800608,65.23419464,10786.29381144,True
608,1620633600000000000,BINANCE-001,MARGIN,USDT,10851.52800608,65.23419464,10786.29381144,False
609,1620662400013000000,BINANCE-001,MARGIN,USDT,10854.29122705,65.23419464,10789.05703241,True
610,1620662400013000000,BINANCE-001,MARGIN,USDT,10854.29122705,65.23419464,10789.05703241,False
611,1620691200000000000,BINANCE-001,MARGIN,USDT,10855.35214571,65.23419464,10790.11795107,True
612,1620691200000000000,BINANCE-001,MARGIN,USDT,10855.35214571,65.23419464,10790.11795107,False
613,1620720000000000000,BINANCE-001,MARGIN,USDT,10856.71460646,65.23419464,10791.48041182,True
614,1620720000000000000,BINANCE-001,MARGIN,USDT,10856.71460646,65.23419464,10791.48041182,False
615,1620748800002000000,BINANCE-001,MARGIN,USDT,10857.40444556,65.23419464,10792.17025092,True
616,1620748800002000000,BINANCE-001,MARGIN,USDT,10857.40444556,65.23419464,10792.17025092,False
617,1620777600004000000,BINANCE-001,MARGIN,USDT,10857.85795669,65.23419464,10792.62376205,True
618,1620777600004000000,BINANCE-001,MARGIN,USDT,10857.85795669,65.23419464,10792.62376205,False
619,1620806400007000000,BINANCE-001,MARGIN,USDT,10858.78358925,65.23419464,10793.54939461,True
620,1620806400007000000,BINANCE-001,MARGIN,USDT,10858.78358925,65.23419464,10793.54939461,False
621,1620835200012000000,BINANCE-001,MARGIN,USDT,10859.84315085,65.23419464,10794.60895621,True
622,1620835200012000000,BINANCE-001,MARGIN,USDT,10859.84315085,65.23419464,10794.60895621,False
623,1620864000016000000,BINANCE-001,MARGIN,USDT,10860.12060822,65.23419464,10794.88641358,True
624,1620864000016000000,BINANCE-001,MARGIN,USDT,10860.12060822,65.23419464,10794.88641358,False
625,1620892800000000000,BINANCE-001,MARGIN,USDT,10860.36491085,65.23419464,10795.13071621,True
626,1620892800000000000,BINANCE-001,MARGIN,USDT,10860.36491085,65.23419464,10795.13071621,False
627,1620921600008000000,BINANCE-001,MARGIN,USDT,10860.91032774,65.23419464,10795.67613310,True
628,1620921600008000000,BINANCE-001,MARGIN,USDT,10860.91032774,65.23419464,10795.67613310,False
629,1620950400007000000,BINANCE-001,MARGIN,USDT,10861.86568976,65.23419464,10796.63149512,True
630,1620950400007000000,BINANCE-001,MARGIN,USDT,10861.86568976,65.23419464,10796.63149512,False
631,1620979200001000000,BINANCE-001,MARGIN,USDT,10862.71170704,65.23419464,10797.47751240,True
632,1620979200001000000,BINANCE-001,MARGIN,USDT,10862.71170704,65.23419464,10797.47751240,False
633,1621008000004000000,BINANCE-001,MARGIN,USDT,10863.08235779,65.23419464,10797.84816315,True
634,1621008000004000000,BINANCE-001,MARGIN,USDT,10863.08235779,65.23419464,10797.84816315,False
635,1621036800022000000,BINANCE-001,MARGIN,USDT,10863.32170095,65.23419464,10798.08750631,True
636,1621036800022000000,BINANCE-001,MARGIN,USDT,10863.32170095,65.23419464,10798.08750631,False
637,1621065600014000000,BINANCE-001,MARGIN,USDT,10863.55734097,65.23419464,10798.32314633,True
638,1621065600014000000,BINANCE-001,MARGIN,USDT,10863.55734097,65.23419464,10798.32314633,False
639,1621094400002000000,BINANCE-001,MARGIN,USDT,10864.03140247,65.23419464,10798.79720783,True
640,1621094400002000000,BINANCE-001,MARGIN,USDT,10864.03140247,65.23419464,10798.79720783,False
641,1621123200000000000,BINANCE-001,MARGIN,USDT,10864.93526125,65.23419464,10799.70106661,True
642,1621123200000000000,BINANCE-001,MARGIN,USDT,10864.93526125,65.23419464,10799.70106661,False
643,1621152000003000000,BINANCE-001,MARGIN,USDT,10865.33071770,65.23419464,10800.09652306,True
644,1621152000003000000,BINANCE-001,MARGIN,USDT,10865.33071770,65.23419464,10800.09652306,False
645,1621180800002000000,BINANCE-001,MARGIN,USDT,10866.16119872,65.23419464,10800.92700408,True
646,1621180800002000000,BINANCE-001,MARGIN,USDT,10866.16119872,65.23419464,10800.92700408,False
647,1621209600005000000,BINANCE-001,MARGIN,USDT,10866.38407987,65.23419464,10801.14988523,True
648,1621209600005000000,BINANCE-001,MARGIN,USDT,10866.38407987,65.23419464,10801.14988523,False
649,1621209660000000000,BINANCE-001,MARGIN,USDT,10866.01264571,74.52004864,10791.49259707,False
650,1621238400001000000,BINANCE-001,MARGIN,USDT,10867.63084029,74.52004864,10793.11079165,True
651,1621238400001000000,BINANCE-001,MARGIN,USDT,10867.63084029,74.52004864,10793.11079165,False
652,1621267200000000000,BINANCE-001,MARGIN,USDT,10869.07193594,74.52004864,10794.55188730,True
653,1621267200000000000,BINANCE-001,MARGIN,USDT,10869.07193594,74.52004864,10794.55188730,False
654,1621296000019000000,BINANCE-001,MARGIN,USDT,10870.40476832,74.52004864,10795.88471968,True
655,1621296000019000000,BINANCE-001,MARGIN,USDT,10870.40476832,74.52004864,10795.88471968,False
656,1621324800001000000,BINANCE-001,MARGIN,USDT,10870.77706827,74.52004864,10796.25701963,True
657,1621324800001000000,BINANCE-001,MARGIN,USDT,10870.77706827,74.52004864,10796.25701963,False
658,1621353600006000000,BINANCE-001,MARGIN,USDT,10871.30233687,74.52004864,10796.78228823,True
659,1621353600006000000,BINANCE-001,MARGIN,USDT,10871.30233687,74.52004864,10796.78228823,False
660,1621382400000000000,BINANCE-001,MARGIN,USDT,10871.54239496,74.52004864,10797.02234632,True
661,1621382400000000000,BINANCE-001,MARGIN,USDT,10871.54239496,74.52004864,10797.02234632,False
662,1621411200003000000,BINANCE-001,MARGIN,USDT,10872.35265896,74.52004864,10797.83261032,True
663,1621411200003000000,BINANCE-001,MARGIN,USDT,10872.35265896,74.52004864,10797.83261032,False
664,1621440000018000000,BINANCE-001,MARGIN,USDT,10870.47865047,74.52004864,10795.95860183,True
665,1621440000018000000,BINANCE-001,MARGIN,USDT,10870.47865047,74.52004864,10795.95860183,False
666,1621468800005000000,BINANCE-001,MARGIN,USDT,10870.68390958,74.52004864,10796.16386094,True
667,1621468800005000000,BINANCE-001,MARGIN,USDT,10870.68390958,74.52004864,10796.16386094,False
668,1621497600000000000,BINANCE-001,MARGIN,USDT,10870.90768267,74.52004864,10796.38763403,True
669,1621497600000000000,BINANCE-001,MARGIN,USDT,10870.90768267,74.52004864,10796.38763403,False
670,1621526400005000000,BINANCE-001,MARGIN,USDT,10871.13958455,74.52004864,10796.61953591,True
671,1621526400005000000,BINANCE-001,MARGIN,USDT,10871.13958455,74.52004864,10796.61953591,False
672,1621555200000000000,BINANCE-001,MARGIN,USDT,10871.36644425,74.52004864,10796.84639561,True
673,1621555200000000000,BINANCE-001,MARGIN,USDT,10871.36644425,74.52004864,10796.84639561,False
674,1621584000000000000,BINANCE-001,MARGIN,USDT,10871.34412276,74.52004864,10796.82407412,True
675,1621584000000000000,BINANCE-001,MARGIN,USDT,10871.34412276,74.52004864,10796.82407412,False
676,1621612800001000000,BINANCE-001,MARGIN,USDT,10871.49961105,74.52004864,10796.97956241,True
677,1621612800001000000,BINANCE-001,MARGIN,USDT,10871.49961105,74.52004864,10796.97956241,False
678,1621641600001000000,BINANCE-001,MARGIN,USDT,10870.98983186,74.52004864,10796.46978322,True
679,1621641600001000000,BINANCE-001,MARGIN,USDT,10870.98983186,74.52004864,10796.46978322,False
680,1621670400002000000,BINANCE-001,MARGIN,USDT,10871.19294047,74.52004864,10796.67289183,True
681,1621670400002000000,BINANCE-001,MARGIN,USDT,10871.19294047,74.52004864,10796.67289183,False
682,1621699200005000000,BINANCE-001,MARGIN,USDT,10871.40651328,74.52004864,10796.88646464,True
683,1621699200005000000,BINANCE-001,MARGIN,USDT,10871.40651328,74.52004864,10796.88646464,False
684,1621728000006000000,BINANCE-001,MARGIN,USDT,10871.30147285,74.52004864,10796.78142421,True
685,1621728000006000000,BINANCE-001,MARGIN,USDT,10871.30147285,74.52004864,10796.78142421,False
686,1621756800004000000,BINANCE-001,MARGIN,USDT,10871.28018728,74.52004864,10796.76013864,True
687,1621756800004000000,BINANCE-001,MARGIN,USDT,10871.28018728,74.52004864,10796.76013864,False
688,1621785600002000000,BINANCE-001,MARGIN,USDT,10871.36779376,74.52004864,10796.84774512,True
689,1621785600002000000,BINANCE-001,MARGIN,USDT,10871.36779376,74.52004864,10796.84774512,False
690,1621814400007000000,BINANCE-001,MARGIN,USDT,10871.20240285,74.52004864,10796.68235421,True
691,1621814400007000000,BINANCE-001,MARGIN,USDT,10871.20240285,74.52004864,10796.68235421,False
692,1621814460000000000,BINANCE-001,MARGIN,USDT,10871.06379649,77.98520764,10793.07858885,False
693,1621843200005000000,BINANCE-001,MARGIN,USDT,10870.84621603,77.98520764,10792.86100839,True
694,1621843200005000000,BINANCE-001,MARGIN,USDT,10870.84621603,77.98520764,10792.86100839,False
695,1621872000005000000,BINANCE-001,MARGIN,USDT,10870.89325370,77.98520764,10792.90804606,True
696,1621872000005000000,BINANCE-001,MARGIN,USDT,10870.89325370,77.98520764,10792.90804606,False
697,1621900800000000000,BINANCE-001,MARGIN,USDT,10871.12592014,77.98520764,10793.14071250,True
698,1621900800000000000,BINANCE-001,MARGIN,USDT,10871.12592014,77.98520764,10793.14071250,False
699,1621929600014000000,BINANCE-001,MARGIN,USDT,10871.35981643,77.98520764,10793.37460879,True
700,1621929600014000000,BINANCE-001,MARGIN,USDT,10871.35981643,77.98520764,10793.37460879,False
701,1621958400000000000,BINANCE-001,MARGIN,USDT,10871.58941963,77.98520764,10793.60421199,True
702,1621958400000000000,BINANCE-001,MARGIN,USDT,10871.58941963,77.98520764,10793.60421199,False
703,1621987200022000000,BINANCE-001,MARGIN,USDT,10871.81948110,77.98520764,10793.83427346,True
704,1621987200022000000,BINANCE-001,MARGIN,USDT,10871.81948110,77.98520764,10793.83427346,False
705,1622016000018000000,BINANCE-001,MARGIN,USDT,10872.06222416,77.98520764,10794.07701652,True
706,1622016000018000000,BINANCE-001,MARGIN,USDT,10872.06222416,77.98520764,10794.07701652,False
707,1622044800004000000,BINANCE-001,MARGIN,USDT,10872.29493308,77.98520764,10794.30972544,True
708,1622044800004000000,BINANCE-001,MARGIN,USDT,10872.29493308,77.98520764,10794.30972544,False
709,1622073600000000000,BINANCE-001,MARGIN,USDT,10872.53031032,77.98520764,10794.54510268,True
710,1622073600000000000,BINANCE-001,MARGIN,USDT,10872.53031032,77.98520764,10794.54510268,False
711,1622102400017000000,BINANCE-001,MARGIN,USDT,10872.75990902,77.98520764,10794.77470138,True
712,1622102400017000000,BINANCE-001,MARGIN,USDT,10872.75990902,77.98520764,10794.77470138,False
713,1622131200000000000,BINANCE-001,MARGIN,USDT,10872.99799718,77.98520764,10795.01278954,True
714,1622131200000000000,BINANCE-001,MARGIN,USDT,10872.99799718,77.98520764,10795.01278954,False
715,1622160000005000000,BINANCE-001,MARGIN,USDT,10873.22894468,77.98520764,10795.24373704,True
716,1622160000005000000,BINANCE-001,MARGIN,USDT,10873.22894468,77.98520764,10795.24373704,False
717,1622188800009000000,BINANCE-001,MARGIN,USDT,10873.45080214,77.98520764,10795.46559450,True
718,1622188800009000000,BINANCE-001,MARGIN,USDT,10873.45080214,77.98520764,10795.46559450,False
719,1622217600000000000,BINANCE-001,MARGIN,USDT,10873.67125391,77.98520764,10795.68604627,True
720,1622217600000000000,BINANCE-001,MARGIN,USDT,10873.67125391,77.98520764,10795.68604627,False
721,1622246400006000000,BINANCE-001,MARGIN,USDT,10873.88524661,77.98520764,10795.90003897,True
722,1622246400006000000,BINANCE-001,MARGIN,USDT,10873.88524661,77.98520764,10795.90003897,False
723,1622275200000000000,BINANCE-001,MARGIN,USDT,10874.10239195,77.98520764,10796.11718431,True
724,1622275200000000000,BINANCE-001,MARGIN,USDT,10874.10239195,77.98520764,10796.11718431,False
725,1622304000000000000,BINANCE-001,MARGIN,USDT,10874.31672493,77.98520764,10796.33151729,True
726,1622304000000000000,BINANCE-001,MARGIN,USDT,10874.31672493,77.98520764,10796.33151729,False
727,1622332800003000000,BINANCE-001,MARGIN,USDT,10874.52426501,77.98520764,10796.53905737,True
728,1622332800003000000,BINANCE-001,MARGIN,USDT,10874.52426501,77.98520764,10796.53905737,False
729,1622361600004000000,BINANCE-001,MARGIN,USDT,10874.74021299,77.98520764,10796.75500535,True
730,1622361600004000000,BINANCE-001,MARGIN,USDT,10874.74021299,77.98520764,10796.75500535,False
731,1622390400018000000,BINANCE-001,MARGIN,USDT,10874.95317021,77.98520764,10796.96796257,True
732,1622390400018000000,BINANCE-001,MARGIN,USDT,10874.95317021,77.98520764,10796.96796257,False
733,1622419200002000000,BINANCE-001,MARGIN,USDT,10875.16708101,77.98520764,10797.18187337,True
734,1622419200002000000,BINANCE-001,MARGIN,USDT,10875.16708101,77.98520764,10797.18187337,False
735,1622419260000000000,BINANCE-001,MARGIN,USDT,10924.07508082,74.08594725,10849.98913357,False
736,1622448000000000000,BINANCE-001,MARGIN,USDT,10924.27934895,74.08594725,10850.19340170,True
737,1622448000000000000,BINANCE-001,MARGIN,USDT,10924.27934895,74.08594725,10850.19340170,False
738,1622476800000000000,BINANCE-001,MARGIN,USDT,10924.48999615,74.08594725,10850.40404890,True
739,1622476800000000000,BINANCE-001,MARGIN,USDT,10924.48999615,74.08594725,10850.40404890,False
740,1622505600001000000,BINANCE-001,MARGIN,USDT,10924.70227565,74.08594725,10850.61632840,True
741,1622505600001000000,BINANCE-001,MARGIN,USDT,10924.70227565,74.08594725,10850.61632840,False
742,1622534400010000000,BINANCE-001,MARGIN,USDT,10924.91215678,74.08594725,10850.82620953,True
743,1622534400010000000,BINANCE-001,MARGIN,USDT,10924.91215678,74.08594725,10850.82620953,False
744,1622563200010000000,BINANCE-001,MARGIN,USDT,10925.11862927,74.08594725,10851.03268202,True
745,1622563200010000000,BINANCE-001,MARGIN,USDT,10925.11862927,74.08594725,10851.03268202,False
746,1622592000008000000,BINANCE-001,MARGIN,USDT,10925.32777144,74.08594725,10851.24182419,True
747,1622592000008000000,BINANCE-001,MARGIN,USDT,10925.32777144,74.08594725,10851.24182419,False
748,1622620800000000000,BINANCE-001,MARGIN,USDT,10925.53992151,74.08594725,10851.45397426,True
749,1622620800000000000,BINANCE-001,MARGIN,USDT,10925.53992151,74.08594725,10851.45397426,False
750,1622649600007000000,BINANCE-001,MARGIN,USDT,10925.75671358,74.08594725,10851.67076633,True
751,1622649600007000000,BINANCE-001,MARGIN,USDT,10925.75671358,74.08594725,10851.67076633,False
752,1622678400019000000,BINANCE-001,MARGIN,USDT,10925.97084765,74.08594725,10851.88490040,True
753,1622678400019000000,BINANCE-001,MARGIN,USDT,10925.97084765,74.08594725,10851.88490040,False
754,1622707200002000000,BINANCE-001,MARGIN,USDT,10926.19106185,74.08594725,10852.10511460,True
755,1622707200002000000,BINANCE-001,MARGIN,USDT,10926.19106185,74.08594725,10852.10511460,False
756,1622736000003000000,BINANCE-001,MARGIN,USDT,10926.41082387,74.08594725,10852.32487662,True
757,1622736000003000000,BINANCE-001,MARGIN,USDT,10926.41082387,74.08594725,10852.32487662,False
758,1622764800003000000,BINANCE-001,MARGIN,USDT,10926.63449377,74.08594725,10852.54854652,True
759,1622764800003000000,BINANCE-001,MARGIN,USDT,10926.63449377,74.08594725,10852.54854652,False
760,1622793600006000000,BINANCE-001,MARGIN,USDT,10927.06383344,74.08594725,10852.97788619,True
761,1622793600006000000,BINANCE-001,MARGIN,USDT,10927.06383344,74.08594725,10852.97788619,False
762,1622822400002000000,BINANCE-001,MARGIN,USDT,10927.27443834,74.08594725,10853.18849109,True
763,1622822400002000000,BINANCE-001,MARGIN,USDT,10927.27443834,74.08594725,10853.18849109,False
764,1622851200000000000,BINANCE-001,MARGIN,USDT,10927.48443542,74.08594725,10853.39848817,True
765,1622851200000000000,BINANCE-001,MARGIN,USDT,10927.48443542,74.08594725,10853.39848817,False
766,1622880000004000000,BINANCE-001,MARGIN,USDT,10927.69863915,74.08594725,10853.61269190,True
767,1622880000004000000,BINANCE-001,MARGIN,USDT,10927.69863915,74.08594725,10853.61269190,False
768,1622908800020000000,BINANCE-001,MARGIN,USDT,10927.90555630,74.08594725,10853.81960905,True
769,1622908800020000000,BINANCE-001,MARGIN,USDT,10927.90555630,74.08594725,10853.81960905,False
770,1622937600000000000,BINANCE-001,MARGIN,USDT,10928.10793284,74.08594725,10854.02198559,True
771,1622937600000000000,BINANCE-001,MARGIN,USDT,10928.10793284,74.08594725,10854.02198559,False
772,1622966400004000000,BINANCE-001,MARGIN,USDT,10928.31387508,74.08594725,10854.22792783,True
773,1622966400004000000,BINANCE-001,MARGIN,USDT,10928.31387508,74.08594725,10854.22792783,False
774,1622995200000000000,BINANCE-001,MARGIN,USDT,10928.52004408,74.08594725,10854.43409683,True
775,1622995200000000000,BINANCE-001,MARGIN,USDT,10928.52004408,74.08594725,10854.43409683,False
776,1623024000007000000,BINANCE-001,MARGIN,USDT,10928.72411884,74.08594725,10854.63817159,True
777,1623024000007000000,BINANCE-001,MARGIN,USDT,10928.72411884,74.08594725,10854.63817159,False
778,1623052800007000000,BINANCE-001,MARGIN,USDT,10928.93016865,74.08594725,10854.84422140,True
779,1623052800007000000,BINANCE-001,MARGIN,USDT,10928.93016865,74.08594725,10854.84422140,False
780,1623081600003000000,BINANCE-001,MARGIN,USDT,10929.13558799,74.08594725,10855.04964074,True
781,1623081600003000000,BINANCE-001,MARGIN,USDT,10929.13558799,74.08594725,10855.04964074,False
782,1623110400000000000,BINANCE-001,MARGIN,USDT,10929.32691906,74.08594725,10855.24097181,True
783,1623110400000000000,BINANCE-001,MARGIN,USDT,10929.32691906,74.08594725,10855.24097181,False
784,1623139200000000000,BINANCE-001,MARGIN,USDT,10929.34597594,74.08594725,10855.26002869,True
785,1623139200000000000,BINANCE-001,MARGIN,USDT,10929.34597594,74.08594725,10855.26002869,False
786,1623168000002000000,BINANCE-001,MARGIN,USDT,10929.52664943,74.08594725,10855.44070218,True
787,1623168000002000000,BINANCE-001,MARGIN,USDT,10929.52664943,74.08594725,10855.44070218,False
788,1623196800009000000,BINANCE-001,MARGIN,USDT,10929.71689919,74.08594725,10855.63095194,True
789,1623196800009000000,BINANCE-001,MARGIN,USDT,10929.71689919,74.08594725,10855.63095194,False
790,1623225600002000000,BINANCE-001,MARGIN,USDT,10929.61188678,74.08594725,10855.52593953,True
791,1623225600002000000,BINANCE-001,MARGIN,USDT,10929.61188678,74.08594725,10855.52593953,False
792,1623254400000000000,BINANCE-001,MARGIN,USDT,10929.30446440,74.08594725,10855.21851715,True
793,1623254400000000000,BINANCE-001,MARGIN,USDT,10929.30446440,74.08594725,10855.21851715,False
794,1623283200007000000,BINANCE-001,MARGIN,USDT,10928.94690656,74.08594725,10854.86095931,True
795,1623283200007000000,BINANCE-001,MARGIN,USDT,10928.94690656,74.08594725,10854.86095931,False
796,1623312000003000000,BINANCE-001,MARGIN,USDT,10929.07382454,74.08594725,10854.98787729,True
797,1623312000003000000,BINANCE-001,MARGIN,USDT,10929.07382454,74.08594725,10854.98787729,False
798,1623340800000000000,BINANCE-001,MARGIN,USDT,10929.28415031,74.08594725,10855.19820306,True
799,1623340800000000000,BINANCE-001,MARGIN,USDT,10929.28415031,74.08594725,10855.19820306,False
800,1623369600010000000,BINANCE-001,MARGIN,USDT,10929.49313511,74.08594725,10855.40718786,True
801,1623369600010000000,BINANCE-001,MARGIN,USDT,10929.49313511,74.08594725,10855.40718786,False
802,1623398400007000000,BINANCE-001,MARGIN,USDT,10929.54844094,74.08594725,10855.46249369,True
803,1623398400007000000,BINANCE-001,MARGIN,USDT,10929.54844094,74.08594725,10855.46249369,False
804,1623427200006000000,BINANCE-001,MARGIN,USDT,10929.64868572,74.08594725,10855.56273847,True
805,1623427200006000000,BINANCE-001,MARGIN,USDT,10929.64868572,74.08594725,10855.56273847,False
806,1623456000005000000,BINANCE-001,MARGIN,USDT,10929.48322680,74.08594725,10855.39727955,True
807,1623456000005000000,BINANCE-001,MARGIN,USDT,10929.48322680,74.08594725,10855.39727955,False
808,1623484800000000000,BINANCE-001,MARGIN,USDT,10929.68430456,74.08594725,10855.59835731,True
809,1623484800000000000,BINANCE-001,MARGIN,USDT,10929.68430456,74.08594725,10855.59835731,False
810,1623513600018000000,BINANCE-001,MARGIN,USDT,10929.66788555,74.08594725,10855.58193830,True
811,1623513600018000000,BINANCE-001,MARGIN,USDT,10929.66788555,74.08594725,10855.58193830,False
812,1623542400002000000,BINANCE-001,MARGIN,USDT,10929.86313056,74.08594725,10855.77718331,True
813,1623542400002000000,BINANCE-001,MARGIN,USDT,10929.86313056,74.08594725,10855.77718331,False
814,1623571200000000000,BINANCE-001,MARGIN,USDT,10929.92046648,74.08594725,10855.83451923,True
815,1623571200000000000,BINANCE-001,MARGIN,USDT,10929.92046648,74.08594725,10855.83451923,False
816,1623600000003000000,BINANCE-001,MARGIN,USDT,10929.78584699,74.08594725,10855.69989974,True
817,1623600000003000000,BINANCE-001,MARGIN,USDT,10929.78584699,74.08594725,10855.69989974,False
818,1623628800000000000,BINANCE-001,MARGIN,USDT,10930.00816333,74.08594725,10855.92221608,True
819,1623628800000000000,BINANCE-001,MARGIN,USDT,10930.00816333,74.08594725,10855.92221608,False
820,1623628860000000000,BINANCE-001,MARGIN,USDT,11033.66804144,63.68791957,10969.98012187,False
821,1623657600015000000,BINANCE-001,MARGIN,USDT,11033.86173810,63.68791957,10970.17381853,True
822,1623657600015000000,BINANCE-001,MARGIN,USDT,11033.86173810,63.68791957,10970.17381853,False
823,1623686400000000000,BINANCE-001,MARGIN,USDT,11033.79907228,63.68791957,10970.11115271,True
824,1623686400000000000,BINANCE-001,MARGIN,USDT,11033.79907228,63.68791957,10970.11115271,False
825,1623715200000000000,BINANCE-001,MARGIN,USDT,11033.95783795,63.68791957,10970.26991838,True
826,1623715200000000000,BINANCE-001,MARGIN,USDT,11033.95783795,63.68791957,10970.26991838,False
827,1623744000000000000,BINANCE-001,MARGIN,USDT,11034.15556675,63.68791957,10970.46764718,True
828,1623744000000000000,BINANCE-001,MARGIN,USDT,11034.15556675,63.68791957,10970.46764718,False
829,1623772800004000000,BINANCE-001,MARGIN,USDT,11034.35190737,63.68791957,10970.66398780,True
830,1623772800004000000,BINANCE-001,MARGIN,USDT,11034.35190737,63.68791957,10970.66398780,False
831,1623801600004000000,BINANCE-001,MARGIN,USDT,11034.54859655,63.68791957,10970.86067698,True
832,1623801600004000000,BINANCE-001,MARGIN,USDT,11034.54859655,63.68791957,10970.86067698,False
833,1623830400001000000,BINANCE-001,MARGIN,USDT,11034.74521086,63.68791957,10971.05729129,True
834,1623830400001000000,BINANCE-001,MARGIN,USDT,11034.74521086,63.68791957,10971.05729129,False
835,1623859200000000000,BINANCE-001,MARGIN,USDT,11034.93522811,63.68791957,10971.24730854,True
836,1623859200000000000,BINANCE-001,MARGIN,USDT,11034.93522811,63.68791957,10971.24730854,False
837,1623888000004000000,BINANCE-001,MARGIN,USDT,11035.12313670,63.68791957,10971.43521713,True
838,1623888000004000000,BINANCE-001,MARGIN,USDT,11035.12313670,63.68791957,10971.43521713,False
839,1623916800000000000,BINANCE-001,MARGIN,USDT,11035.31528269,63.68791957,10971.62736312,True
840,1623916800000000000,BINANCE-001,MARGIN,USDT,11035.31528269,63.68791957,10971.62736312,False
841,1623945600002000000,BINANCE-001,MARGIN,USDT,11035.50639974,63.68791957,10971.81848017,True
842,1623945600002000000,BINANCE-001,MARGIN,USDT,11035.50639974,63.68791957,10971.81848017,False
843,1623974400009000000,BINANCE-001,MARGIN,USDT,11035.60601923,63.68791957,10971.91809966,True
844,1623974400009000000,BINANCE-001,MARGIN,USDT,11035.60601923,63.68791957,10971.91809966,False
845,1624003200014000000,BINANCE-001,MARGIN,USDT,11035.61239049,63.68791957,10971.92447092,True
846,1624003200014000000,BINANCE-001,MARGIN,USDT,11035.61239049,63.68791957,10971.92447092,False
847,1624032000007000000,BINANCE-001,MARGIN,USDT,11035.79053327,63.68791957,10972.10261370,True
848,1624032000007000000,BINANCE-001,MARGIN,USDT,11035.79053327,63.68791957,10972.10261370,False
849,1624060800003000000,BINANCE-001,MARGIN,USDT,11035.69922257,63.68791957,10972.01130300,True
850,1624060800003000000,BINANCE-001,MARGIN,USDT,11035.69922257,63.68791957,10972.01130300,False
851,1624089600001000000,BINANCE-001,MARGIN,USDT,11035.53374109,63.68791957,10971.84582152,True
852,1624089600001000000,BINANCE-001,MARGIN,USDT,11035.53374109,63.68791957,10971.84582152,False
853,1624118400000000000,BINANCE-001,MARGIN,USDT,11035.66598343,63.68791957,10971.97806386,True
854,1624118400000000000,BINANCE-001,MARGIN,USDT,11035.66598343,63.68791957,10971.97806386,False
855,1624147200005000000,BINANCE-001,MARGIN,USDT,11035.83987767,63.68791957,10972.15195810,True
856,1624147200005000000,BINANCE-001,MARGIN,USDT,11035.83987767,63.68791957,10972.15195810,False
857,1624176000000000000,BINANCE-001,MARGIN,USDT,11036.01439226,63.68791957,10972.32647269,True
858,1624176000000000000,BINANCE-001,MARGIN,USDT,11036.01439226,63.68791957,10972.32647269,False
859,1624204800002000000,BINANCE-001,MARGIN,USDT,11035.70365999,63.68791957,10972.01574042,True
860,1624204800002000000,BINANCE-001,MARGIN,USDT,11035.70365999,63.68791957,10972.01574042,False
861,1624233600019000000,BINANCE-001,MARGIN,USDT,11035.67546314,63.68791957,10971.98754357,True
862,1624233600019000000,BINANCE-001,MARGIN,USDT,11035.67546314,63.68791957,10971.98754357,False
863,1624233660000000000,BINANCE-001,MARGIN,USDT,11837.60455208,0.00000000,11837.60455208,False
864,1624233720000000000,BINANCE-001,MARGIN,USDT,11835.11461778,62.24835750,11772.86626028,False
865,1624262400000000000,BINANCE-001,MARGIN,USDT,11834.88372047,62.24835750,11772.63536297,True
866,1624262400000000000,BINANCE-001,MARGIN,USDT,11834.88372047,62.24835750,11772.63536297,False
867,1624291200024000000,BINANCE-001,MARGIN,USDT,11835.33765833,62.24835750,11773.08930083,True
868,1624291200024000000,BINANCE-001,MARGIN,USDT,11835.33765833,62.24835750,11773.08930083,False
869,1624320000008000000,BINANCE-001,MARGIN,USDT,11835.16175203,62.24835750,11772.91339453,True
870,1624320000008000000,BINANCE-001,MARGIN,USDT,11835.16175203,62.24835750,11772.91339453,False
871,1624348800009000000,BINANCE-001,MARGIN,USDT,11834.93335077,62.24835750,11772.68499327,True
872,1624348800009000000,BINANCE-001,MARGIN,USDT,11834.93335077,62.24835750,11772.68499327,False
873,1624377600001000000,BINANCE-001,MARGIN,USDT,11835.65982251,62.24835750,11773.41146501,True
874,1624377600001000000,BINANCE-001,MARGIN,USDT,11835.65982251,62.24835750,11773.41146501,False
875,1624406400003000000,BINANCE-001,MARGIN,USDT,11835.65829871,62.24835750,11773.40994121,True
876,1624406400003000000,BINANCE-001,MARGIN,USDT,11835.65829871,62.24835750,11773.40994121,False
877,1624435200000000000,BINANCE-001,MARGIN,USDT,11835.98377027,62.24835750,11773.73541277,True
878,1624435200000000000,BINANCE-001,MARGIN,USDT,11835.98377027,62.24835750,11773.73541277,False
879,1624464000000000000,BINANCE-001,MARGIN,USDT,11836.45009384,62.24835750,11774.20173634,True
880,1624464000000000000,BINANCE-001,MARGIN,USDT,11836.45009384,62.24835750,11774.20173634,False
881,1624492800009000000,BINANCE-001,MARGIN,USDT,11836.63344565,62.24835750,11774.38508815,True
882,1624492800009000000,BINANCE-001,MARGIN,USDT,11836.63344565,62.24835750,11774.38508815,False
883,1624521600018000000,BINANCE-001,MARGIN,USDT,11836.40355022,62.24835750,11774.15519272,True
884,1624521600018000000,BINANCE-001,MARGIN,USDT,11836.40355022,62.24835750,11774.15519272,False
885,1624550400001000000,BINANCE-001,MARGIN,USDT,11836.85089899,62.24835750,11774.60254149,True
886,1624550400001000000,BINANCE-001,MARGIN,USDT,11836.85089899,62.24835750,11774.60254149,False
887,1624579200009000000,BINANCE-001,MARGIN,USDT,11836.79337088,62.24835750,11774.54501338,True
888,1624579200009000000,BINANCE-001,MARGIN,USDT,11836.79337088,62.24835750,11774.54501338,False
889,1624608000004000000,BINANCE-001,MARGIN,USDT,11836.55345113,62.24835750,11774.30509363,True
890,1624608000004000000,BINANCE-001,MARGIN,USDT,11836.55345113,62.24835750,11774.30509363,False
891,1624636800000000000,BINANCE-001,MARGIN,USDT,11836.32522936,62.24835750,11774.07687186,True
892,1624636800000000000,BINANCE-001,MARGIN,USDT,11836.32522936,62.24835750,11774.07687186,False
893,1624665600007000000,BINANCE-001,MARGIN,USDT,11836.56897549,62.24835750,11774.32061799,True
894,1624665600007000000,BINANCE-001,MARGIN,USDT,11836.56897549,62.24835750,11774.32061799,False
895,1624694400000000000,BINANCE-001,MARGIN,USDT,11836.85092779,62.24835750,11774.60257029,True
896,1624694400000000000,BINANCE-001,MARGIN,USDT,11836.85092779,62.24835750,11774.60257029,False
897,1624723200002000000,BINANCE-001,MARGIN,USDT,11837.07982107,62.24835750,11774.83146357,True
898,1624723200002000000,BINANCE-001,MARGIN,USDT,11837.07982107,62.24835750,11774.83146357,False
899,1624752000005000000,BINANCE-001,MARGIN,USDT,11837.61237615,62.24835750,11775.36401865,True
900,1624752000005000000,BINANCE-001,MARGIN,USDT,11837.61237615,62.24835750,11775.36401865,False
901,1624780800010000000,BINANCE-001,MARGIN,USDT,11838.84393334,62.24835750,11776.59557584,True
902,1624780800010000000,BINANCE-001,MARGIN,USDT,11838.84393334,62.24835750,11776.59557584,False
903,1624809600001000000,BINANCE-001,MARGIN,USDT,11839.45014880,62.24835750,11777.20179130,True
904,1624809600001000000,BINANCE-001,MARGIN,USDT,11839.45014880,62.24835750,11777.20179130,False
905,1624838400025000000,BINANCE-001,MARGIN,USDT,11839.52090081,62.24835750,11777.27254331,True
906,1624838400025000000,BINANCE-001,MARGIN,USDT,11839.52090081,62.24835750,11777.27254331,False
907,1624838460000000000,BINANCE-001,MARGIN,USDT,11775.29746181,0.00000000,11775.29746181,False
908,1624838520000000000,BINANCE-001,MARGIN,USDT,11772.98108689,57.90937300,11715.07171389,False
909,1624867200017000000,BINANCE-001,MARGIN,USDT,11773.05877481,57.90937300,11715.14940181,True
910,1624867200017000000,BINANCE-001,MARGIN,USDT,11773.05877481,57.90937300,11715.14940181,False
911,1624896000007000000,BINANCE-001,MARGIN,USDT,11773.29292127,57.90937300,11715.38354827,True
912,1624896000007000000,BINANCE-001,MARGIN,USDT,11773.29292127,57.90937300,11715.38354827,False
913,1624924800008000000,BINANCE-001,MARGIN,USDT,11773.48572292,57.90937300,11715.57634992,True
914,1624924800008000000,BINANCE-001,MARGIN,USDT,11773.48572292,57.90937300,11715.57634992,False
915,1624953600000000000,BINANCE-001,MARGIN,USDT,11773.71919813,57.90937300,11715.80982513,True
916,1624953600000000000,BINANCE-001,MARGIN,USDT,11773.71919813,57.90937300,11715.80982513,False
917,1624982400000000000,BINANCE-001,MARGIN,USDT,11773.81349406,57.90937300,11715.90412106,True
918,1624982400000000000,BINANCE-001,MARGIN,USDT,11773.81349406,57.90937300,11715.90412106,False
919,1625011200011000000,BINANCE-001,MARGIN,USDT,11774.05406766,57.90937300,11716.14469466,True
920,1625011200011000000,BINANCE-001,MARGIN,USDT,11774.05406766,57.90937300,11716.14469466,False
921,1625040000044000000,BINANCE-001,MARGIN,USDT,11774.29009305,57.90937300,11716.38072005,True
922,1625040000044000000,BINANCE-001,MARGIN,USDT,11774.29009305,57.90937300,11716.38072005,False
923,1625068800005000000,BINANCE-001,MARGIN,USDT,11774.51919677,57.90937300,11716.60982377,True
924,1625068800005000000,BINANCE-001,MARGIN,USDT,11774.51919677,57.90937300,11716.60982377,False
925,1625097600000000000,BINANCE-001,MARGIN,USDT,11774.75390722,57.90937300,11716.84453422,True
926,1625097600000000000,BINANCE-001,MARGIN,USDT,11774.75390722,57.90937300,11716.84453422,False
927,1625126400004000000,BINANCE-001,MARGIN,USDT,11774.97727293,57.90937300,11717.06789993,True
928,1625126400004000000,BINANCE-001,MARGIN,USDT,11774.97727293,57.90937300,11717.06789993,False
929,1625155200028000000,BINANCE-001,MARGIN,USDT,11775.20120470,57.90937300,11717.29183170,True
930,1625155200028000000,BINANCE-001,MARGIN,USDT,11775.20120470,57.90937300,11717.29183170,False
931,1625184000002000000,BINANCE-001,MARGIN,USDT,11775.38763013,57.90937300,11717.47825713,True
932,1625184000002000000,BINANCE-001,MARGIN,USDT,11775.38763013,57.90937300,11717.47825713,False
933,1625212800016000000,BINANCE-001,MARGIN,USDT,11775.61109141,57.90937300,11717.70171841,True
934,1625212800016000000,BINANCE-001,MARGIN,USDT,11775.61109141,57.90937300,11717.70171841,False
935,1625241600007000000,BINANCE-001,MARGIN,USDT,11775.33600475,57.90937300,11717.42663175,True
936,1625241600007000000,BINANCE-001,MARGIN,USDT,11775.33600475,57.90937300,11717.42663175,False
937,1625270400008000000,BINANCE-001,MARGIN,USDT,11775.22592442,57.90937300,11717.31655142,True
938,1625270400008000000,BINANCE-001,MARGIN,USDT,11775.22592442,57.90937300,11717.31655142,False
939,1625299200000000000,BINANCE-001,MARGIN,USDT,11774.91293269,57.90937300,11717.00355969,True
940,1625299200000000000,BINANCE-001,MARGIN,USDT,11774.91293269,57.90937300,11717.00355969,False
941,1625328000004000000,BINANCE-001,MARGIN,USDT,11774.99475915,57.90937300,11717.08538615,True
942,1625328000004000000,BINANCE-001,MARGIN,USDT,11774.99475915,57.90937300,11717.08538615,False
943,1625356800012000000,BINANCE-001,MARGIN,USDT,11775.06986626,57.90937300,11717.16049326,True
944,1625356800012000000,BINANCE-001,MARGIN,USDT,11775.06986626,57.90937300,11717.16049326,False
945,1625385600002000000,BINANCE-001,MARGIN,USDT,11774.70601453,57.90937300,11716.79664153,True
946,1625385600002000000,BINANCE-001,MARGIN,USDT,11774.70601453,57.90937300,11716.79664153,False
947,1625414400003000000,BINANCE-001,MARGIN,USDT,11774.81127710,57.90937300,11716.90190410,True
948,1625414400003000000,BINANCE-001,MARGIN,USDT,11774.81127710,57.90937300,11716.90190410,False
949,1625443200004000000,BINANCE-001,MARGIN,USDT,11775.04764968,57.90937300,11717.13827668,True
950,1625443200004000000,BINANCE-001,MARGIN,USDT,11775.04764968,57.90937300,11717.13827668,False
951,1625472000000000000,BINANCE-001,MARGIN,USDT,11775.27703345,57.90937300,11717.36766045,True
952,1625472000000000000,BINANCE-001,MARGIN,USDT,11775.27703345,57.90937300,11717.36766045,False
953,1625500800009000000,BINANCE-001,MARGIN,USDT,11775.04216043,57.90937300,11717.13278743,True
954,1625500800009000000,BINANCE-001,MARGIN,USDT,11775.04216043,57.90937300,11717.13278743,False
955,1625529600008000000,BINANCE-001,MARGIN,USDT,11775.02679486,57.90937300,11717.11742186,True
956,1625529600008000000,BINANCE-001,MARGIN,USDT,11775.02679486,57.90937300,11717.11742186,False
957,1625558400019000000,BINANCE-001,MARGIN,USDT,11774.76665692,57.90937300,11716.85728392,True
958,1625558400019000000,BINANCE-001,MARGIN,USDT,11774.76665692,57.90937300,11716.85728392,False
959,1625587200000000000,BINANCE-001,MARGIN,USDT,11774.57942639,57.90937300,11716.67005339,True
960,1625587200000000000,BINANCE-001,MARGIN,USDT,11774.57942639,57.90937300,11716.67005339,False
961,1625616000007000000,BINANCE-001,MARGIN,USDT,11774.27314818,57.90937300,11716.36377518,True
962,1625616000007000000,BINANCE-001,MARGIN,USDT,11774.27314818,57.90937300,11716.36377518,False
963,1625644800001000000,BINANCE-001,MARGIN,USDT,11774.50568511,57.90937300,11716.59631211,True
964,1625644800001000000,BINANCE-001,MARGIN,USDT,11774.50568511,57.90937300,11716.59631211,False
965,1625673600008000000,BINANCE-001,MARGIN,USDT,11774.73703370,57.90937300,11716.82766070,True
966,1625673600008000000,BINANCE-001,MARGIN,USDT,11774.73703370,57.90937300,11716.82766070,False
967,1625702400002000000,BINANCE-001,MARGIN,USDT,11774.76837539,57.90937300,11716.85900239,True
968,1625702400002000000,BINANCE-001,MARGIN,USDT,11774.76837539,57.90937300,11716.85900239,False
969,1625731200010000000,BINANCE-001,MARGIN,USDT,11774.62901253,57.90937300,11716.71963953,True
970,1625731200010000000,BINANCE-001,MARGIN,USDT,11774.62901253,57.90937300,11716.71963953,False
971,1625760000003000000,BINANCE-001,MARGIN,USDT,11774.01050247,57.90937300,11716.10112947,True
972,1625760000003000000,BINANCE-001,MARGIN,USDT,11774.01050247,57.90937300,11716.10112947,False
973,1625788800000000000,BINANCE-001,MARGIN,USDT,11773.77093264,57.90937300,11715.86155964,True
974,1625788800000000000,BINANCE-001,MARGIN,USDT,11773.77093264,57.90937300,11715.86155964,False
975,1625817600006000000,BINANCE-001,MARGIN,USDT,11773.38842742,57.90937300,11715.47905442,True
976,1625817600006000000,BINANCE-001,MARGIN,USDT,11773.38842742,57.90937300,11715.47905442,False
977,1625846400000000000,BINANCE-001,MARGIN,USDT,11772.96500853,57.90937300,11715.05563553,True
978,1625846400000000000,BINANCE-001,MARGIN,USDT,11772.96500853,57.90937300,11715.05563553,False
979,1625875200002000000,BINANCE-001,MARGIN,USDT,11772.96317392,57.90937300,11715.05380092,True
980,1625875200002000000,BINANCE-001,MARGIN,USDT,11772.96317392,57.90937300,11715.05380092,False
981,1625904000000000000,BINANCE-001,MARGIN,USDT,11773.14056962,57.90937300,11715.23119662,True
982,1625904000000000000,BINANCE-001,MARGIN,USDT,11773.14056962,57.90937300,11715.23119662,False
983,1625932800001000000,BINANCE-001,MARGIN,USDT,11773.14220227,57.90937300,11715.23282927,True
984,1625932800001000000,BINANCE-001,MARGIN,USDT,11773.14220227,57.90937300,11715.23282927,False
985,1625961600001000000,BINANCE-001,MARGIN,USDT,11773.31693060,57.90937300,11715.40755760,True
986,1625961600001000000,BINANCE-001,MARGIN,USDT,11773.31693060,57.90937300,11715.40755760,False
987,1625990400025000000,BINANCE-001,MARGIN,USDT,11773.54137390,57.90937300,11715.63200090,True
988,1625990400025000000,BINANCE-001,MARGIN,USDT,11773.54137390,57.90937300,11715.63200090,False
989,1626019200006000000,BINANCE-001,MARGIN,USDT,11773.46469262,57.90937300,11715.55531962,True
990,1626019200006000000,BINANCE-001,MARGIN,USDT,11773.46469262,57.90937300,11715.55531962,False
991,1626048000000000000,BINANCE-001,MARGIN,USDT,11773.66777716,57.90937300,11715.75840416,True
992,1626048000000000000,BINANCE-001,MARGIN,USDT,11773.66777716,57.90937300,11715.75840416,False
993,1626048060000000000,BINANCE-001,MARGIN,USDT,11773.01695496,74.17992800,11698.83702696,False
994,1626076800021000000,BINANCE-001,MARGIN,USDT,11773.11902580,74.17992800,11698.93909780,True
995,1626076800021000000,BINANCE-001,MARGIN,USDT,11773.11902580,74.17992800,11698.93909780,False
996,1626105600000000000,BINANCE-001,MARGIN,USDT,11773.40578722,74.17992800,11699.22585922,True
997,1626105600000000000,BINANCE-001,MARGIN,USDT,11773.40578722,74.17992800,11699.22585922,False
998,1626134400000000000,BINANCE-001,MARGIN,USDT,11773.69033631,74.17992800,11699.51040831,True
999,1626134400000000000,BINANCE-001,MARGIN,USDT,11773.69033631,74.17992800,11699.51040831,False
1000,1626163200013000000,BINANCE-001,MARGIN,USDT,11773.97552664,74.17992800,11699.79559864,True
1001,1626163200013000000,BINANCE-001,MARGIN,USDT,11773.97552664,74.17992800,11699.79559864,False
1002,1626192000005000000,BINANCE-001,MARGIN,USDT,11773.97699224,74.17992800,11699.79706424,True
1003,1626192000005000000,BINANCE-001,MARGIN,USDT,11773.97699224,74.17992800,11699.79706424,False
1004,1626220800000000000,BINANCE-001,MARGIN,USDT,11774.25832856,74.17992800,11700.07840056,True
1005,1626220800000000000,BINANCE-001,MARGIN,USDT,11774.25832856,74.17992800,11700.07840056,False
1006,1626249600000000000,BINANCE-001,MARGIN,USDT,11774.29447091,74.17992800,11700.11454291,True
1007,1626249600000000000,BINANCE-001,MARGIN,USDT,11774.29447091,74.17992800,11700.11454291,False
1008,1626278400005000000,BINANCE-001,MARGIN,USDT,11773.96321559,74.17992800,11699.78328759,True
1009,1626278400005000000,BINANCE-001,MARGIN,USDT,11773.96321559,74.17992800,11699.78328759,False
1010,1626307200005000000,BINANCE-001,MARGIN,USDT,11773.82543366,74.17992800,11699.64550566,True
1011,1626307200005000000,BINANCE-001,MARGIN,USDT,11773.82543366,74.17992800,11699.64550566,False
1012,1626336000001000000,BINANCE-001,MARGIN,USDT,11774.10459792,74.17992800,11699.92466992,True
1013,1626336000001000000,BINANCE-001,MARGIN,USDT,11774.10459792,74.17992800,11699.92466992,False
1014,1626364800000000000,BINANCE-001,MARGIN,USDT,11774.14753479,74.17992800,11699.96760679,True
1015,1626364800000000000,BINANCE-001,MARGIN,USDT,11774.14753479,74.17992800,11699.96760679,False
1016,1626393600000000000,BINANCE-001,MARGIN,USDT,11773.83169047,74.17992800,11699.65176247,True
1017,1626393600000000000,BINANCE-001,MARGIN,USDT,11773.83169047,74.17992800,11699.65176247,False
1018,1626422400000000000,BINANCE-001,MARGIN,USDT,11773.99846081,74.17992800,11699.81853281,True
1019,1626422400000000000,BINANCE-001,MARGIN,USDT,11773.99846081,74.17992800,11699.81853281,False
1020,1626451200001000000,BINANCE-001,MARGIN,USDT,11774.02808519,74.17992800,11699.84815719,True
1021,1626451200001000000,BINANCE-001,MARGIN,USDT,11774.02808519,74.17992800,11699.84815719,False
1022,1626480000004000000,BINANCE-001,MARGIN,USDT,11774.29795507,74.17992800,11700.11802707,True
1023,1626480000004000000,BINANCE-001,MARGIN,USDT,11774.29795507,74.17992800,11700.11802707,False
1024,1626508800009000000,BINANCE-001,MARGIN,USDT,11774.18031683,74.17992800,11700.00038883,True
1025,1626508800009000000,BINANCE-001,MARGIN,USDT,11774.18031683,74.17992800,11700.00038883,False
1026,1626537600006000000,BINANCE-001,MARGIN,USDT,11774.24487050,74.17992800,11700.06494250,True
1027,1626537600006000000,BINANCE-001,MARGIN,USDT,11774.24487050,74.17992800,11700.06494250,False
1028,1626566400000000000,BINANCE-001,MARGIN,USDT,11774.51570101,74.17992800,11700.33577301,True
1029,1626566400000000000,BINANCE-001,MARGIN,USDT,11774.51570101,74.17992800,11700.33577301,False
1030,1626595200001000000,BINANCE-001,MARGIN,USDT,11774.78836392,74.17992800,11700.60843592,True
1031,1626595200001000000,BINANCE-001,MARGIN,USDT,11774.78836392,74.17992800,11700.60843592,False
1032,1626624000003000000,BINANCE-001,MARGIN,USDT,11774.66878879,74.17992800,11700.48886079,True
1033,1626624000003000000,BINANCE-001,MARGIN,USDT,11774.66878879,74.17992800,11700.48886079,False
1034,1626652800002000000,BINANCE-001,MARGIN,USDT,11774.46368109,74.17992800,11700.28375309,True
1035,1626652800002000000,BINANCE-001,MARGIN,USDT,11774.46368109,74.17992800,11700.28375309,False
1036,1626652860000000000,BINANCE-001,MARGIN,USDT,11774.01894323,85.29837450,11688.72056873,False
1037,1626681600006000000,BINANCE-001,MARGIN,USDT,11774.11951669,85.29837450,11688.82114219,True
1038,1626681600006000000,BINANCE-001,MARGIN,USDT,11774.11951669,85.29837450,11688.82114219,False
1039,1626710400006000000,BINANCE-001,MARGIN,USDT,11774.08178932,85.29837450,11688.78341482,True
1040,1626710400006000000,BINANCE-001,MARGIN,USDT,11774.08178932,85.29837450,11688.78341482,False
1041,1626739200002000000,BINANCE-001,MARGIN,USDT,11773.59828304,85.29837450,11688.29990854,True
1042,1626739200002000000,BINANCE-001,MARGIN,USDT,11773.59828304,85.29837450,11688.29990854,False
1043,1626768000011000000,BINANCE-001,MARGIN,USDT,11773.22373459,85.29837450,11687.92536009,True
1044,1626768000011000000,BINANCE-001,MARGIN,USDT,11773.22373459,85.29837450,11687.92536009,False
1045,1626796800001000000,BINANCE-001,MARGIN,USDT,11772.65803666,85.29837450,11687.35966216,True
1046,1626796800001000000,BINANCE-001,MARGIN,USDT,11772.65803666,85.29837450,11687.35966216,False
1047,1626825600022000000,BINANCE-001,MARGIN,USDT,11771.97721809,85.29837450,11686.67884359,True
1048,1626825600022000000,BINANCE-001,MARGIN,USDT,11771.97721809,85.29837450,11686.67884359,False
1049,1626854400000000000,BINANCE-001,MARGIN,USDT,11770.77157528,85.29837450,11685.47320078,True
1050,1626854400000000000,BINANCE-001,MARGIN,USDT,11770.77157528,85.29837450,11685.47320078,False
1051,1626883200018000000,BINANCE-001,MARGIN,USDT,11769.74091687,85.29837450,11684.44254237,True
1052,1626883200018000000,BINANCE-001,MARGIN,USDT,11769.74091687,85.29837450,11684.44254237,False
1053,1626912000002000000,BINANCE-001,MARGIN,USDT,11769.21873843,85.29837450,11683.92036393,True
1054,1626912000002000000,BINANCE-001,MARGIN,USDT,11769.21873843,85.29837450,11683.92036393,False
1055,1626940800006000000,BINANCE-001,MARGIN,USDT,11769.26247921,85.29837450,11683.96410471,True
1056,1626940800006000000,BINANCE-001,MARGIN,USDT,11769.26247921,85.29837450,11683.96410471,False
1057,1626969600010000000,BINANCE-001,MARGIN,USDT,11769.30710087,85.29837450,11684.00872637,True
1058,1626969600010000000,BINANCE-001,MARGIN,USDT,11769.30710087,85.29837450,11684.00872637,False
1059,1626998400013000000,BINANCE-001,MARGIN,USDT,11769.31820167,85.29837450,11684.01982717,True
1060,1626998400013000000,BINANCE-001,MARGIN,USDT,11769.31820167,85.29837450,11684.01982717,False
1061,1627027200000000000,BINANCE-001,MARGIN,USDT,11768.76690454,85.29837450,11683.46853004,True
1062,1627027200000000000,BINANCE-001,MARGIN,USDT,11768.76690454,85.29837450,11683.46853004,False
1063,1627056000005000000,BINANCE-001,MARGIN,USDT,11768.73492663,85.29837450,11683.43655213,True
1064,1627056000005000000,BINANCE-001,MARGIN,USDT,11768.73492663,85.29837450,11683.43655213,False
1065,1627084800000000000,BINANCE-001,MARGIN,USDT,11768.49128577,85.29837450,11683.19291127,True
1066,1627084800000000000,BINANCE-001,MARGIN,USDT,11768.49128577,85.29837450,11683.19291127,False
1067,1627113600002000000,BINANCE-001,MARGIN,USDT,11768.03915613,85.29837450,11682.74078163,True
1068,1627113600002000000,BINANCE-001,MARGIN,USDT,11768.03915613,85.29837450,11682.74078163,False
1069,1627142400001000000,BINANCE-001,MARGIN,USDT,11767.68028371,85.29837450,11682.38190921,True
1070,1627142400001000000,BINANCE-001,MARGIN,USDT,11767.68028371,85.29837450,11682.38190921,False
1071,1627171200003000000,BINANCE-001,MARGIN,USDT,11766.80122988,85.29837450,11681.50285538,True
1072,1627171200003000000,BINANCE-001,MARGIN,USDT,11766.80122988,85.29837450,11681.50285538,False
1073,1627200000015000000,BINANCE-001,MARGIN,USDT,11766.04864087,85.29837450,11680.75026637,True
1074,1627200000015000000,BINANCE-001,MARGIN,USDT,11766.04864087,85.29837450,11680.75026637,False
1075,1627228800000000000,BINANCE-001,MARGIN,USDT,11765.87112158,85.29837450,11680.57274708,True
1076,1627228800000000000,BINANCE-001,MARGIN,USDT,11765.87112158,85.29837450,11680.57274708,False
1077,1627257600000000000,BINANCE-001,MARGIN,USDT,11763.93088868,85.29837450,11678.63251418,True
1078,1627257600000000000,BINANCE-001,MARGIN,USDT,11763.93088868,85.29837450,11678.63251418,False
1079,1627257660000000000,BINANCE-001,MARGIN,USDT,11635.26180168,0.00000000,11635.26180168,False
1080,1627257720000000000,BINANCE-001,MARGIN,USDT,11631.09592968,104.14680000,11526.94912968,False
1081,1627286400000000000,BINANCE-001,MARGIN,USDT,11630.64577395,104.14680000,11526.49897395,True
1082,1627286400000000000,BINANCE-001,MARGIN,USDT,11630.64577395,104.14680000,11526.49897395,False
1083,1627315200000000000,BINANCE-001,MARGIN,USDT,11630.19065733,104.14680000,11526.04385733,True
1084,1627315200000000000,BINANCE-001,MARGIN,USDT,11630.19065733,104.14680000,11526.04385733,False
1085,1627344000046000000,BINANCE-001,MARGIN,USDT,11629.75139218,104.14680000,11525.60459218,True
1086,1627344000046000000,BINANCE-001,MARGIN,USDT,11629.75139218,104.14680000,11525.60459218,False
1087,1627372800014000000,BINANCE-001,MARGIN,USDT,11629.31343320,104.14680000,11525.16663320,True
1088,1627372800014000000,BINANCE-001,MARGIN,USDT,11629.31343320,104.14680000,11525.16663320,False
1089,1627401600007000000,BINANCE-001,MARGIN,USDT,11629.41479163,104.14680000,11525.26799163,True
1090,1627401600007000000,BINANCE-001,MARGIN,USDT,11629.41479163,104.14680000,11525.26799163,False
1091,1627430400000000000,BINANCE-001,MARGIN,USDT,11629.50963298,104.14680000,11525.36283298,True
1092,1627430400000000000,BINANCE-001,MARGIN,USDT,11629.50963298,104.14680000,11525.36283298,False
1093,1627459200002000000,BINANCE-001,MARGIN,USDT,11629.03895470,104.14680000,11524.89215470,True
1094,1627459200002000000,BINANCE-001,MARGIN,USDT,11629.03895470,104.14680000,11524.89215470,False
1095,1627488000005000000,BINANCE-001,MARGIN,USDT,11628.57088823,104.14680000,11524.42408823,True
1096,1627488000005000000,BINANCE-001,MARGIN,USDT,11628.57088823,104.14680000,11524.42408823,False
1097,1627516800004000000,BINANCE-001,MARGIN,USDT,11628.50041060,104.14680000,11524.35361060,True
1098,1627516800004000000,BINANCE-001,MARGIN,USDT,11628.50041060,104.14680000,11524.35361060,False
1099,1627545600000000000,BINANCE-001,MARGIN,USDT,11628.11067659,104.14680000,11523.96387659,True
1100,1627545600000000000,BINANCE-001,MARGIN,USDT,11628.11067659,104.14680000,11523.96387659,False
1101,1627574400007000000,BINANCE-001,MARGIN,USDT,11627.63942987,104.14680000,11523.49262987,True
1102,1627574400007000000,BINANCE-001,MARGIN,USDT,11627.63942987,104.14680000,11523.49262987,False
1103,1627603200004000000,BINANCE-001,MARGIN,USDT,11627.16727647,104.14680000,11523.02047647,True
1104,1627603200004000000,BINANCE-001,MARGIN,USDT,11627.16727647,104.14680000,11523.02047647,False
1105,1627632000000000000,BINANCE-001,MARGIN,USDT,11626.69856289,104.14680000,11522.55176289,True
1106,1627632000000000000,BINANCE-001,MARGIN,USDT,11626.69856289,104.14680000,11522.55176289,False
1107,1627660800000000000,BINANCE-001,MARGIN,USDT,11626.80809267,104.14680000,11522.66129267,True
1108,1627660800000000000,BINANCE-001,MARGIN,USDT,11626.80809267,104.14680000,11522.66129267,False
1109,1627689600000000000,BINANCE-001,MARGIN,USDT,11626.31001951,104.14680000,11522.16321951,True
1110,1627689600000000000,BINANCE-001,MARGIN,USDT,11626.31001951,104.14680000,11522.16321951,False
1111,1627718400014000000,BINANCE-001,MARGIN,USDT,11625.81985866,104.14680000,11521.67305866,True
1112,1627718400014000000,BINANCE-001,MARGIN,USDT,11625.81985866,104.14680000,11521.67305866,False
1113,1627747200003000000,BINANCE-001,MARGIN,USDT,11625.32972053,104.14680000,11521.18292053,True
1114,1627747200003000000,BINANCE-001,MARGIN,USDT,11625.32972053,104.14680000,11521.18292053,False
