event_index,ts_event,account_id,account_type,currency,total,locked,free,reported
0,1609459200000000000,BINANCE-001,MARGIN,USDT,10000.00000000,0.00000000,10000.00000000,True
1,1612137720000000000,BINANCE-001,MARGIN,USDT,9990.01030810,249.74229750,9740.26801060,False
2,1612166400014000000,BINANCE-001,MARGIN,USDT,9986.17195840,249.74229750,9736.42966090,True
3,1612166400014000000,BINANCE-001,MARGIN,USDT,9986.17195840,249.74229750,9736.42966090,False
4,1612195200000000000,BINANCE-001,MARGIN,USDT,9979.47163028,249.74229750,9729.72933278,True
5,1612195200000000000,BINANCE-001,MARGIN,USDT,9979.47163028,249.74229750,9729.72933278,False
6,1612224000000000000,BINANCE-001,MARGIN,USDT,9975.74516010,249.74229750,9726.00286260,True
7,1612224000000000000,BINANCE-001,MARGIN,USDT,9975.74516010,249.74229750,9726.00286260,False
8,1612252800006000000,BINANCE-001,MARGIN,USDT,9971.16249003,249.74229750,9721.42019253,True
9,1612252800006000000,BINANCE-001,MARGIN,USDT,9971.16249003,249.74229750,9721.42019253,False
10,1612281600000000000,BINANCE-001,MARGIN,USDT,9958.33990242,249.74229750,9708.59760492,True
11,1612281600000000000,BINANCE-001,MARGIN,USDT,9958.33990242,249.74229750,9708.59760492,False
12,1612310400009000000,BINANCE-001,MARGIN,USDT,9950.04868919,249.74229750,9700.30639169,True
13,1612310400009000000,BINANCE-001,MARGIN,USDT,9950.04868919,249.74229750,9700.30639169,False
14,1612339200006000000,BINANCE-001,MARGIN,USDT,9941.18006532,249.74229750,9691.43776782,True
15,1612339200006000000,BINANCE-001,MARGIN,USDT,9941.18006532,249.74229750,9691.43776782,False
16,1612368000006000000,BINANCE-001,MARGIN,USDT,9932.79158090,249.74229750,9683.04928340,True
17,1612368000006000000,BINANCE-001,MARGIN,USDT,9932.79158090,249.74229750,9683.04928340,False
18,1612396800005000000,BINANCE-001,MARGIN,USDT,9929.48690702,249.74229750,9679.74460952,True
19,1612396800005000000,BINANCE-001,MARGIN,USDT,9929.48690702,249.74229750,9679.74460952,False
20,1612425600000000000,BINANCE-001,MARGIN,USDT,9920.99010642,249.74229750,9671.24780892,True
21,1612425600000000000,BINANCE-001,MARGIN,USDT,9920.99010642,249.74229750,9671.24780892,False
22,1612454400011000000,BINANCE-001,MARGIN,USDT,9914.14380554,249.74229750,9664.40150804,True
23,1612454400011000000,BINANCE-001,MARGIN,USDT,9914.14380554,249.74229750,9664.40150804,False
24,1612483200009000000,BINANCE-001,MARGIN,USDT,9907.81658076,249.74229750,9658.07428326,True
25,1612483200009000000,BINANCE-001,MARGIN,USDT,9907.81658076,249.74229750,9658.07428326,False
26,1612512000004000000,BINANCE-001,MARGIN,USDT,9899.29684958,249.74229750,9649.55455208,True
27,1612512000004000000,BINANCE-001,MARGIN,USDT,9899.29684958,249.74229750,9649.55455208,False
28,1612540800000000000,BINANCE-001,MARGIN,USDT,9887.91958349,249.74229750,9638.17728599,True
29,1612540800000000000,BINANCE-001,MARGIN,USDT,9887.91958349,249.74229750,9638.17728599,False
30,1612569600008000000,BINANCE-001,MARGIN,USDT,9883.89392660,249.74229750,9634.15162910,True
31,1612569600008000000,BINANCE-001,MARGIN,USDT,9883.89392660,249.74229750,9634.15162910,False
32,1612598400009000000,BINANCE-001,MARGIN,USDT,9875.58569232,249.74229750,9625.84339482,True
33,1612598400009000000,BINANCE-001,MARGIN,USDT,9875.58569232,249.74229750,9625.84339482,False
34,1612627200000000000,BINANCE-001,MARGIN,USDT,9862.94507496,249.74229750,9613.20277746,True
35,1612627200000000000,BINANCE-001,MARGIN,USDT,9862.94507496,249.74229750,9613.20277746,False
36,1612656000000000000,BINANCE-001,MARGIN,USDT,9844.50697419,249.74229750,9594.76467669,True
37,1612656000000000000,BINANCE-001,MARGIN,USDT,9844.50697419,249.74229750,9594.76467669,False
38,1612684800005000000,BINANCE-001,MARGIN,USDT,9836.82480595,249.74229750,9587.08250845,True
39,1612684800005000000,BINANCE-001,MARGIN,USDT,9836.82480595,249.74229750,9587.08250845,False
40,1612713600001000000,BINANCE-001,MARGIN,USDT,9824.65005731,249.74229750,9574.90775981,True
41,1612713600001000000,BINANCE-001,MARGIN,USDT,9824.65005731,249.74229750,9574.90775981,False
42,1612742400000000000,BINANCE-001,MARGIN,USDT,9817.69769129,249.74229750,9567.95539379,True
43,1612742400000000000,BINANCE-001,MARGIN,USDT,9817.69769129,249.74229750,9567.95539379,False
44,1612771200001000000,BINANCE-001,MARGIN,USDT,9810.82627638,249.74229750,9561.08397888,True
45,1612771200001000000,BINANCE-001,MARGIN,USDT,9810.82627638,249.74229750,9561.08397888,False
46,1612800000000000000,BINANCE-001,MARGIN,USDT,9777.91119478,249.74229750,9528.16889728,True
47,1612800000000000000,BINANCE-001,MARGIN,USDT,9777.91119478,249.74229750,9528.16889728,False
48,1612828800010000000,BINANCE-001,MARGIN,USDT,9759.53076094,249.74229750,9509.78846344,True
49,1612828800010000000,BINANCE-001,MARGIN,USDT,9759.53076094,249.74229750,9509.78846344,False
50,1612857600006000000,BINANCE-001,MARGIN,USDT,9732.69685430,249.74229750,9482.95455680,True
51,1612857600006000000,BINANCE-001,MARGIN,USDT,9732.69685430,249.74229750,9482.95455680,False
52,1612886400007000000,BINANCE-001,MARGIN,USDT,9709.89144176,249.74229750,9460.14914426,True
53,1612886400007000000,BINANCE-001,MARGIN,USDT,9709.89144176,249.74229750,9460.14914426,False
54,1612915200009000000,BINANCE-001,MARGIN,USDT,9692.42829990,249.74229750,9442.68600240,True
55,1612915200009000000,BINANCE-001,MARGIN,USDT,9692.42829990,249.74229750,9442.68600240,False
56,1612944000014000000,BINANCE-001,MARGIN,USDT,9667.71064460,249.74229750,9417.96834710,True
57,1612944000014000000,BINANCE-001,MARGIN,USDT,9667.71064460,249.74229750,9417.96834710,False
58,1612972800005000000,BINANCE-001,MARGIN,USDT,9652.65186033,249.74229750,9402.90956283,True
59,1612972800005000000,BINANCE-001,MARGIN,USDT,9652.65186033,249.74229750,9402.90956283,False
60,1613001600000000000,BINANCE-001,MARGIN,USDT,9642.25404235,249.74229750,9392.51174485,True
61,1613001600000000000,BINANCE-001,MARGIN,USDT,9642.25404235,249.74229750,9392.51174485,False
62,1613030400000000000,BINANCE-001,MARGIN,USDT,9631.02499581,249.74229750,9381.28269831,True
63,1613030400000000000,BINANCE-001,MARGIN,USDT,9631.02499581,249.74229750,9381.28269831,False
64,1613059200000000000,BINANCE-001,MARGIN,USDT,9605.74470407,249.74229750,9356.00240657,True
65,1613059200000000000,BINANCE-001,MARGIN,USDT,9605.74470407,249.74229750,9356.00240657,False
66,1613088000000000000,BINANCE-001,MARGIN,USDT,9587.05031496,249.74229750,9337.30801746,True
67,1613088000000000000,BINANCE-001,MARGIN,USDT,9587.05031496,249.74229750,9337.30801746,False
68,1613116800000000000,BINANCE-001,MARGIN,USDT,9569.06956830,249.74229750,9319.32727080,True
69,1613116800000000000,BINANCE-001,MARGIN,USDT,9569.06956830,249.74229750,9319.32727080,False
70,1613145600000000000,BINANCE-001,MARGIN,USDT,9554.06978857,249.74229750,9304.32749107,True
71,1613145600000000000,BINANCE-001,MARGIN,USDT,9554.06978857,249.74229750,9304.32749107,False
72,1613174400001000000,BINANCE-001,MARGIN,USDT,9534.03745626,249.74229750,9284.29515876,True
73,1613174400001000000,BINANCE-001,MARGIN,USDT,9534.03745626,249.74229750,9284.29515876,False
74,1613203200003000000,BINANCE-001,MARGIN,USDT,9513.91868773,249.74229750,9264.17639023,True
75,1613203200003000000,BINANCE-001,MARGIN,USDT,9513.91868773,249.74229750,9264.17639023,False
76,1613232000000000000,BINANCE-001,MARGIN,USDT,9503.10903187,249.74229750,9253.36673437,True
77,1613232000000000000,BINANCE-001,MARGIN,USDT,9503.10903187,249.74229750,9253.36673437,False
78,1613260800013000000,BINANCE-001,MARGIN,USDT,9490.98039420,249.74229750,9241.23809670,True
79,1613260800013000000,BINANCE-001,MARGIN,USDT,9490.98039420,249.74229750,9241.23809670,False
80,1613289600000000000,BINANCE-001,MARGIN,USDT,9469.42481990,249.74229750,9219.68252240,True
81,1613289600000000000,BINANCE-001,MARGIN,USDT,9469.42481990,249.74229750,9219.68252240,False
82,1613318400008000000,BINANCE-001,MARGIN,USDT,9447.46385939,249.74229750,9197.72156189,True
83,1613318400008000000,BINANCE-001,MARGIN,USDT,9447.46385939,249.74229750,9197.72156189,False
84,1613347200000000000,BINANCE-001,MARGIN,USDT,9430.13958556,249.74229750,9180.39728806,True
85,1613347200000000000,BINANCE-001,MARGIN,USDT,9430.13958556,249.74229750,9180.39728806,False
86,1613376000006000000,BINANCE-001,MARGIN,USDT,9424.33895765,249.74229750,9174.59666015,True
87,1613376000006000000,BINANCE-001,MARGIN,USDT,9424.33895765,249.74229750,9174.59666015,False
88,1613404800000000000,BINANCE-001,MARGIN,USDT,9414.46340826,249.74229750,9164.72111076,True
89,1613404800000000000,BINANCE-001,MARGIN,USDT,9414.46340826,249.74229750,9164.72111076,False
90,1613433600001000000,BINANCE-001,MARGIN,USDT,9400.03128177,249.74229750,9150.28898427,True
91,1613433600001000000,BINANCE-001,MARGIN,USDT,9400.03128177,249.74229750,9150.28898427,False
92,1613462400000000000,BINANCE-001,MARGIN,USDT,9381.66745770,249.74229750,9131.92516020,True
93,1613462400000000000,BINANCE-001,MARGIN,USDT,9381.66745770,249.74229750,9131.92516020,False
94,1613491200010000000,BINANCE-001,MARGIN,USDT,9360.66663821,249.74229750,9110.92434071,True
95,1613491200010000000,BINANCE-001,MARGIN,USDT,9360.66663821,249.74229750,9110.92434071,False
96,1613520000005000000,BINANCE-001,MARGIN,USDT,9345.19725695,249.74229750,9095.45495945,True
97,1613520000005000000,BINANCE-001,MARGIN,USDT,9345.19725695,249.74229750,9095.45495945,False
98,1613548800010000000,BINANCE-001,MARGIN,USDT,9330.75599702,249.74229750,9081.01369952,True
99,1613548800010000000,BINANCE-001,MARGIN,USDT,9330.75599702,249.74229750,9081.01369952,False
100,1613577600008000000,BINANCE-001,MARGIN,USDT,9307.99956353,249.74229750,9058.25726603,True
101,1613577600008000000,BINANCE-001,MARGIN,USDT,9307.99956353,249.74229750,9058.25726603,False
102,1613606400012000000,BINANCE-001,MARGIN,USDT,9287.15345490,249.74229750,9037.41115740,True
103,1613606400012000000,BINANCE-001,MARGIN,USDT,9287.15345490,249.74229750,9037.41115740,False
104,1613635200000000000,BINANCE-001,MARGIN,USDT,9262.91497349,249.74229750,9013.17267599,True
105,1613635200000000000,BINANCE-001,MARGIN,USDT,9262.91497349,249.74229750,9013.17267599,False
106,1613664000009000000,BINANCE-001,MARGIN,USDT,9243.28274191,249.74229750,8993.54044441,True
107,1613664000009000000,BINANCE-001,MARGIN,USDT,9243.28274191,249.74229750,8993.54044441,False
108,1613692800010000000,BINANCE-001,MARGIN,USDT,9229.05949000,249.74229750,8979.31719250,True
109,1613692800010000000,BINANCE-001,MARGIN,USDT,9229.05949000,249.74229750,8979.31719250,False
110,1613721600002000000,BINANCE-001,MARGIN,USDT,9215.82936167,249.74229750,8966.08706417,True
111,1613721600002000000,BINANCE-001,MARGIN,USDT,9215.82936167,249.74229750,8966.08706417,False
112,1613750400008000000,BINANCE-001,MARGIN,USDT,9194.85073565,249.74229750,8945.10843815,True
113,1613750400008000000,BINANCE-001,MARGIN,USDT,9194.85073565,249.74229750,8945.10843815,False
114,1613779200000000000,BINANCE-001,MARGIN,USDT,9168.42225596,249.74229750,8918.67995846,True
115,1613779200000000000,BINANCE-001,MARGIN,USDT,9168.42225596,249.74229750,8918.67995846,False
116,1613808000009000000,BINANCE-001,MARGIN,USDT,9148.97130415,249.74229750,8899.22900665,True
117,1613808000009000000,BINANCE-001,MARGIN,USDT,9148.97130415,249.74229750,8899.22900665,False
118,1613836800000000000,BINANCE-001,MARGIN,USDT,9128.17510635,249.74229750,8878.43280885,True
119,1613836800000000000,BINANCE-001,MARGIN,USDT,9128.17510635,249.74229750,8878.43280885,False
120,1613865600007000000,BINANCE-001,MARGIN,USDT,9111.22196385,249.74229750,8861.47966635,True
121,1613865600007000000,BINANCE-001,MARGIN,USDT,9111.22196385,249.74229750,8861.47966635,False
122,1613894400012000000,BINANCE-001,MARGIN,USDT,9094.43227959,249.74229750,8844.68998209,True
123,1613894400012000000,BINANCE-001,MARGIN,USDT,9094.43227959,249.74229750,8844.68998209,False
124,1613923200001000000,BINANCE-001,MARGIN,USDT,9072.62548629,249.74229750,8822.88318879,True
125,1613923200001000000,BINANCE-001,MARGIN,USDT,9072.62548629,249.74229750,8822.88318879,False
126,1613952000006000000,BINANCE-001,MARGIN,USDT,9052.31053208,249.74229750,8802.56823458,True
127,1613952000006000000,BINANCE-001,MARGIN,USDT,9052.31053208,249.74229750,8802.56823458,False
128,1613980800002000000,BINANCE-001,MARGIN,USDT,9036.64949224,249.74229750,8786.90719474,True
129,1613980800002000000,BINANCE-001,MARGIN,USDT,9036.64949224,249.74229750,8786.90719474,False
130,1614009600000000000,BINANCE-001,MARGIN,USDT,9024.11814067,249.74229750,8774.37584317,True
131,1614009600000000000,BINANCE-001,MARGIN,USDT,9024.11814067,249.74229750,8774.37584317,False
132,1614038400000000000,BINANCE-001,MARGIN,USDT,9020.04115337,249.74229750,8770.29885587,True
133,1614038400000000000,BINANCE-001,MARGIN,USDT,9020.04115337,249.74229750,8770.29885587,False
134,1614067200006000000,BINANCE-001,MARGIN,USDT,9015.59502924,249.74229750,8765.85273174,True
135,1614067200006000000,BINANCE-001,MARGIN,USDT,9015.59502924,249.74229750,8765.85273174,False
136,1614096000000000000,BINANCE-001,MARGIN,USDT,9013.64507343,249.74229750,8763.90277593,True
137,1614096000000000000,BINANCE-001,MARGIN,USDT,9013.64507343,249.74229750,8763.90277593,False
138,1614124800012000000,BINANCE-001,MARGIN,USDT,9012.16726495,249.74229750,8762.42496745,True
139,1614124800012000000,BINANCE-001,MARGIN,USDT,9012.16726495,249.74229750,8762.42496745,False
140,1614153600016000000,BINANCE-001,MARGIN,USDT,9004.32696003,249.74229750,8754.58466253,True
141,1614153600016000000,BINANCE-001,MARGIN,USDT,9004.32696003,249.74229750,8754.58466253,False
142,1614182400011000000,BINANCE-001,MARGIN,USDT,8998.71299786,249.74229750,8748.97070036,True
143,1614182400011000000,BINANCE-001,MARGIN,USDT,8998.71299786,249.74229750,8748.97070036,False
144,1614211200007000000,BINANCE-001,MARGIN,USDT,8996.05515491,249.74229750,8746.31285741,True
145,1614211200007000000,BINANCE-001,MARGIN,USDT,8996.05515491,249.74229750,8746.31285741,False
146,1614240000000000000,BINANCE-001,MARGIN,USDT,8993.27690133,249.74229750,8743.53460383,True
147,1614240000000000000,BINANCE-001,MARGIN,USDT,8993.27690133,249.74229750,8743.53460383,False
148,1614268800010000000,BINANCE-001,MARGIN,USDT,8988.04583815,249.74229750,8738.30354065,True
149,1614268800010000000,BINANCE-001,MARGIN,USDT,8988.04583815,249.74229750,8738.30354065,False
150,1614297600000000000,BINANCE-001,MARGIN,USDT,8986.62347043,249.74229750,8736.88117293,True
151,1614297600000000000,BINANCE-001,MARGIN,USDT,8986.62347043,249.74229750,8736.88117293,False
152,1614326400025000000,BINANCE-001,MARGIN,USDT,8985.26664380,249.74229750,8735.52434630,True
153,1614326400025000000,BINANCE-001,MARGIN,USDT,8985.26664380,249.74229750,8735.52434630,False
154,1614355200010000000,BINANCE-001,MARGIN,USDT,8983.82871097,249.74229750,8734.08641347,True
155,1614355200010000000,BINANCE-001,MARGIN,USDT,8983.82871097,249.74229750,8734.08641347,False
156,1614384000001000000,BINANCE-001,MARGIN,USDT,8979.60924045,249.74229750,8729.86694295,True
157,1614384000001000000,BINANCE-001,MARGIN,USDT,8979.60924045,249.74229750,8729.86694295,False
158,1614412800000000000,BINANCE-001,MARGIN,USDT,8973.25647271,249.74229750,8723.51417521,True
159,1614412800000000000,BINANCE-001,MARGIN,USDT,8973.25647271,249.74229750,8723.51417521,False
160,1614441600000000000,BINANCE-001,MARGIN,USDT,8971.84490350,249.74229750,8722.10260600,True
161,1614441600000000000,BINANCE-001,MARGIN,USDT,8971.84490350,249.74229750,8722.10260600,False
162,1614470400021000000,BINANCE-001,MARGIN,USDT,8970.45214594,249.74229750,8720.70984844,True
163,1614470400021000000,BINANCE-001,MARGIN,USDT,8970.45214594,249.74229750,8720.70984844,False
164,1614499200009000000,BINANCE-001,MARGIN,USDT,8969.10998033,249.74229750,8719.36768283,True
165,1614499200009000000,BINANCE-001,MARGIN,USDT,8969.10998033,249.74229750,8719.36768283,False
166,1614528000000000000,BINANCE-001,MARGIN,USDT,8964.16367150,249.74229750,8714.42137400,True
167,1614528000000000000,BINANCE-001,MARGIN,USDT,8964.16367150,249.74229750,8714.42137400,False
168,1614556800000000000,BINANCE-001,MARGIN,USDT,8961.85435555,249.74229750,8712.11205805,True
169,1614556800000000000,BINANCE-001,MARGIN,USDT,8961.85435555,249.74229750,8712.11205805,False
170,1614585600003000000,BINANCE-001,MARGIN,USDT,8960.45617256,249.74229750,8710.71387506,True
171,1614585600003000000,BINANCE-001,MARGIN,USDT,8960.45617256,249.74229750,8710.71387506,False
172,1614614400001000000,BINANCE-001,MARGIN,USDT,8958.97105503,249.74229750,8709.22875753,True
173,1614614400001000000,BINANCE-001,MARGIN,USDT,8958.97105503,249.74229750,8709.22875753,False
174,1614643200000000000,BINANCE-001,MARGIN,USDT,8957.47372155,249.74229750,8707.73142405,True
175,1614643200000000000,BINANCE-001,MARGIN,USDT,8957.47372155,249.74229750,8707.73142405,False
176,1614672000000000000,BINANCE-001,MARGIN,USDT,8956.01314717,249.74229750,8706.27084967,True
177,1614672000000000000,BINANCE-001,MARGIN,USDT,8956.01314717,249.74229750,8706.27084967,False
178,1614700800004000000,BINANCE-001,MARGIN,USDT,8954.54290908,249.74229750,8704.80061158,True
179,1614700800004000000,BINANCE-001,MARGIN,USDT,8954.54290908,249.74229750,8704.80061158,False
180,1614729600000000000,BINANCE-001,MARGIN,USDT,8953.07991034,249.74229750,8703.33761284,True
181,1614729600000000000,BINANCE-001,MARGIN,USDT,8953.07991034,249.74229750,8703.33761284,False
182,1614758400016000000,BINANCE-001,MARGIN,USDT,8951.57758916,249.74229750,8701.83529166,True
183,1614758400016000000,BINANCE-001,MARGIN,USDT,8951.57758916,249.74229750,8701.83529166,False
184,1614787200000000000,BINANCE-001,MARGIN,USDT,8944.66540003,249.74229750,8694.92310253,True
185,1614787200000000000,BINANCE-001,MARGIN,USDT,8944.66540003,249.74229750,8694.92310253,False
186,1614816000000000000,BINANCE-001,MARGIN,USDT,8943.14420640,249.74229750,8693.40190890,True
187,1614816000000000000,BINANCE-001,MARGIN,USDT,8943.14420640,249.74229750,8693.40190890,False
188,1614844800015000000,BINANCE-001,MARGIN,USDT,8941.64327165,249.74229750,8691.90097415,True
189,1614844800015000000,BINANCE-001,MARGIN,USDT,8941.64327165,249.74229750,8691.90097415,False
190,1614873600001000000,BINANCE-001,MARGIN,USDT,8940.15014530,249.74229750,8690.40784780,True
191,1614873600001000000,BINANCE-001,MARGIN,USDT,8940.15014530,249.74229750,8690.40784780,False
192,1614902400000000000,BINANCE-001,MARGIN,USDT,8938.68932517,249.74229750,8688.94702767,True
193,1614902400000000000,BINANCE-001,MARGIN,USDT,8938.68932517,249.74229750,8688.94702767,False
194,1614931200002000000,BINANCE-001,MARGIN,USDT,8937.25687154,249.74229750,8687.51457404,True
195,1614931200002000000,BINANCE-001,MARGIN,USDT,8937.25687154,249.74229750,8687.51457404,False
196,1614960000008000000,BINANCE-001,MARGIN,USDT,8935.81016863,249.74229750,8686.06787113,True
197,1614960000008000000,BINANCE-001,MARGIN,USDT,8935.81016863,249.74229750,8686.06787113,False
198,1614988800000000000,BINANCE-001,MARGIN,USDT,8934.33716484,249.74229750,8684.59486734,True
199,1614988800000000000,BINANCE-001,MARGIN,USDT,8934.33716484,249.74229750,8684.59486734,False
200,1615017600000000000,BINANCE-001,MARGIN,USDT,8932.86215184,249.74229750,8683.11985434,True
201,1615017600000000000,BINANCE-001,MARGIN,USDT,8932.86215184,249.74229750,8683.11985434,False
202,1615046400000000000,BINANCE-001,MARGIN,USDT,8931.43468255,249.74229750,8681.69238505,True
203,1615046400000000000,BINANCE-001,MARGIN,USDT,8931.43468255,249.74229750,8681.69238505,False
204,1615075200006000000,BINANCE-001,MARGIN,USDT,8929.95870134,249.74229750,8680.21640384,True
205,1615075200006000000,BINANCE-001,MARGIN,USDT,8929.95870134,249.74229750,8680.21640384,False
206,1615104000005000000,BINANCE-001,MARGIN,USDT,8928.44639008,249.74229750,8678.70409258,True
207,1615104000005000000,BINANCE-001,MARGIN,USDT,8928.44639008,249.74229750,8678.70409258,False
208,1615132800008000000,BINANCE-001,MARGIN,USDT,8925.75664982,249.74229750,8676.01435232,True
209,1615132800008000000,BINANCE-001,MARGIN,USDT,8925.75664982,249.74229750,8676.01435232,False
210,1615161600000000000,BINANCE-001,MARGIN,USDT,8924.21729421,249.74229750,8674.47499671,True
211,1615161600000000000,BINANCE-001,MARGIN,USDT,8924.21729421,249.74229750,8674.47499671,False
212,1615190400000000000,BINANCE-001,MARGIN,USDT,8922.71350162,249.74229750,8672.97120412,True
213,1615190400000000000,BINANCE-001,MARGIN,USDT,8922.71350162,249.74229750,8672.97120412,False
214,1615219200006000000,BINANCE-001,MARGIN,USDT,8918.89616938,249.74229750,8669.15387188,True
215,1615219200006000000,BINANCE-001,MARGIN,USDT,8918.89616938,249.74229750,8669.15387188,False
216,1615248000000000000,BINANCE-001,MARGIN,USDT,8907.43250162,249.74229750,8657.69020412,True
217,1615248000000000000,BINANCE-001,MARGIN,USDT,8907.43250162,249.74229750,8657.69020412,False
218,1615276800000000000,BINANCE-001,MARGIN,USDT,8900.64055039,249.74229750,8650.89825289,True
219,1615276800000000000,BINANCE-001,MARGIN,USDT,8900.64055039,249.74229750,8650.89825289,False
220,1615305600000000000,BINANCE-001,MARGIN,USDT,8891.31552843,249.74229750,8641.57323093,True
221,1615305600000000000,BINANCE-001,MARGIN,USDT,8891.31552843,249.74229750,8641.57323093,False
222,1615334400009000000,BINANCE-001,MARGIN,USDT,8887.27777083,249.74229750,8637.53547333,True
223,1615334400009000000,BINANCE-001,MARGIN,USDT,8887.27777083,249.74229750,8637.53547333,False
224,1615363200006000000,BINANCE-001,MARGIN,USDT,8879.32480515,249.74229750,8629.58250765,True
225,1615363200006000000,BINANCE-001,MARGIN,USDT,8879.32480515,249.74229750,8629.58250765,False
226,1615392000008000000,BINANCE-001,MARGIN,USDT,8869.63234811,249.74229750,8619.89005061,True
227,1615392000008000000,BINANCE-001,MARGIN,USDT,8869.63234811,249.74229750,8619.89005061,False
228,1615420800000000000,BINANCE-001,MARGIN,USDT,8853.42965997,249.74229750,8603.68736247,True
229,1615420800000000000,BINANCE-001,MARGIN,USDT,8853.42965997,249.74229750,8603.68736247,False
230,1615449600000000000,BINANCE-001,MARGIN,USDT,8836.90291708,249.74229750,8587.16061958,True
231,1615449600000000000,BINANCE-001,MARGIN,USDT,8836.90291708,249.74229750,8587.16061958,False
232,1615478400014000000,BINANCE-001,MARGIN,USDT,8822.34634789,249.74229750,8572.60405039,True
233,1615478400014000000,BINANCE-001,MARGIN,USDT,8822.34634789,249.74229750,8572.60405039,False
234,1615507200002000000,BINANCE-001,MARGIN,USDT,8804.52280710,249.74229750,8554.78050960,True
235,1615507200002000000,BINANCE-001,MARGIN,USDT,8804.52280710,249.74229750,8554.78050960,False
236,1615536000005000000,BINANCE-001,MARGIN,USDT,8793.01498319,249.74229750,8543.27268569,True
237,1615536000005000000,BINANCE-001,MARGIN,USDT,8793.01498319,249.74229750,8543.27268569,False
238,1615564800011000000,BINANCE-001,MARGIN,USDT,8784.19891079,249.74229750,8534.45661329,True
239,1615564800011000000,BINANCE-001,MARGIN,USDT,8784.19891079,249.74229750,8534.45661329,False
240,1615593600000000000,BINANCE-001,MARGIN,USDT,8775.91895276,249.74229750,8526.17665526,True
241,1615593600000000000,BINANCE-001,MARGIN,USDT,8775.91895276,249.74229750,8526.17665526,False
242,1615622400002000000,BINANCE-001,MARGIN,USDT,8765.42206719,249.74229750,8515.67976969,True
243,1615622400002000000,BINANCE-001,MARGIN,USDT,8765.42206719,249.74229750,8515.67976969,False
244,1615651200000000000,BINANCE-001,MARGIN,USDT,8755.12050716,249.74229750,8505.37820966,True
245,1615651200000000000,BINANCE-001,MARGIN,USDT,8755.12050716,249.74229750,8505.37820966,False
246,1615680000011000000,BINANCE-001,MARGIN,USDT,8739.98536381,249.74229750,8490.24306631,True
247,1615680000011000000,BINANCE-001,MARGIN,USDT,8739.98536381,249.74229750,8490.24306631,False
248,1615708800000000000,BINANCE-001,MARGIN,USDT,8724.50578148,249.74229750,8474.76348398,True
249,1615708800000000000,BINANCE-001,MARGIN,USDT,8724.50578148,249.74229750,8474.76348398,False
250,1615737600000000000,BINANCE-001,MARGIN,USDT,8703.73675904,249.74229750,8453.99446154,True
251,1615737600000000000,BINANCE-001,MARGIN,USDT,8703.73675904,249.74229750,8453.99446154,False
252,1615766400012000000,BINANCE-001,MARGIN,USDT,8689.11023604,249.74229750,8439.36793854,True
253,1615766400012000000,BINANCE-001,MARGIN,USDT,8689.11023604,249.74229750,8439.36793854,False
254,1615795200016000000,BINANCE-001,MARGIN,USDT,8670.73427240,249.74229750,8420.99197490,True
255,1615795200016000000,BINANCE-001,MARGIN,USDT,8670.73427240,249.74229750,8420.99197490,False
256,1615824000030000000,BINANCE-001,MARGIN,USDT,8668.05432774,249.74229750,8418.31203024,True
257,1615824000030000000,BINANCE-001,MARGIN,USDT,8668.05432774,249.74229750,8418.31203024,False
258,1615852800005000000,BINANCE-001,MARGIN,USDT,8664.25944593,249.74229750,8414.51714843,True
259,1615852800005000000,BINANCE-001,MARGIN,USDT,8664.25944593,249.74229750,8414.51714843,False
260,1615881600008000000,BINANCE-001,MARGIN,USDT,8658.27713883,249.74229750,8408.53484133,True
261,1615881600008000000,BINANCE-001,MARGIN,USDT,8658.27713883,249.74229750,8408.53484133,False
262,1615910400012000000,BINANCE-001,MARGIN,USDT,8651.41263011,249.74229750,8401.67033261,True
263,1615910400012000000,BINANCE-001,MARGIN,USDT,8651.41263011,249.74229750,8401.67033261,False
264,1615939200010000000,BINANCE-001,MARGIN,USDT,8645.32987120,249.74229750,8395.58757370,True
265,1615939200010000000,BINANCE-001,MARGIN,USDT,8645.32987120,249.74229750,8395.58757370,False
266,1615968000000000000,BINANCE-001,MARGIN,USDT,8642.08544015,249.74229750,8392.34314265,True
267,1615968000000000000,BINANCE-001,MARGIN,USDT,8642.08544015,249.74229750,8392.34314265,False
268,1615996800009000000,BINANCE-001,MARGIN,USDT,8638.00709430,249.74229750,8388.26479680,True
269,1615996800009000000,BINANCE-001,MARGIN,USDT,8638.00709430,249.74229750,8388.26479680,False
270,1616025600001000000,BINANCE-001,MARGIN,USDT,8632.61996884,249.74229750,8382.87767134,True
271,1616025600001000000,BINANCE-001,MARGIN,USDT,8632.61996884,249.74229750,8382.87767134,False
272,1616054400000000000,BINANCE-001,MARGIN,USDT,8627.45970501,249.74229750,8377.71740751,True
273,1616054400000000000,BINANCE-001,MARGIN,USDT,8627.45970501,249.74229750,8377.71740751,False
274,1616083200000000000,BINANCE-001,MARGIN,USDT,8621.60475706,249.74229750,8371.86245956,True
275,1616083200000000000,BINANCE-001,MARGIN,USDT,8621.60475706,249.74229750,8371.86245956,False
276,1616112000011000000,BINANCE-001,MARGIN,USDT,8616.02758354,249.74229750,8366.28528604,True
277,1616112000011000000,BINANCE-001,MARGIN,USDT,8616.02758354,249.74229750,8366.28528604,False
278,1616140800001000000,BINANCE-001,MARGIN,USDT,8613.77547543,249.74229750,8364.03317793,True
279,1616140800001000000,BINANCE-001,MARGIN,USDT,8613.77547543,249.74229750,8364.03317793,False
280,1616169600000000000,BINANCE-001,MARGIN,USDT,8607.84727205,249.74229750,8358.10497455,True
281,1616169600000000000,BINANCE-001,MARGIN,USDT,8607.84727205,249.74229750,8358.10497455,False
282,1616198400000000000,BINANCE-001,MARGIN,USDT,8599.20012221,249.74229750,8349.45782471,True
283,1616198400000000000,BINANCE-001,MARGIN,USDT,8599.20012221,249.74229750,8349.45782471,False
284,1616227200000000000,BINANCE-001,MARGIN,USDT,8591.35052744,249.74229750,8341.60822994,True
285,1616227200000000000,BINANCE-001,MARGIN,USDT,8591.35052744,249.74229750,8341.60822994,False
286,1616256000007000000,BINANCE-001,MARGIN,USDT,8582.58998192,249.74229750,8332.84768442,True
287,1616256000007000000,BINANCE-001,MARGIN,USDT,8582.58998192,249.74229750,8332.84768442,False
288,1616284800000000000,BINANCE-001,MARGIN,USDT,8577.08097913,249.74229750,8327.33868163,True
289,1616284800000000000,BINANCE-001,MARGIN,USDT,8577.08097913,249.74229750,8327.33868163,False
290,1616313600000000000,BINANCE-001,MARGIN,USDT,8569.78463728,249.74229750,8320.04233978,True
291,1616313600000000000,BINANCE-001,MARGIN,USDT,8569.78463728,249.74229750,8320.04233978,False
292,1616342400000000000,BINANCE-001,MARGIN,USDT,8568.05716980,249.74229750,8318.31487230,True
293,1616342400000000000,BINANCE-001,MARGIN,USDT,8568.05716980,249.74229750,8318.31487230,False
294,1616371200007000000,BINANCE-001,MARGIN,USDT,8559.05581672,249.74229750,8309.31351922,True
295,1616371200007000000,BINANCE-001,MARGIN,USDT,8559.05581672,249.74229750,8309.31351922,False
296,1616400000001000000,BINANCE-001,MARGIN,USDT,8551.12534096,249.74229750,8301.38304346,True
297,1616400000001000000,BINANCE-001,MARGIN,USDT,8551.12534096,249.74229750,8301.38304346,False
298,1616428800000000000,BINANCE-001,MARGIN,USDT,8542.67895944,249.74229750,8292.93666194,True
299,1616428800000000000,BINANCE-001,MARGIN,USDT,8542.67895944,249.74229750,8292.93666194,False
300,1616457600000000000,BINANCE-001,MARGIN,USDT,8538.72283022,249.74229750,8288.98053272,True
301,1616457600000000000,BINANCE-001,MARGIN,USDT,8538.72283022,249.74229750,8288.98053272,False
302,1616486400010000000,BINANCE-001,MARGIN,USDT,8534.36577245,249.74229750,8284.62347495,True
303,1616486400010000000,BINANCE-001,MARGIN,USDT,8534.36577245,249.74229750,8284.62347495,False
304,1616515200023000000,BINANCE-001,MARGIN,USDT,8527.32119311,249.74229750,8277.57889561,True
305,1616515200023000000,BINANCE-001,MARGIN,USDT,8527.32119311,249.74229750,8277.57889561,False
306,1616544000002000000,BINANCE-001,MARGIN,USDT,8518.53999131,249.74229750,8268.79769381,True
307,1616544000002000000,BINANCE-001,MARGIN,USDT,8518.53999131,249.74229750,8268.79769381,False
308,1616572800000000000,BINANCE-001,MARGIN,USDT,8515.76371277,249.74229750,8266.02141527,True
309,1616572800000000000,BINANCE-001,MARGIN,USDT,8515.76371277,249.74229750,8266.02141527,False
310,1616601600000000000,BINANCE-001,MARGIN,USDT,8511.26730007,249.74229750,8261.52500257,True
311,1616601600000000000,BINANCE-001,MARGIN,USDT,8511.26730007,249.74229750,8261.52500257,False
312,1616630400000000000,BINANCE-001,MARGIN,USDT,8509.39880882,249.74229750,8259.65651132,True
313,1616630400000000000,BINANCE-001,MARGIN,USDT,8509.39880882,249.74229750,8259.65651132,False
314,1616659200000000000,BINANCE-001,MARGIN,USDT,8507.81996913,249.74229750,8258.07767163,True
315,1616659200000000000,BINANCE-001,MARGIN,USDT,8507.81996913,249.74229750,8258.07767163,False
316,1616688000000000000,BINANCE-001,MARGIN,USDT,8506.27961300,249.74229750,8256.53731550,True
317,1616688000000000000,BINANCE-001,MARGIN,USDT,8506.27961300,249.74229750,8256.53731550,False
318,1616716800008000000,BINANCE-001,MARGIN,USDT,8503.79917731,249.74229750,8254.05687981,True
319,1616716800008000000,BINANCE-001,MARGIN,USDT,8503.79917731,249.74229750,8254.05687981,False
320,1616745600000000000,BINANCE-001,MARGIN,USDT,8502.18142790,249.74229750,8252.43913040,True
321,1616745600000000000,BINANCE-001,MARGIN,USDT,8502.18142790,249.74229750,8252.43913040,False
322,1616774400012000000,BINANCE-001,MARGIN,USDT,8500.57164955,249.74229750,8250.82935205,True
323,1616774400012000000,BINANCE-001,MARGIN,USDT,8500.57164955,249.74229750,8250.82935205,False
324,1616803200018000000,BINANCE-001,MARGIN,USDT,8498.90974325,249.74229750,8249.16744575,True
325,1616803200018000000,BINANCE-001,MARGIN,USDT,8498.90974325,249.74229750,8249.16744575,False
326,1616832000000000000,BINANCE-001,MARGIN,USDT,8497.24965478,249.74229750,8247.50735728,True
327,1616832000000000000,BINANCE-001,MARGIN,USDT,8497.24965478,249.74229750,8247.50735728,False
328,1616860800001000000,BINANCE-001,MARGIN,USDT,8495.58922737,249.74229750,8245.84692987,True
329,1616860800001000000,BINANCE-001,MARGIN,USDT,8495.58922737,249.74229750,8245.84692987,False
330,1616889600000000000,BINANCE-001,MARGIN,USDT,8493.90229609,249.74229750,8244.15999859,True
331,1616889600000000000,BINANCE-001,MARGIN,USDT,8493.90229609,249.74229750,8244.15999859,False
332,1616918400000000000,BINANCE-001,MARGIN,USDT,8492.20484499,249.74229750,8242.46254749,True
333,1616918400000000000,BINANCE-001,MARGIN,USDT,8492.20484499,249.74229750,8242.46254749,False
334,1616947200005000000,BINANCE-001,MARGIN,USDT,8490.50256884,249.74229750,8240.76027134,True
335,1616947200005000000,BINANCE-001,MARGIN,USDT,8490.50256884,249.74229750,8240.76027134,False
336,1616976000003000000,BINANCE-001,MARGIN,USDT,8488.81760655,249.74229750,8239.07530905,True
337,1616976000003000000,BINANCE-001,MARGIN,USDT,8488.81760655,249.74229750,8239.07530905,False
338,1617004800000000000,BINANCE-001,MARGIN,USDT,8487.12849487,249.74229750,8237.38619737,True
339,1617004800000000000,BINANCE-001,MARGIN,USDT,8487.12849487,249.74229750,8237.38619737,False
340,1617033600000000000,BINANCE-001,MARGIN,USDT,8483.95927181,249.74229750,8234.21697431,True
341,1617033600000000000,BINANCE-001,MARGIN,USDT,8483.95927181,249.74229750,8234.21697431,False
342,1617062400018000000,BINANCE-001,MARGIN,USDT,8478.38124090,249.74229750,8228.63894340,True
343,1617062400018000000,BINANCE-001,MARGIN,USDT,8478.38124090,249.74229750,8228.63894340,False
344,1617091200012000000,BINANCE-001,MARGIN,USDT,8473.59310668,249.74229750,8223.85080918,True
345,1617091200012000000,BINANCE-001,MARGIN,USDT,8473.59310668,249.74229750,8223.85080918,False
346,1617120000001000000,BINANCE-001,MARGIN,USDT,8458.81158668,249.74229750,8209.06928918,True
347,1617120000001000000,BINANCE-001,MARGIN,USDT,8458.81158668,249.74229750,8209.06928918,False
348,1617148800000000000,BINANCE-001,MARGIN,USDT,8444.47213871,249.74229750,8194.72984121,True
349,1617148800000000000,BINANCE-001,MARGIN,USDT,8444.47213871,249.74229750,8194.72984121,False
350,1617177600000000000,BINANCE-001,MARGIN,USDT,8432.02187991,249.74229750,8182.27958241,True
351,1617177600000000000,BINANCE-001,MARGIN,USDT,8432.02187991,249.74229750,8182.27958241,False
352,1617206400000000000,BINANCE-001,MARGIN,USDT,8421.55583199,249.74229750,8171.81353449,True
353,1617206400000000000,BINANCE-001,MARGIN,USDT,8421.55583199,249.74229750,8171.81353449,False
354,1617235200025000000,BINANCE-001,MARGIN,USDT,8402.14653952,249.74229750,8152.40424202,True
355,1617235200025000000,BINANCE-001,MARGIN,USDT,8402.14653952,249.74229750,8152.40424202,False
356,1617264000011000000,BINANCE-001,MARGIN,USDT,8385.21108277,249.74229750,8135.46878527,True
357,1617264000011000000,BINANCE-001,MARGIN,USDT,8385.21108277,249.74229750,8135.46878527,False
358,1617292800004000000,BINANCE-001,MARGIN,USDT,8375.95293009,249.74229750,8126.21063259,True
359,1617292800004000000,BINANCE-001,MARGIN,USDT,8375.95293009,249.74229750,8126.21063259,False
360,1617321600000000000,BINANCE-001,MARGIN,USDT,8363.33541066,249.74229750,8113.59311316,True
361,1617321600000000000,BINANCE-001,MARGIN,USDT,8363.33541066,249.74229750,8113.59311316,False
362,1617350400000000000,BINANCE-001,MARGIN,USDT,8344.23029995,249.74229750,8094.48800245,True
363,1617350400000000000,BINANCE-001,MARGIN,USDT,8344.23029995,249.74229750,8094.48800245,False
364,1617379200000000000,BINANCE-001,MARGIN,USDT,8325.89807833,249.74229750,8076.15578083,True
365,1617379200000000000,BINANCE-001,MARGIN,USDT,8325.89807833,249.74229750,8076.15578083,False
366,1617408000003000000,BINANCE-001,MARGIN,USDT,8314.61856675,249.74229750,8064.87626925,True
367,1617408000003000000,BINANCE-001,MARGIN,USDT,8314.61856675,249.74229750,8064.87626925,False
368,1617436800000000000,BINANCE-001,MARGIN,USDT,8295.28428429,249.74229750,8045.54198679,True
369,1617436800000000000,BINANCE-001,MARGIN,USDT,8295.28428429,249.74229750,8045.54198679,False
370,1617465600000000000,BINANCE-001,MARGIN,USDT,8277.27292804,249.74229750,8027.53063054,True
371,1617465600000000000,BINANCE-001,MARGIN,USDT,8277.27292804,249.74229750,8027.53063054,False
372,1617494400000000000,BINANCE-001,MARGIN,USDT,8268.28510990,249.74229750,8018.54281240,True
373,1617494400000000000,BINANCE-001,MARGIN,USDT,8268.28510990,249.74229750,8018.54281240,False
374,1617523200000000000,BINANCE-001,MARGIN,USDT,8259.84118287,249.74229750,8010.09888537,True
375,1617523200000000000,BINANCE-001,MARGIN,USDT,8259.84118287,249.74229750,8010.09888537,False
376,1617552000016000000,BINANCE-001,MARGIN,USDT,8255.20065021,249.74229750,8005.45835271,True
377,1617552000016000000,BINANCE-001,MARGIN,USDT,8255.20065021,249.74229750,8005.45835271,False
378,1617580800000000000,BINANCE-001,MARGIN,USDT,8248.26124393,249.74229750,7998.51894643,True
379,1617580800000000000,BINANCE-001,MARGIN,USDT,8248.26124393,249.74229750,7998.51894643,False
380,1617609600001000000,BINANCE-001,MARGIN,USDT,8240.78446124,249.74229750,7991.04216374,True
381,1617609600001000000,BINANCE-001,MARGIN,USDT,8240.78446124,249.74229750,7991.04216374,False
382,1617638400001000000,BINANCE-001,MARGIN,USDT,8234.10664951,249.74229750,7984.36435201,True
383,1617638400001000000,BINANCE-001,MARGIN,USDT,8234.10664951,249.74229750,7984.36435201,False
384,1617667200010000000,BINANCE-001,MARGIN,USDT,8216.72504869,249.74229750,7966.98275119,True
385,1617667200010000000,BINANCE-001,MARGIN,USDT,8216.72504869,249.74229750,7966.98275119,False
386,1617696000000000000,BINANCE-001,MARGIN,USDT,8206.49337800,249.74229750,7956.75108050,True
387,1617696000000000000,BINANCE-001,MARGIN,USDT,8206.49337800,249.74229750,7956.75108050,False
388,1617724800003000000,BINANCE-001,MARGIN,USDT,8191.85854670,249.74229750,7942.11624920,True
389,1617724800003000000,BINANCE-001,MARGIN,USDT,8191.85854670,249.74229750,7942.11624920,False
390,1617753600000000000,BINANCE-001,MARGIN,USDT,8181.75797194,249.74229750,7932.01567444,True
391,1617753600000000000,BINANCE-001,MARGIN,USDT,8181.75797194,249.74229750,7932.01567444,False
392,1617782400006000000,BINANCE-001,MARGIN,USDT,8172.36088469,249.74229750,7922.61858719,True
393,1617782400006000000,BINANCE-001,MARGIN,USDT,8172.36088469,249.74229750,7922.61858719,False
394,1617811200004000000,BINANCE-001,MARGIN,USDT,8163.20113081,249.74229750,7913.45883331,True
395,1617811200004000000,BINANCE-001,MARGIN,USDT,8163.20113081,249.74229750,7913.45883331,False
396,1617840000013000000,BINANCE-001,MARGIN,USDT,8156.30237330,249.74229750,7906.56007580,True
397,1617840000013000000,BINANCE-001,MARGIN,USDT,8156.30237330,249.74229750,7906.56007580,False
398,1617868800003000000,BINANCE-001,MARGIN,USDT,8152.00326770,249.74229750,7902.26097020,True
399,1617868800003000000,BINANCE-001,MARGIN,USDT,8152.00326770,249.74229750,7902.26097020,False
400,1617897600005000000,BINANCE-001,MARGIN,USDT,8147.42658669,249.74229750,7897.68428919,True
401,1617897600005000000,BINANCE-001,MARGIN,USDT,8147.42658669,249.74229750,7897.68428919,False
402,1617926400000000000,BINANCE-001,MARGIN,USDT,8143.98400311,249.74229750,7894.24170561,True
403,1617926400000000000,BINANCE-001,MARGIN,USDT,8143.98400311,249.74229750,7894.24170561,False
404,1617955200004000000,BINANCE-001,MARGIN,USDT,8139.36886513,249.74229750,7889.62656763,True
405,1617955200004000000,BINANCE-001,MARGIN,USDT,8139.36886513,249.74229750,7889.62656763,False
406,1617984000004000000,BINANCE-001,MARGIN,USDT,8135.53424752,249.74229750,7885.79195002,True
407,1617984000004000000,BINANCE-001,MARGIN,USDT,8135.53424752,249.74229750,7885.79195002,False
408,1618012800011000000,BINANCE-001,MARGIN,USDT,8133.25802267,249.74229750,7883.51572517,True
409,1618012800011000000,BINANCE-001,MARGIN,USDT,8133.25802267,249.74229750,7883.51572517,False
410,1618041600005000000,BINANCE-001,MARGIN,USDT,8106.06682737,249.74229750,7856.32452987,True
411,1618041600005000000,BINANCE-001,MARGIN,USDT,8106.06682737,249.74229750,7856.32452987,False
412,1618070400000000000,BINANCE-001,MARGIN,USDT,8084.26318529,249.74229750,7834.52088779,True
413,1618070400000000000,BINANCE-001,MARGIN,USDT,8084.26318529,249.74229750,7834.52088779,False
414,1618099200004000000,BINANCE-001,MARGIN,USDT,8068.59041852,249.74229750,7818.84812102,True
415,1618099200004000000,BINANCE-001,MARGIN,USDT,8068.59041852,249.74229750,7818.84812102,False
416,1618128000000000000,BINANCE-001,MARGIN,USDT,8050.65793424,249.74229750,7800.91563674,True
417,1618128000000000000,BINANCE-001,MARGIN,USDT,8050.65793424,249.74229750,7800.91563674,False
418,1618156800000000000,BINANCE-001,MARGIN,USDT,8031.53852319,249.74229750,7781.79622569,True
419,1618156800000000000,BINANCE-001,MARGIN,USDT,8031.53852319,249.74229750,7781.79622569,False
420,1618185600001000000,BINANCE-001,MARGIN,USDT,8014.51944736,249.74229750,7764.77714986,True
421,1618185600001000000,BINANCE-001,MARGIN,USDT,8014.51944736,249.74229750,7764.77714986,False
422,1618214400001000000,BINANCE-001,MARGIN,USDT,7994.98238680,249.74229750,7745.24008930,True
423,1618214400001000000,BINANCE-001,MARGIN,USDT,7994.98238680,249.74229750,7745.24008930,False
424,1618243200008000000,BINANCE-001,MARGIN,USDT,7977.86598104,249.74229750,7728.12368354,True
425,1618243200008000000,BINANCE-001,MARGIN,USDT,7977.86598104,249.74229750,7728.12368354,False
426,1618272000003000000,BINANCE-001,MARGIN,USDT,7962.65399267,249.74229750,7712.91169517,True
427,1618272000003000000,BINANCE-001,MARGIN,USDT,7962.65399267,249.74229750,7712.91169517,False
428,1618300800008000000,BINANCE-001,MARGIN,USDT,7946.05430764,249.74229750,7696.31201014,True
429,1618300800008000000,BINANCE-001,MARGIN,USDT,7946.05430764,249.74229750,7696.31201014,False
430,1618329600008000000,BINANCE-001,MARGIN,USDT,7922.55825924,249.74229750,7672.81596174,True
431,1618329600008000000,BINANCE-001,MARGIN,USDT,7922.55825924,249.74229750,7672.81596174,False
432,1618358400008000000,BINANCE-001,MARGIN,USDT,7905.16127541,249.74229750,7655.41897791,True
433,1618358400008000000,BINANCE-001,MARGIN,USDT,7905.16127541,249.74229750,7655.41897791,False
434,1618387200000000000,BINANCE-001,MARGIN,USDT,7884.05594522,249.74229750,7634.31364772,True
435,1618387200000000000,BINANCE-001,MARGIN,USDT,7884.05594522,249.74229750,7634.31364772,False
436,1618416000012000000,BINANCE-001,MARGIN,USDT,7864.07533898,249.74229750,7614.33304148,True
437,1618416000012000000,BINANCE-001,MARGIN,USDT,7864.07533898,249.74229750,7614.33304148,False
438,1618444800006000000,BINANCE-001,MARGIN,USDT,7849.54541005,249.74229750,7599.80311255,True
439,1618444800006000000,BINANCE-001,MARGIN,USDT,7849.54541005,249.74229750,7599.80311255,False
440,1618473600000000000,BINANCE-001,MARGIN,USDT,7833.94757454,249.74229750,7584.20527704,True
441,1618473600000000000,BINANCE-001,MARGIN,USDT,7833.94757454,249.74229750,7584.20527704,False
442,1618502400008000000,BINANCE-001,MARGIN,USDT,7813.02805406,249.74229750,7563.28575656,True
443,1618502400008000000,BINANCE-001,MARGIN,USDT,7813.02805406,249.74229750,7563.28575656,False
444,1618531200008000000,BINANCE-001,MARGIN,USDT,7792.09233919,249.74229750,7542.35004169,True
445,1618531200008000000,BINANCE-001,MARGIN,USDT,7792.09233919,249.74229750,7542.35004169,False
446,1618560000000000000,BINANCE-001,MARGIN,USDT,7769.80313088,249.74229750,7520.06083338,True
447,1618560000000000000,BINANCE-001,MARGIN,USDT,7769.80313088,249.74229750,7520.06083338,False
448,1618588800002000000,BINANCE-001,MARGIN,USDT,7748.30836500,249.74229750,7498.56606750,True
449,1618588800002000000,BINANCE-001,MARGIN,USDT,7748.30836500,249.74229750,7498.56606750,False
450,1618617600008000000,BINANCE-001,MARGIN,USDT,7738.12307169,249.74229750,7488.38077419,True
451,1618617600008000000,BINANCE-001,MARGIN,USDT,7738.12307169,249.74229750,7488.38077419,False
452,1618646400000000000,BINANCE-001,MARGIN,USDT,7727.98682351,249.74229750,7478.24452601,True
453,1618646400000000000,BINANCE-001,MARGIN,USDT,7727.98682351,249.74229750,7478.24452601,False
454,1618675200001000000,BINANCE-001,MARGIN,USDT,7712.02620822,249.74229750,7462.28391072,True
455,1618675200001000000,BINANCE-001,MARGIN,USDT,7712.02620822,249.74229750,7462.28391072,False
456,1618704000006000000,BINANCE-001,MARGIN,USDT,7697.21652228,249.74229750,7447.47422478,True
457,1618704000006000000,BINANCE-001,MARGIN,USDT,7697.21652228,249.74229750,7447.47422478,False
458,1618732800004000000,BINANCE-001,MARGIN,USDT,7687.29842248,249.74229750,7437.55612498,True
459,1618732800004000000,BINANCE-001,MARGIN,USDT,7687.29842248,249.74229750,7437.55612498,False
460,1618761600000000000,BINANCE-001,MARGIN,USDT,7685.62307967,249.74229750,7435.88078217,True
461,1618761600000000000,BINANCE-001,MARGIN,USDT,7685.62307967,249.74229750,7435.88078217,False
462,1618790400000000000,BINANCE-001,MARGIN,USDT,7683.92708848,249.74229750,7434.18479098,True
463,1618790400000000000,BINANCE-001,MARGIN,USDT,7683.92708848,249.74229750,7434.18479098,False
464,1618819200000000000,BINANCE-001,MARGIN,USDT,7682.19588575,249.74229750,7432.45358825,True
465,1618819200000000000,BINANCE-001,MARGIN,USDT,7682.19588575,249.74229750,7432.45358825,False
466,1618848000009000000,BINANCE-001,MARGIN,USDT,7680.54763951,249.74229750,7430.80534201,True
467,1618848000009000000,BINANCE-001,MARGIN,USDT,7680.54763951,249.74229750,7430.80534201,False
468,1618876800004000000,BINANCE-001,MARGIN,USDT,7678.86749754,249.74229750,7429.12520004,True
469,1618876800004000000,BINANCE-001,MARGIN,USDT,7678.86749754,249.74229750,7429.12520004,False
470,1618905600000000000,BINANCE-001,MARGIN,USDT,7677.22465639,249.74229750,7427.48235889,True
471,1618905600000000000,BINANCE-001,MARGIN,USDT,7677.22465639,249.74229750,7427.48235889,False
472,1618934400001000000,BINANCE-001,MARGIN,USDT,7675.55371636,249.74229750,7425.81141886,True
473,1618934400001000000,BINANCE-001,MARGIN,USDT,7675.55371636,249.74229750,7425.81141886,False
474,1618963200013000000,BINANCE-001,MARGIN,USDT,7673.84924032,249.74229750,7424.10694282,True
475,1618963200013000000,BINANCE-001,MARGIN,USDT,7673.84924032,249.74229750,7424.10694282,False
476,1618992000001000000,BINANCE-001,MARGIN,USDT,7672.17951886,249.74229750,7422.43722136,True
477,1618992000001000000,BINANCE-001,MARGIN,USDT,7672.17951886,249.74229750,7422.43722136,False
478,1619020800002000000,BINANCE-001,MARGIN,USDT,7670.48387038,249.74229750,7420.74157288,True
479,1619020800002000000,BINANCE-001,MARGIN,USDT,7670.48387038,249.74229750,7420.74157288,False
480,1619049600000000000,BINANCE-001,MARGIN,USDT,7668.85929059,249.74229750,7419.11699309,True
481,1619049600000000000,BINANCE-001,MARGIN,USDT,7668.85929059,249.74229750,7419.11699309,False
482,1619078400000000000,BINANCE-001,MARGIN,USDT,7667.22413968,249.74229750,7417.48184218,True
483,1619078400000000000,BINANCE-001,MARGIN,USDT,7667.22413968,249.74229750,7417.48184218,False
484,1619107200001000000,BINANCE-001,MARGIN,USDT,7665.57315823,249.74229750,7415.83086073,True
485,1619107200001000000,BINANCE-001,MARGIN,USDT,7665.57315823,249.74229750,7415.83086073,False
486,1619136000002000000,BINANCE-001,MARGIN,USDT,7664.01110370,249.74229750,7414.26880620,True
487,1619136000002000000,BINANCE-001,MARGIN,USDT,7664.01110370,249.74229750,7414.26880620,False
488,1619164800009000000,BINANCE-001,MARGIN,USDT,7657.10039703,249.74229750,7407.35809953,True
489,1619164800009000000,BINANCE-001,MARGIN,USDT,7657.10039703,249.74229750,7407.35809953,False
490,1619193600001000000,BINANCE-001,MARGIN,USDT,7655.59512348,249.74229750,7405.85282598,True
491,1619193600001000000,BINANCE-001,MARGIN,USDT,7655.59512348,249.74229750,7405.85282598,False
492,1619222400019000000,BINANCE-001,MARGIN,USDT,7654.05098631,249.74229750,7404.30868881,True
493,1619222400019000000,BINANCE-001,MARGIN,USDT,7654.05098631,249.74229750,7404.30868881,False
494,1619251200001000000,BINANCE-001,MARGIN,USDT,7649.88457368,249.74229750,7400.14227618,True
495,1619251200001000000,BINANCE-001,MARGIN,USDT,7649.88457368,249.74229750,7400.14227618,False
496,1619280000011000000,BINANCE-001,MARGIN,USDT,7647.34207271,249.74229750,7397.59977521,True
497,1619280000011000000,BINANCE-001,MARGIN,USDT,7647.34207271,249.74229750,7397.59977521,False
498,1619308800000000000,BINANCE-001,MARGIN,USDT,7644.05925904,249.74229750,7394.31696154,True
499,1619308800000000000,BINANCE-001,MARGIN,USDT,7644.05925904,249.74229750,7394.31696154,False
500,1619337600010000000,BINANCE-001,MARGIN,USDT,7638.27395162,249.74229750,7388.53165412,True
501,1619337600010000000,BINANCE-001,MARGIN,USDT,7638.27395162,249.74229750,7388.53165412,False
502,1619366400000000000,BINANCE-001,MARGIN,USDT,7636.75588865,249.74229750,7387.01359115,True
503,1619366400000000000,BINANCE-001,MARGIN,USDT,7636.75588865,249.74229750,7387.01359115,False
504,1619395200003000000,BINANCE-001,MARGIN,USDT,7635.27440225,249.74229750,7385.53210475,True
505,1619395200003000000,BINANCE-001,MARGIN,USDT,7635.27440225,249.74229750,7385.53210475,False
506,1619424000002000000,BINANCE-001,MARGIN,USDT,7633.67936255,249.74229750,7383.93706505,True
507,1619424000002000000,BINANCE-001,MARGIN,USDT,7633.67936255,249.74229750,7383.93706505,False
508,1619452800004000000,BINANCE-001,MARGIN,USDT,7632.06165967,249.74229750,7382.31936217,True
509,1619452800004000000,BINANCE-001,MARGIN,USDT,7632.06165967,249.74229750,7382.31936217,False
510,1619481600000000000,BINANCE-001,MARGIN,USDT,7630.43122118,249.74229750,7380.68892368,True
511,1619481600000000000,BINANCE-001,MARGIN,USDT,7630.43122118,249.74229750,7380.68892368,False
512,1619510400000000000,BINANCE-001,MARGIN,USDT,7628.78408335,249.74229750,7379.04178585,True
513,1619510400000000000,BINANCE-001,MARGIN,USDT,7628.78408335,249.74229750,7379.04178585,False
514,1619539200009000000,BINANCE-001,MARGIN,USDT,7627.12324275,249.74229750,7377.38094525,True
515,1619539200009000000,BINANCE-001,MARGIN,USDT,7627.12324275,249.74229750,7377.38094525,False
516,1619568000000000000,BINANCE-001,MARGIN,USDT,7625.46180655,249.74229750,7375.71950905,True
517,1619568000000000000,BINANCE-001,MARGIN,USDT,7625.46180655,249.74229750,7375.71950905,False
518,1619596800000000000,BINANCE-001,MARGIN,USDT,7623.82247932,249.74229750,7374.08018182,True
519,1619596800000000000,BINANCE-001,MARGIN,USDT,7623.82247932,249.74229750,7374.08018182,False
520,1619625600001000000,BINANCE-001,MARGIN,USDT,7622.18093308,249.74229750,7372.43863558,True
521,1619625600001000000,BINANCE-001,MARGIN,USDT,7622.18093308,249.74229750,7372.43863558,False
522,1619654400004000000,BINANCE-001,MARGIN,USDT,7620.52483454,249.74229750,7370.78253704,True
523,1619654400004000000,BINANCE-001,MARGIN,USDT,7620.52483454,249.74229750,7370.78253704,False
524,1619683200013000000,BINANCE-001,MARGIN,USDT,7618.88043536,249.74229750,7369.13813786,True
525,1619683200013000000,BINANCE-001,MARGIN,USDT,7618.88043536,249.74229750,7369.13813786,False
526,1619712000003000000,BINANCE-001,MARGIN,USDT,7617.25709899,249.74229750,7367.51480149,True
527,1619712000003000000,BINANCE-001,MARGIN,USDT,7617.25709899,249.74229750,7367.51480149,False
528,1619740800004000000,BINANCE-001,MARGIN,USDT,7615.63971292,249.74229750,7365.89741542,True
529,1619740800004000000,BINANCE-001,MARGIN,USDT,7615.63971292,249.74229750,7365.89741542,False
530,1619769600019000000,BINANCE-001,MARGIN,USDT,7613.99822212,249.74229750,7364.25592462,True
531,1619769600019000000,BINANCE-001,MARGIN,USDT,7613.99822212,249.74229750,7364.25592462,False
532,1619798400003000000,BINANCE-001,MARGIN,USDT,7612.27254546,249.74229750,7362.53024796,True
533,1619798400003000000,BINANCE-001,MARGIN,USDT,7612.27254546,249.74229750,7362.53024796,False
534,1619827200002000000,BINANCE-001,MARGIN,USDT,7610.31955121,249.74229750,7360.57725371,True
535,1619827200002000000,BINANCE-001,MARGIN,USDT,7610.31955121,249.74229750,7360.57725371,False
536,1619856000006000000,BINANCE-001,MARGIN,USDT,7608.57566338,249.74229750,7358.83336588,True
537,1619856000006000000,BINANCE-001,MARGIN,USDT,7608.57566338,249.74229750,7358.83336588,False
538,1619884800000000000,BINANCE-001,MARGIN,USDT,7602.94304924,249.74229750,7353.20075174,True
539,1619884800000000000,BINANCE-001,MARGIN,USDT,7602.94304924,249.74229750,7353.20075174,False
540,1619913600010000000,BINANCE-001,MARGIN,USDT,7600.18014078,249.74229750,7350.43784328,True
541,1619913600010000000,BINANCE-001,MARGIN,USDT,7600.18014078,249.74229750,7350.43784328,False
542,1619942400011000000,BINANCE-001,MARGIN,USDT,7592.42820925,249.74229750,7342.68591175,True
543,1619942400011000000,BINANCE-001,MARGIN,USDT,7592.42820925,249.74229750,7342.68591175,False
544,1619971200007000000,BINANCE-001,MARGIN,USDT,7584.68108527,249.74229750,7334.93878777,True
545,1619971200007000000,BINANCE-001,MARGIN,USDT,7584.68108527,249.74229750,7334.93878777,False
546,1620000000003000000,BINANCE-001,MARGIN,USDT,7577.78690733,249.74229750,7328.04460983,True
547,1620000000003000000,BINANCE-001,MARGIN,USDT,7577.78690733,249.74229750,7328.04460983,False
548,1620028800000000000,BINANCE-001,MARGIN,USDT,7571.35603221,249.74229750,7321.61373471,True
549,1620028800000000000,BINANCE-001,MARGIN,USDT,7571.35603221,249.74229750,7321.61373471,False
550,1620057600043000000,BINANCE-001,MARGIN,USDT,7559.63413845,249.74229750,7309.89184095,True
551,1620057600043000000,BINANCE-001,MARGIN,USDT,7559.63413845,249.74229750,7309.89184095,False
552,1620086400004000000,BINANCE-001,MARGIN,USDT,7550.83253500,249.74229750,7301.09023750,True
553,1620086400004000000,BINANCE-001,MARGIN,USDT,7550.83253500,249.74229750,7301.09023750,False
554,1620115200003000000,BINANCE-001,MARGIN,USDT,7548.77361751,249.74229750,7299.03132001,True
555,1620115200003000000,BINANCE-001,MARGIN,USDT,7548.77361751,249.74229750,7299.03132001,False
556,1620144000011000000,BINANCE-001,MARGIN,USDT,7537.96880948,249.74229750,7288.22651198,True
557,1620144000011000000,BINANCE-001,MARGIN,USDT,7537.96880948,249.74229750,7288.22651198,False
558,1620172800001000000,BINANCE-001,MARGIN,USDT,7530.77905456,249.74229750,7281.03675706,True
559,1620172800001000000,BINANCE-001,MARGIN,USDT,7530.77905456,249.74229750,7281.03675706,False
560,1620201600007000000,BINANCE-001,MARGIN,USDT,7523.74248826,249.74229750,7274.00019076,True
561,1620201600007000000,BINANCE-001,MARGIN,USDT,7523.74248826,249.74229750,7274.00019076,False
562,1620230400001000000,BINANCE-001,MARGIN,USDT,7521.70194577,249.74229750,7271.95964827,True
563,1620230400001000000,BINANCE-001,MARGIN,USDT,7521.70194577,249.74229750,7271.95964827,False
564,1620259200003000000,BINANCE-001,MARGIN,USDT,7508.48554084,249.74229750,7258.74324334,True
565,1620259200003000000,BINANCE-001,MARGIN,USDT,7508.48554084,249.74229750,7258.74324334,False
566,1620288000001000000,BINANCE-001,MARGIN,USDT,7498.18697282,249.74229750,7248.44467532,True
567,1620288000001000000,BINANCE-001,MARGIN,USDT,7498.18697282,249.74229750,7248.44467532,False
568,1620316800000000000,BINANCE-001,MARGIN,USDT,7482.04000138,249.74229750,7232.29770388,True
569,1620316800000000000,BINANCE-001,MARGIN,USDT,7482.04000138,249.74229750,7232.29770388,False
570,1620345600000000000,BINANCE-001,MARGIN,USDT,7474.43028369,249.74229750,7224.68798619,True
571,1620345600000000000,BINANCE-001,MARGIN,USDT,7474.43028369,249.74229750,7224.68798619,False
572,1620374400000000000,BINANCE-001,MARGIN,USDT,7465.43926535,249.74229750,7215.69696785,True
573,1620374400000000000,BINANCE-001,MARGIN,USDT,7465.43926535,249.74229750,7215.69696785,False
574,1620403200001000000,BINANCE-001,MARGIN,USDT,7462.45991000,249.74229750,7212.71761250,True
575,1620403200001000000,BINANCE-001,MARGIN,USDT,7462.45991000,249.74229750,7212.71761250,False
576,1620432000006000000,BINANCE-001,MARGIN,USDT,7452.17720232,249.74229750,7202.43490482,True
577,1620432000006000000,BINANCE-001,MARGIN,USDT,7452.17720232,249.74229750,7202.43490482,False
578,1620460800000000000,BINANCE-001,MARGIN,USDT,7444.00197468,249.74229750,7194.25967718,True
579,1620460800000000000,BINANCE-001,MARGIN,USDT,7444.00197468,249.74229750,7194.25967718,False
580,1620489600000000000,BINANCE-001,MARGIN,USDT,7435.92207904,249.74229750,7186.17978154,True
581,1620489600000000000,BINANCE-001,MARGIN,USDT,7435.92207904,249.74229750,7186.17978154,False
582,1620518400005000000,BINANCE-001,MARGIN,USDT,7427.21325972,249.74229750,7177.47096222,True
583,1620518400005000000,BINANCE-001,MARGIN,USDT,7427.21325972,249.74229750,7177.47096222,False
584,1620547200016000000,BINANCE-001,MARGIN,USDT,7419.53370717,249.74229750,7169.79140967,True
585,1620547200016000000,BINANCE-001,MARGIN,USDT,7419.53370717,249.74229750,7169.79140967,False
586,1620576000000000000,BINANCE-001,MARGIN,USDT,7408.45153578,249.74229750,7158.70923828,True
587,1620576000000000000,BINANCE-001,MARGIN,USDT,7408.45153578,249.74229750,7158.70923828,False
588,1620604800004000000,BINANCE-001,MARGIN,USDT,7402.55111744,249.74229750,7152.80881994,True
589,1620604800004000000,BINANCE-001,MARGIN,USDT,7402.55111744,249.74229750,7152.80881994,False
590,1620633600000000000,BINANCE-001,MARGIN,USDT,7386.61531281,249.74229750,7136.87301531,True
591,1620633600000000000,BINANCE-001,MARGIN,USDT,7386.61531281,249.74229750,7136.87301531,False
592,1620662400013000000,BINANCE-001,MARGIN,USDT,7369.23004756,249.74229750,7119.48775006,True
593,1620662400013000000,BINANCE-001,MARGIN,USDT,7369.23004756,249.74229750,7119.48775006,False
594,1620691200000000000,BINANCE-001,MARGIN,USDT,7362.55510101,249.74229750,7112.81280351,True
595,1620691200000000000,BINANCE-001,MARGIN,USDT,7362.55510101,249.74229750,7112.81280351,False
596,1620720000000000000,BINANCE-001,MARGIN,USDT,7353.98295215,249.74229750,7104.24065465,True
597,1620720000000000000,BINANCE-001,MARGIN,USDT,7353.98295215,249.74229750,7104.24065465,False
598,1620748800002000000,BINANCE-001,MARGIN,USDT,7349.64271445,249.74229750,7099.90041695,True
599,1620748800002000000,BINANCE-001,MARGIN,USDT,7349.64271445,249.74229750,7099.90041695,False
600,1620777600004000000,BINANCE-001,MARGIN,USDT,7346.78937360,249.74229750,7097.04707610,True
601,1620777600004000000,BINANCE-001,MARGIN,USDT,7346.78937360,249.74229750,7097.04707610,False
602,1620806400007000000,BINANCE-001,MARGIN,USDT,7340.96560206,249.74229750,7091.22330456,True
603,1620806400007000000,BINANCE-001,MARGIN,USDT,7340.96560206,249.74229750,7091.22330456,False
604,1620835200012000000,BINANCE-001,MARGIN,USDT,7334.29919366,249.74229750,7084.55689616,True
605,1620835200012000000,BINANCE-001,MARGIN,USDT,7334.29919366,249.74229750,7084.55689616,False
606,1620864000016000000,BINANCE-001,MARGIN,USDT,7332.55352438,249.74229750,7082.81122688,True
607,1620864000016000000,BINANCE-001,MARGIN,USDT,7332.55352438,249.74229750,7082.81122688,False
608,1620892800000000000,BINANCE-001,MARGIN,USDT,7331.01645365,249.74229750,7081.27415615,True
609,1620892800000000000,BINANCE-001,MARGIN,USDT,7331.01645365,249.74229750,7081.27415615,False
610,1620921600008000000,BINANCE-001,MARGIN,USDT,7327.58487241,249.74229750,7077.84257491,True
611,1620921600008000000,BINANCE-001,MARGIN,USDT,7327.58487241,249.74229750,7077.84257491,False
612,1620950400007000000,BINANCE-001,MARGIN,USDT,7321.57405301,249.74229750,7071.83175551,True
613,1620950400007000000,BINANCE-001,MARGIN,USDT,7321.57405301,249.74229750,7071.83175551,False
614,1620979200001000000,BINANCE-001,MARGIN,USDT,7316.25119430,249.74229750,7066.50889680,True
615,1620979200001000000,BINANCE-001,MARGIN,USDT,7316.25119430,249.74229750,7066.50889680,False
616,1621008000004000000,BINANCE-001,MARGIN,USDT,7313.91918335,249.74229750,7064.17688585,True
617,1621008000004000000,BINANCE-001,MARGIN,USDT,7313.91918335,249.74229750,7064.17688585,False
618,1621036800022000000,BINANCE-001,MARGIN,USDT,7312.41331599,249.74229750,7062.67101849,True
619,1621036800022000000,BINANCE-001,MARGIN,USDT,7312.41331599,249.74229750,7062.67101849,False
620,1621065600014000000,BINANCE-001,MARGIN,USDT,7310.93074753,249.74229750,7061.18845003,True
621,1621065600014000000,BINANCE-001,MARGIN,USDT,7310.93074753,249.74229750,7061.18845003,False
622,1621094400002000000,BINANCE-001,MARGIN,USDT,7307.94811061,249.74229750,7058.20581311,True
623,1621094400002000000,BINANCE-001,MARGIN,USDT,7307.94811061,249.74229750,7058.20581311,False
624,1621123200000000000,BINANCE-001,MARGIN,USDT,7302.26133243,249.74229750,7052.51903493,True
625,1621123200000000000,BINANCE-001,MARGIN,USDT,7302.26133243,249.74229750,7052.51903493,False
626,1621152000003000000,BINANCE-001,MARGIN,USDT,7299.77325229,249.74229750,7050.03095479,True
627,1621152000003000000,BINANCE-001,MARGIN,USDT,7299.77325229,249.74229750,7050.03095479,False
628,1621180800002000000,BINANCE-001,MARGIN,USDT,7294.54814251,249.74229750,7044.80584501,True
629,1621180800002000000,BINANCE-001,MARGIN,USDT,7294.54814251,249.74229750,7044.80584501,False
630,1621209600005000000,BINANCE-001,MARGIN,USDT,7293.14584859,249.74229750,7043.40355109,True
631,1621209600005000000,BINANCE-001,MARGIN,USDT,7293.14584859,249.74229750,7043.40355109,False
632,1621238400001000000,BINANCE-001,MARGIN,USDT,7284.41915639,249.74229750,7034.67685889,True
633,1621238400001000000,BINANCE-001,MARGIN,USDT,7284.41915639,249.74229750,7034.67685889,False
634,1621267200000000000,BINANCE-001,MARGIN,USDT,7276.64753340,249.74229750,7026.90523590,True
635,1621267200000000000,BINANCE-001,MARGIN,USDT,7276.64753340,249.74229750,7026.90523590,False
636,1621296000019000000,BINANCE-001,MARGIN,USDT,7269.45975875,249.74229750,7019.71746125,True
637,1621296000019000000,BINANCE-001,MARGIN,USDT,7269.45975875,249.74229750,7019.71746125,False
638,1621324800001000000,BINANCE-001,MARGIN,USDT,7267.45199832,249.74229750,7017.70970082,True
639,1621324800001000000,BINANCE-001,MARGIN,USDT,7267.45199832,249.74229750,7017.70970082,False
640,1621353600006000000,BINANCE-001,MARGIN,USDT,7264.61929979,249.74229750,7014.87700229,True
641,1621353600006000000,BINANCE-001,MARGIN,USDT,7264.61929979,249.74229750,7014.87700229,False
642,1621382400000000000,BINANCE-001,MARGIN,USDT,7263.32470079,249.74229750,7013.58240329,True
643,1621382400000000000,BINANCE-001,MARGIN,USDT,7263.32470079,249.74229750,7013.58240329,False
644,1621411200003000000,BINANCE-001,MARGIN,USDT,7258.95506281,249.74229750,7009.21276531,True
645,1621411200003000000,BINANCE-001,MARGIN,USDT,7258.95506281,249.74229750,7009.21276531,False
646,1621440000018000000,BINANCE-001,MARGIN,USDT,7269.06132289,249.74229750,7019.31902539,True
647,1621440000018000000,BINANCE-001,MARGIN,USDT,7269.06132289,249.74229750,7019.31902539,False
648,1621468800005000000,BINANCE-001,MARGIN,USDT,7267.95438985,249.74229750,7018.21209235,True
649,1621468800005000000,BINANCE-001,MARGIN,USDT,7267.95438985,249.74229750,7018.21209235,False
650,1621497600000000000,BINANCE-001,MARGIN,USDT,7266.74761355,249.74229750,7017.00531605,True
651,1621497600000000000,BINANCE-001,MARGIN,USDT,7266.74761355,249.74229750,7017.00531605,False
652,1621526400005000000,BINANCE-001,MARGIN,USDT,7265.49699986,249.74229750,7015.75470236,True
653,1621526400005000000,BINANCE-001,MARGIN,USDT,7265.49699986,249.74229750,7015.75470236,False
654,1621555200000000000,BINANCE-001,MARGIN,USDT,7264.27357791,249.74229750,7014.53128041,True
655,1621555200000000000,BINANCE-001,MARGIN,USDT,7264.27357791,249.74229750,7014.53128041,False
656,1621584000000000000,BINANCE-001,MARGIN,USDT,7264.39395454,249.74229750,7014.65165704,True
657,1621584000000000000,BINANCE-001,MARGIN,USDT,7264.39395454,249.74229750,7014.65165704,False
658,1621612800001000000,BINANCE-001,MARGIN,USDT,7263.55542843,249.74229750,7013.81313093,True
659,1621612800001000000,BINANCE-001,MARGIN,USDT,7263.55542843,249.74229750,7013.81313093,False
660,1621641600001000000,BINANCE-001,MARGIN,USDT,7266.30459480,249.74229750,7016.56229730,True
661,1621641600001000000,BINANCE-001,MARGIN,USDT,7266.30459480,249.74229750,7016.56229730,False
662,1621670400002000000,BINANCE-001,MARGIN,USDT,7265.20925908,249.74229750,7015.46696158,True
663,1621670400002000000,BINANCE-001,MARGIN,USDT,7265.20925908,249.74229750,7015.46696158,False
664,1621699200005000000,BINANCE-001,MARGIN,USDT,7264.05749143,249.74229750,7014.31519393,True
665,1621699200005000000,BINANCE-001,MARGIN,USDT,7264.05749143,249.74229750,7014.31519393,False
666,1621728000006000000,BINANCE-001,MARGIN,USDT,7264.62395948,249.74229750,7014.88166198,True
667,1621728000006000000,BINANCE-001,MARGIN,USDT,7264.62395948,249.74229750,7014.88166198,False
668,1621756800004000000,BINANCE-001,MARGIN,USDT,7264.73874951,249.74229750,7014.99645201,True
669,1621756800004000000,BINANCE-001,MARGIN,USDT,7264.73874951,249.74229750,7014.99645201,False
670,1621785600002000000,BINANCE-001,MARGIN,USDT,7264.26630030,249.74229750,7014.52400280,True
671,1621785600002000000,BINANCE-001,MARGIN,USDT,7264.26630030,249.74229750,7014.52400280,False
672,1621814400007000000,BINANCE-001,MARGIN,USDT,7265.15822987,249.74229750,7015.41593237,True
673,1621814400007000000,BINANCE-001,MARGIN,USDT,7265.15822987,249.74229750,7015.41593237,False
674,1621843200005000000,BINANCE-001,MARGIN,USDT,7266.25338485,249.74229750,7016.51108735,True
675,1621843200005000000,BINANCE-001,MARGIN,USDT,7266.25338485,249.74229750,7016.51108735,False
676,1621872000005000000,BINANCE-001,MARGIN,USDT,7266.01662857,249.74229750,7016.27433107,True
677,1621872000005000000,BINANCE-001,MARGIN,USDT,7266.01662857,249.74229750,7016.27433107,False
678,1621900800000000000,BINANCE-001,MARGIN,USDT,7264.84554082,249.74229750,7015.10324332,True
679,1621900800000000000,BINANCE-001,MARGIN,USDT,7264.84554082,249.74229750,7015.10324332,False
680,1621929600014000000,BINANCE-001,MARGIN,USDT,7263.66826281,249.74229750,7013.92596531,True
681,1621929600014000000,BINANCE-001,MARGIN,USDT,7263.66826281,249.74229750,7013.92596531,False
682,1621958400000000000,BINANCE-001,MARGIN,USDT,7262.51259335,249.74229750,7012.77029585,True
683,1621958400000000000,BINANCE-001,MARGIN,USDT,7262.51259335,249.74229750,7012.77029585,False
684,1621987200022000000,BINANCE-001,MARGIN,USDT,7261.35461729,249.74229750,7011.61231979,True
685,1621987200022000000,BINANCE-001,MARGIN,USDT,7261.35461729,249.74229750,7011.61231979,False
686,1622016000018000000,BINANCE-001,MARGIN,USDT,7260.13281054,249.74229750,7010.39051304,True
687,1622016000018000000,BINANCE-001,MARGIN,USDT,7260.13281054,249.74229750,7010.39051304,False
688,1622044800004000000,BINANCE-001,MARGIN,USDT,7258.96150898,249.74229750,7009.21921148,True
689,1622044800004000000,BINANCE-001,MARGIN,USDT,7258.96150898,249.74229750,7009.21921148,False
690,1622073600000000000,BINANCE-001,MARGIN,USDT,7257.77677687,249.74229750,7008.03447937,True
691,1622073600000000000,BINANCE-001,MARGIN,USDT,7257.77677687,249.74229750,7008.03447937,False
692,1622102400017000000,BINANCE-001,MARGIN,USDT,7256.62113008,249.74229750,7006.87883258,True
693,1622102400017000000,BINANCE-001,MARGIN,USDT,7256.62113008,249.74229750,7006.87883258,False
694,1622131200000000000,BINANCE-001,MARGIN,USDT,7255.42275301,249.74229750,7005.68045551,True
695,1622131200000000000,BINANCE-001,MARGIN,USDT,7255.42275301,249.74229750,7005.68045551,False
696,1622160000005000000,BINANCE-001,MARGIN,USDT,7254.26031727,249.74229750,7004.51801977,True
697,1622160000005000000,BINANCE-001,MARGIN,USDT,7254.26031727,249.74229750,7004.51801977,False
698,1622188800009000000,BINANCE-001,MARGIN,USDT,7253.14363473,249.74229750,7003.40133723,True
699,1622188800009000000,BINANCE-001,MARGIN,USDT,7253.14363473,249.74229750,7003.40133723,False
700,1622217600000000000,BINANCE-001,MARGIN,USDT,7252.03402751,249.74229750,7002.29173001,True
701,1622217600000000000,BINANCE-001,MARGIN,USDT,7252.03402751,249.74229750,7002.29173001,False
702,1622246400006000000,BINANCE-001,MARGIN,USDT,7250.95693092,249.74229750,7001.21463342,True
703,1622246400006000000,BINANCE-001,MARGIN,USDT,7250.95693092,249.74229750,7001.21463342,False
704,1622275200000000000,BINANCE-001,MARGIN,USDT,7249.86396604,249.74229750,7000.12166854,True
705,1622275200000000000,BINANCE-001,MARGIN,USDT,7249.86396604,249.74229750,7000.12166854,False
706,1622304000000000000,BINANCE-001,MARGIN,USDT,7248.78515673,249.74229750,6999.04285923,True
707,1622304000000000000,BINANCE-001,MARGIN,USDT,7248.78515673,249.74229750,6999.04285923,False
708,1622332800003000000,BINANCE-001,MARGIN,USDT,7247.74053831,249.74229750,6997.99824081,True
709,1622332800003000000,BINANCE-001,MARGIN,USDT,7247.74053831,249.74229750,6997.99824081,False
710,1622361600004000000,BINANCE-001,MARGIN,USDT,7246.65360014,249.74229750,6996.91130264,True
711,1622361600004000000,BINANCE-001,MARGIN,USDT,7246.65360014,249.74229750,6996.91130264,False
712,1622390400018000000,BINANCE-001,MARGIN,USDT,7245.58171547,249.74229750,6995.83941797,True
713,1622390400018000000,BINANCE-001,MARGIN,USDT,7245.58171547,249.74229750,6995.83941797,False
714,1622419200002000000,BINANCE-001,MARGIN,USDT,7244.50503111,249.74229750,6994.76273361,True
715,1622419200002000000,BINANCE-001,MARGIN,USDT,7244.50503111,249.74229750,6994.76273361,False
716,1622448000000000000,BINANCE-001,MARGIN,USDT,7243.42276837,249.74229750,6993.68047087,True
717,1622448000000000000,BINANCE-001,MARGIN,USDT,7243.42276837,249.74229750,6993.68047087,False
718,1622476800000000000,BINANCE-001,MARGIN,USDT,7242.30670775,249.74229750,6992.56441025,True
719,1622476800000000000,BINANCE-001,MARGIN,USDT,7242.30670775,249.74229750,6992.56441025,False
720,1622505600001000000,BINANCE-001,MARGIN,USDT,7241.18199880,249.74229750,6991.43970130,True
721,1622505600001000000,BINANCE-001,MARGIN,USDT,7241.18199880,249.74229750,6991.43970130,False
722,1622534400010000000,BINANCE-001,MARGIN,USDT,7240.06999704,249.74229750,6990.32769954,True
723,1622534400010000000,BINANCE-001,MARGIN,USDT,7240.06999704,249.74229750,6990.32769954,False
724,1622563200010000000,BINANCE-001,MARGIN,USDT,7238.97605506,249.74229750,6989.23375756,True
725,1622563200010000000,BINANCE-001,MARGIN,USDT,7238.97605506,249.74229750,6989.23375756,False
726,1622592000008000000,BINANCE-001,MARGIN,USDT,7237.86796848,249.74229750,6988.12567098,True
727,1622592000008000000,BINANCE-001,MARGIN,USDT,7237.86796848,249.74229750,6988.12567098,False
728,1622620800000000000,BINANCE-001,MARGIN,USDT,7236.74394532,249.74229750,6987.00164782,True
729,1622620800000000000,BINANCE-001,MARGIN,USDT,7236.74394532,249.74229750,6987.00164782,False
730,1622649600007000000,BINANCE-001,MARGIN,USDT,7235.59532767,249.74229750,6985.85303017,True
731,1622649600007000000,BINANCE-001,MARGIN,USDT,7235.59532767,249.74229750,6985.85303017,False
732,1622678400019000000,BINANCE-001,MARGIN,USDT,7234.46079275,249.74229750,6984.71849525,True
733,1622678400019000000,BINANCE-001,MARGIN,USDT,7234.46079275,249.74229750,6984.71849525,False
734,1622707200002000000,BINANCE-001,MARGIN,USDT,7233.29404384,249.74229750,6983.55174634,True
735,1622707200002000000,BINANCE-001,MARGIN,USDT,7233.29404384,249.74229750,6983.55174634,False
736,1622736000003000000,BINANCE-001,MARGIN,USDT,7232.12969069,249.74229750,6982.38739319,True
737,1622736000003000000,BINANCE-001,MARGIN,USDT,7232.12969069,249.74229750,6982.38739319,False
738,1622764800003000000,BINANCE-001,MARGIN,USDT,7230.94463265,249.74229750,6981.20233515,True
739,1622764800003000000,BINANCE-001,MARGIN,USDT,7230.94463265,249.74229750,6981.20233515,False
740,1622793600006000000,BINANCE-001,MARGIN,USDT,7228.66988564,249.74229750,6978.92758814,True
741,1622793600006000000,BINANCE-001,MARGIN,USDT,7228.66988564,249.74229750,6978.92758814,False
742,1622822400002000000,BINANCE-001,MARGIN,USDT,7227.55404915,249.74229750,6977.81175165,True
743,1622822400002000000,BINANCE-001,MARGIN,USDT,7227.55404915,249.74229750,6977.81175165,False
744,1622851200000000000,BINANCE-001,MARGIN,USDT,7226.44143305,249.74229750,6976.69913555,True
745,1622851200000000000,BINANCE-001,MARGIN,USDT,7226.44143305,249.74229750,6976.69913555,False
746,1622880000004000000,BINANCE-001,MARGIN,USDT,7225.30652908,249.74229750,6975.56423158,True
747,1622880000004000000,BINANCE-001,MARGIN,USDT,7225.30652908,249.74229750,6975.56423158,False
748,1622908800020000000,BINANCE-001,MARGIN,USDT,7224.21023118,249.74229750,6974.46793368,True
749,1622908800020000000,BINANCE-001,MARGIN,USDT,7224.21023118,249.74229750,6974.46793368,False
750,1622937600000000000,BINANCE-001,MARGIN,USDT,7223.13799056,249.74229750,6973.39569306,True
751,1622937600000000000,BINANCE-001,MARGIN,USDT,7223.13799056,249.74229750,6973.39569306,False
752,1622966400004000000,BINANCE-001,MARGIN,USDT,7222.04685799,249.74229750,6972.30456049,True
753,1622966400004000000,BINANCE-001,MARGIN,USDT,7222.04685799,249.74229750,6972.30456049,False
754,1622995200000000000,BINANCE-001,MARGIN,USDT,7220.95452399,249.74229750,6971.21222649,True
755,1622995200000000000,BINANCE-001,MARGIN,USDT,7220.95452399,249.74229750,6971.21222649,False
756,1623024000007000000,BINANCE-001,MARGIN,USDT,7219.87328577,249.74229750,6970.13098827,True
757,1623024000007000000,BINANCE-001,MARGIN,USDT,7219.87328577,249.74229750,6970.13098827,False
758,1623052800007000000,BINANCE-001,MARGIN,USDT,7218.78158325,249.74229750,6969.03928575,True
759,1623052800007000000,BINANCE-001,MARGIN,USDT,7218.78158325,249.74229750,6969.03928575,False
760,1623081600003000000,BINANCE-001,MARGIN,USDT,7217.69322115,249.74229750,6967.95092365,True
761,1623081600003000000,BINANCE-001,MARGIN,USDT,7217.69322115,249.74229750,6967.95092365,False
762,1623110400000000000,BINANCE-001,MARGIN,USDT,7216.67950217,249.74229750,6966.93720467,True
763,1623110400000000000,BINANCE-001,MARGIN,USDT,7216.67950217,249.74229750,6966.93720467,False
764,1623139200000000000,BINANCE-001,MARGIN,USDT,7216.57853415,249.74229750,6966.83623665,True
765,1623139200000000000,BINANCE-001,MARGIN,USDT,7216.57853415,249.74229750,6966.83623665,False
766,1623168000002000000,BINANCE-001,MARGIN,USDT,7215.62128164,249.74229750,6965.87898414,True
767,1623168000002000000,BINANCE-001,MARGIN,USDT,7215.62128164,249.74229750,6965.87898414,False
768,1623196800009000000,BINANCE-001,MARGIN,USDT,7214.61329171,249.74229750,6964.87099421,True
769,1623196800009000000,BINANCE-001,MARGIN,USDT,7214.61329171,249.74229750,6964.87099421,False
770,1623225600002000000,BINANCE-001,MARGIN,USDT,7215.16967326,249.74229750,6965.42737576,True
771,1623225600002000000,BINANCE-001,MARGIN,USDT,7215.16967326,249.74229750,6965.42737576,False
772,1623254400000000000,BINANCE-001,MARGIN,USDT,7216.79847251,249.74229750,6967.05617501,True
773,1623254400000000000,BINANCE-001,MARGIN,USDT,7216.79847251,249.74229750,6967.05617501,False
774,1623283200007000000,BINANCE-001,MARGIN,USDT,7218.69290176,249.74229750,6968.95060426,True
775,1623283200007000000,BINANCE-001,MARGIN,USDT,7218.69290176,249.74229750,6968.95060426,False
776,1623312000003000000,BINANCE-001,MARGIN,USDT,7218.02045915,249.74229750,6968.27816165,True
777,1623312000003000000,BINANCE-001,MARGIN,USDT,7218.02045915,249.74229750,6968.27816165,False
778,1623340800000000000,BINANCE-001,MARGIN,USDT,7216.90610156,249.74229750,6967.16380406,True
779,1623340800000000000,BINANCE-001,MARGIN,USDT,7216.90610156,249.74229750,6967.16380406,False
780,1623369600010000000,BINANCE-001,MARGIN,USDT,7215.79884876,249.74229750,6966.05655126,True
781,1623369600010000000,BINANCE-001,MARGIN,USDT,7215.79884876,249.74229750,6966.05655126,False
782,1623398400007000000,BINANCE-001,MARGIN,USDT,7215.50582487,249.74229750,6965.76352737,True
783,1623398400007000000,BINANCE-001,MARGIN,USDT,7215.50582487,249.74229750,6965.76352737,False
784,1623427200006000000,BINANCE-001,MARGIN,USDT,7214.97470339,249.74229750,6965.23240589,True
785,1623427200006000000,BINANCE-001,MARGIN,USDT,7214.97470339,249.74229750,6965.23240589,False
786,1623456000005000000,BINANCE-001,MARGIN,USDT,7215.85134537,249.74229750,6966.10904787,True
787,1623456000005000000,BINANCE-001,MARGIN,USDT,7215.85134537,249.74229750,6966.10904787,False
788,1623484800000000000,BINANCE-001,MARGIN,USDT,7214.78598601,249.74229750,6965.04368851,True
789,1623484800000000000,BINANCE-001,MARGIN,USDT,7214.78598601,249.74229750,6965.04368851,False
790,1623513600018000000,BINANCE-001,MARGIN,USDT,7214.87297796,249.74229750,6965.13068046,True
791,1623513600018000000,BINANCE-001,MARGIN,USDT,7214.87297796,249.74229750,6965.13068046,False
792,1623542400002000000,BINANCE-001,MARGIN,USDT,7213.83852194,249.74229750,6964.09622444,True
793,1623542400002000000,BINANCE-001,MARGIN,USDT,7213.83852194,249.74229750,6964.09622444,False
794,1623571200000000000,BINANCE-001,MARGIN,USDT,7213.53474218,249.74229750,6963.79244468,True
795,1623571200000000000,BINANCE-001,MARGIN,USDT,7213.53474218,249.74229750,6963.79244468,False
796,1623600000003000000,BINANCE-001,MARGIN,USDT,7214.24798932,249.74229750,6964.50569182,True
797,1623600000003000000,BINANCE-001,MARGIN,USDT,7214.24798932,249.74229750,6964.50569182,False
798,1623628800000000000,BINANCE-001,MARGIN,USDT,7213.07010277,249.74229750,6963.32780527,True
799,1623628800000000000,BINANCE-001,MARGIN,USDT,7213.07010277,249.74229750,6963.32780527,False
800,1623657600015000000,BINANCE-001,MARGIN,USDT,7211.87629888,249.74229750,6962.13400138,True
801,1623657600015000000,BINANCE-001,MARGIN,USDT,7211.87629888,249.74229750,6962.13400138,False
802,1623686400000000000,BINANCE-001,MARGIN,USDT,7212.26252496,249.74229750,6962.52022746,True
803,1623686400000000000,BINANCE-001,MARGIN,USDT,7212.26252496,249.74229750,6962.52022746,False
804,1623715200000000000,BINANCE-001,MARGIN,USDT,7211.28401000,249.74229750,6961.54171250,True
805,1623715200000000000,BINANCE-001,MARGIN,USDT,7211.28401000,249.74229750,6961.54171250,False
806,1623744000000000000,BINANCE-001,MARGIN,USDT,7210.06535497,249.74229750,6960.32305747,True
807,1623744000000000000,BINANCE-001,MARGIN,USDT,7210.06535497,249.74229750,6960.32305747,False
808,1623772800004000000,BINANCE-001,MARGIN,USDT,7208.85525562,249.74229750,6959.11295812,True
809,1623772800004000000,BINANCE-001,MARGIN,USDT,7208.85525562,249.74229750,6959.11295812,False
810,1623801600004000000,BINANCE-001,MARGIN,USDT,7207.64300799,249.74229750,6957.90071049,True
811,1623801600004000000,BINANCE-001,MARGIN,USDT,7207.64300799,249.74229750,6957.90071049,False
812,1623830400001000000,BINANCE-001,MARGIN,USDT,7206.43122181,249.74229750,6956.68892431,True
813,1623830400001000000,BINANCE-001,MARGIN,USDT,7206.43122181,249.74229750,6956.68892431,False
814,1623859200000000000,BINANCE-001,MARGIN,USDT,7205.26009508,249.74229750,6955.51779758,True
815,1623859200000000000,BINANCE-001,MARGIN,USDT,7205.26009508,249.74229750,6955.51779758,False
816,1623888000004000000,BINANCE-001,MARGIN,USDT,7204.10196457,249.74229750,6954.35966707,True
817,1623888000004000000,BINANCE-001,MARGIN,USDT,7204.10196457,249.74229750,6954.35966707,False
818,1623916800000000000,BINANCE-001,MARGIN,USDT,7202.91771785,249.74229750,6953.17542035,True
819,1623916800000000000,BINANCE-001,MARGIN,USDT,7202.91771785,249.74229750,6953.17542035,False
820,1623945600002000000,BINANCE-001,MARGIN,USDT,7201.73981275,249.74229750,6951.99751525,True
821,1623945600002000000,BINANCE-001,MARGIN,USDT,7201.73981275,249.74229750,6951.99751525,False
822,1623974400009000000,BINANCE-001,MARGIN,USDT,7201.12583138,249.74229750,6951.38353388,True
823,1623974400009000000,BINANCE-001,MARGIN,USDT,7201.12583138,249.74229750,6951.38353388,False
824,1624003200014000000,BINANCE-001,MARGIN,USDT,7201.08656361,249.74229750,6951.34426611,True
825,1624003200014000000,BINANCE-001,MARGIN,USDT,7201.08656361,249.74229750,6951.34426611,False
826,1624032000007000000,BINANCE-001,MARGIN,USDT,7199.98862238,249.74229750,6950.24632488,True
827,1624032000007000000,BINANCE-001,MARGIN,USDT,7199.98862238,249.74229750,6950.24632488,False
828,1624060800003000000,BINANCE-001,MARGIN,USDT,7200.55139445,249.74229750,6950.80909695,True
829,1624060800003000000,BINANCE-001,MARGIN,USDT,7200.55139445,249.74229750,6950.80909695,False
830,1624089600001000000,BINANCE-001,MARGIN,USDT,7201.57130074,249.74229750,6951.82900324,True
831,1624089600001000000,BINANCE-001,MARGIN,USDT,7201.57130074,249.74229750,6951.82900324,False
832,1624118400000000000,BINANCE-001,MARGIN,USDT,7200.75625609,249.74229750,6951.01395859,True
833,1624118400000000000,BINANCE-001,MARGIN,USDT,7200.75625609,249.74229750,6951.01395859,False
834,1624147200005000000,BINANCE-001,MARGIN,USDT,7199.68449977,249.74229750,6949.94220227,True
835,1624147200005000000,BINANCE-001,MARGIN,USDT,7199.68449977,249.74229750,6949.94220227,False
836,1624176000000000000,BINANCE-001,MARGIN,USDT,7198.60892006,249.74229750,6948.86662256,True
837,1624176000000000000,BINANCE-001,MARGIN,USDT,7198.60892006,249.74229750,6948.86662256,False
838,1624204800002000000,BINANCE-001,MARGIN,USDT,7200.52404549,249.74229750,6950.78174799,True
839,1624204800002000000,BINANCE-001,MARGIN,USDT,7200.52404549,249.74229750,6950.78174799,False
840,1624233600019000000,BINANCE-001,MARGIN,USDT,7200.69783013,249.74229750,6950.95553263,True
841,1624233600019000000,BINANCE-001,MARGIN,USDT,7200.69783013,249.74229750,6950.95553263,False
842,1624262400000000000,BINANCE-001,MARGIN,USDT,7199.70167316,249.74229750,6949.95937566,True
843,1624262400000000000,BINANCE-001,MARGIN,USDT,7199.70167316,249.74229750,6949.95937566,False
844,1624291200024000000,BINANCE-001,MARGIN,USDT,7201.66009079,249.74229750,6951.91779329,True
845,1624291200024000000,BINANCE-001,MARGIN,USDT,7201.66009079,249.74229750,6951.91779329,False
846,1624320000008000000,BINANCE-001,MARGIN,USDT,7200.90118074,249.74229750,6951.15888324,True
847,1624320000008000000,BINANCE-001,MARGIN,USDT,7200.90118074,249.74229750,6951.15888324,False
848,1624348800009000000,BINANCE-001,MARGIN,USDT,7199.91579244,249.74229750,6950.17349494,True
849,1624348800009000000,BINANCE-001,MARGIN,USDT,7199.91579244,249.74229750,6950.17349494,False
850,1624377600001000000,BINANCE-001,MARGIN,USDT,7203.04999909,249.74229750,6953.30770159,True
851,1624377600001000000,BINANCE-001,MARGIN,USDT,7203.04999909,249.74229750,6953.30770159,False
852,1624406400003000000,BINANCE-001,MARGIN,USDT,7203.04342498,249.74229750,6953.30112748,True
853,1624406400003000000,BINANCE-001,MARGIN,USDT,7203.04342498,249.74229750,6953.30112748,False
854,1624435200000000000,BINANCE-001,MARGIN,USDT,7204.44760228,249.74229750,6954.70530478,True
855,1624435200000000000,BINANCE-001,MARGIN,USDT,7204.44760228,249.74229750,6954.70530478,False
856,1624464000000000000,BINANCE-001,MARGIN,USDT,7206.45945541,249.74229750,6956.71715791,True
857,1624464000000000000,BINANCE-001,MARGIN,USDT,7206.45945541,249.74229750,6956.71715791,False
858,1624492800009000000,BINANCE-001,MARGIN,USDT,7207.25048749,249.74229750,6957.50818999,True
859,1624492800009000000,BINANCE-001,MARGIN,USDT,7207.25048749,249.74229750,6957.50818999,False
860,1624521600018000000,BINANCE-001,MARGIN,USDT,7206.25865293,249.74229750,6956.51635543,True
861,1624521600018000000,BINANCE-001,MARGIN,USDT,7206.25865293,249.74229750,6956.51635543,False
862,1624550400001000000,BINANCE-001,MARGIN,USDT,7208.18864336,249.74229750,6958.44634586,True
863,1624550400001000000,BINANCE-001,MARGIN,USDT,7208.18864336,249.74229750,6958.44634586,False
864,1624579200009000000,BINANCE-001,MARGIN,USDT,7207.94045067,249.74229750,6958.19815317,True
865,1624579200009000000,BINANCE-001,MARGIN,USDT,7207.94045067,249.74229750,6958.19815317,False
866,1624608000004000000,BINANCE-001,MARGIN,USDT,7206.90536833,249.74229750,6957.16307083,True
867,1624608000004000000,BINANCE-001,MARGIN,USDT,7206.90536833,249.74229750,6957.16307083,False
868,1624636800000000000,BINANCE-001,MARGIN,USDT,7205.92075442,249.74229750,6956.17845692,True
869,1624636800000000000,BINANCE-001,MARGIN,USDT,7205.92075442,249.74229750,6956.17845692,False
870,1624665600007000000,BINANCE-001,MARGIN,USDT,7206.97234487,249.74229750,6957.23004737,True
871,1624665600007000000,BINANCE-001,MARGIN,USDT,7206.97234487,249.74229750,6957.23004737,False
872,1624694400000000000,BINANCE-001,MARGIN,USDT,7208.18876767,249.74229750,6958.44647017,True
873,1624694400000000000,BINANCE-001,MARGIN,USDT,7208.18876767,249.74229750,6958.44647017,False
874,1624723200002000000,BINANCE-001,MARGIN,USDT,7209.17627866,249.74229750,6959.43398116,True
875,1624723200002000000,BINANCE-001,MARGIN,USDT,7209.17627866,249.74229750,6959.43398116,False
876,1624752000005000000,BINANCE-001,MARGIN,USDT,7211.47387345,249.74229750,6961.73157595,True
877,1624752000005000000,BINANCE-001,MARGIN,USDT,7211.47387345,249.74229750,6961.73157595,False
878,1624780800010000000,BINANCE-001,MARGIN,USDT,7216.78716304,249.74229750,6967.04486554,True
879,1624780800010000000,BINANCE-001,MARGIN,USDT,7216.78716304,249.74229750,6967.04486554,False
880,1624809600001000000,BINANCE-001,MARGIN,USDT,7219.40254972,249.74229750,6969.66025222,True
881,1624809600001000000,BINANCE-001,MARGIN,USDT,7219.40254972,249.74229750,6969.66025222,False
882,1624838400025000000,BINANCE-001,MARGIN,USDT,7219.70779412,249.74229750,6969.96549662,True
883,1624838400025000000,BINANCE-001,MARGIN,USDT,7219.70779412,249.74229750,6969.96549662,False
884,1624867200017000000,BINANCE-001,MARGIN,USDT,7219.35761870,249.74229750,6969.61532120,True
885,1624867200017000000,BINANCE-001,MARGIN,USDT,7219.35761870,249.74229750,6969.61532120,False
886,1624896000007000000,BINANCE-001,MARGIN,USDT,7218.30221228,249.74229750,6968.55991478,True
887,1624896000007000000,BINANCE-001,MARGIN,USDT,7218.30221228,249.74229750,6968.55991478,False
888,1624924800008000000,BINANCE-001,MARGIN,USDT,7217.43316605,249.74229750,6967.69086855,True
889,1624924800008000000,BINANCE-001,MARGIN,USDT,7217.43316605,249.74229750,6967.69086855,False
890,1624953600000000000,BINANCE-001,MARGIN,USDT,7216.38078526,249.74229750,6966.63848776,True
891,1624953600000000000,BINANCE-001,MARGIN,USDT,7216.38078526,249.74229750,6966.63848776,False
892,1624982400000000000,BINANCE-001,MARGIN,USDT,7215.95574989,249.74229750,6966.21345239,True
893,1624982400000000000,BINANCE-001,MARGIN,USDT,7215.95574989,249.74229750,6966.21345239,False
894,1625011200011000000,BINANCE-001,MARGIN,USDT,7214.87137338,249.74229750,6965.12907588,True
895,1625011200011000000,BINANCE-001,MARGIN,USDT,7214.87137338,249.74229750,6965.12907588,False
896,1625040000044000000,BINANCE-001,MARGIN,USDT,7213.80749775,249.74229750,6964.06520025,True
897,1625040000044000000,BINANCE-001,MARGIN,USDT,7213.80749775,249.74229750,6964.06520025,False
898,1625068800005000000,BINANCE-001,MARGIN,USDT,7212.77482128,249.74229750,6963.03252378,True
899,1625068800005000000,BINANCE-001,MARGIN,USDT,7212.77482128,249.74229750,6963.03252378,False
900,1625097600000000000,BINANCE-001,MARGIN,USDT,7211.71687270,249.74229750,6961.97457520,True
901,1625097600000000000,BINANCE-001,MARGIN,USDT,7211.71687270,249.74229750,6961.97457520,False
902,1625126400004000000,BINANCE-001,MARGIN,USDT,7210.71006008,249.74229750,6960.96776258,True
903,1625126400004000000,BINANCE-001,MARGIN,USDT,7210.71006008,249.74229750,6960.96776258,False
904,1625155200028000000,BINANCE-001,MARGIN,USDT,7209.70069597,249.74229750,6959.95839847,True
905,1625155200028000000,BINANCE-001,MARGIN,USDT,7209.70069597,249.74229750,6959.95839847,False
906,1625184000002000000,BINANCE-001,MARGIN,USDT,7208.86039032,249.74229750,6959.11809282,True
907,1625184000002000000,BINANCE-001,MARGIN,USDT,7208.86039032,249.74229750,6959.11809282,False
908,1625212800016000000,BINANCE-001,MARGIN,USDT,7207.85314693,249.74229750,6958.11084943,True
909,1625212800016000000,BINANCE-001,MARGIN,USDT,7207.85314693,249.74229750,6958.11084943,False
910,1625241600007000000,BINANCE-001,MARGIN,USDT,7209.09308979,249.74229750,6959.35079229,True
911,1625241600007000000,BINANCE-001,MARGIN,USDT,7209.09308979,249.74229750,6959.35079229,False
912,1625270400008000000,BINANCE-001,MARGIN,USDT,7209.58927275,249.74229750,6959.84697525,True
913,1625270400008000000,BINANCE-001,MARGIN,USDT,7209.58927275,249.74229750,6959.84697525,False
914,1625299200000000000,BINANCE-001,MARGIN,USDT,7211.00007128,249.74229750,6961.25777378,True
915,1625299200000000000,BINANCE-001,MARGIN,USDT,7211.00007128,249.74229750,6961.25777378,False
916,1625328000004000000,BINANCE-001,MARGIN,USDT,7210.63124158,249.74229750,6960.88894408,True
917,1625328000004000000,BINANCE-001,MARGIN,USDT,7210.63124158,249.74229750,6960.88894408,False
918,1625356800012000000,BINANCE-001,MARGIN,USDT,7210.29269910,249.74229750,6960.55040160,True
919,1625356800012000000,BINANCE-001,MARGIN,USDT,7210.29269910,249.74229750,6960.55040160,False
920,1625385600002000000,BINANCE-001,MARGIN,USDT,7211.93274719,249.74229750,6962.19044969,True
921,1625385600002000000,BINANCE-001,MARGIN,USDT,7211.93274719,249.74229750,6962.19044969,False
922,1625414400003000000,BINANCE-001,MARGIN,USDT,7211.45828007,249.74229750,6961.71598257,True
923,1625414400003000000,BINANCE-001,MARGIN,USDT,7211.45828007,249.74229750,6961.71598257,False
924,1625443200004000000,BINANCE-001,MARGIN,USDT,7210.39283947,249.74229750,6960.65054197,True
925,1625443200004000000,BINANCE-001,MARGIN,USDT,7210.39283947,249.74229750,6960.65054197,False
926,1625472000000000000,BINANCE-001,MARGIN,USDT,7209.35890068,249.74229750,6959.61660318,True
927,1625472000000000000,BINANCE-001,MARGIN,USDT,7209.35890068,249.74229750,6959.61660318,False
928,1625500800009000000,BINANCE-001,MARGIN,USDT,7210.41758204,249.74229750,6960.67528454,True
929,1625500800009000000,BINANCE-001,MARGIN,USDT,7210.41758204,249.74229750,6960.67528454,False
930,1625529600008000000,BINANCE-001,MARGIN,USDT,7210.48684176,249.74229750,6960.74454426,True
931,1625529600008000000,BINANCE-001,MARGIN,USDT,7210.48684176,249.74229750,6960.74454426,False
932,1625558400019000000,BINANCE-001,MARGIN,USDT,7211.65940382,249.74229750,6961.91710632,True
933,1625558400019000000,BINANCE-001,MARGIN,USDT,7211.65940382,249.74229750,6961.91710632,False
934,1625587200000000000,BINANCE-001,MARGIN,USDT,7212.50333847,249.74229750,6962.76104097,True
935,1625587200000000000,BINANCE-001,MARGIN,USDT,7212.50333847,249.74229750,6962.76104097,False
936,1625616000007000000,BINANCE-001,MARGIN,USDT,7213.88387608,249.74229750,6964.14157858,True
937,1625616000007000000,BINANCE-001,MARGIN,USDT,7213.88387608,249.74229750,6964.14157858,False
938,1625644800001000000,BINANCE-001,MARGIN,USDT,7212.83572453,249.74229750,6963.09342703,True
939,1625644800001000000,BINANCE-001,MARGIN,USDT,7212.83572453,249.74229750,6963.09342703,False
940,1625673600008000000,BINANCE-001,MARGIN,USDT,7211.79292939,249.74229750,6962.05063189,True
941,1625673600008000000,BINANCE-001,MARGIN,USDT,7211.79292939,249.74229750,6962.05063189,False
942,1625702400002000000,BINANCE-001,MARGIN,USDT,7211.65165789,249.74229750,6961.90936039,True
943,1625702400002000000,BINANCE-001,MARGIN,USDT,7211.65165789,249.74229750,6961.90936039,False
944,1625731200010000000,BINANCE-001,MARGIN,USDT,7212.27983079,249.74229750,6962.53753329,True
945,1625731200010000000,BINANCE-001,MARGIN,USDT,7212.27983079,249.74229750,6962.53753329,False
946,1625760000003000000,BINANCE-001,MARGIN,USDT,7215.06774180,249.74229750,6965.32544430,True
947,1625760000003000000,BINANCE-001,MARGIN,USDT,7215.06774180,249.74229750,6965.32544430,False
948,1625788800000000000,BINANCE-001,MARGIN,USDT,7216.14759389,249.74229750,6966.40529639,True
949,1625788800000000000,BINANCE-001,MARGIN,USDT,7216.14759389,249.74229750,6966.40529639,False
950,1625817600006000000,BINANCE-001,MARGIN,USDT,7217.87172190,249.74229750,6968.12942440,True
951,1625817600006000000,BINANCE-001,MARGIN,USDT,7217.87172190,249.74229750,6968.12942440,False
952,1625846400000000000,BINANCE-001,MARGIN,USDT,7219.78026676,249.74229750,6970.03796926,True
953,1625846400000000000,BINANCE-001,MARGIN,USDT,7219.78026676,249.74229750,6970.03796926,False
954,1625875200002000000,BINANCE-001,MARGIN,USDT,7219.78853620,249.74229750,6970.04623870,True
955,1625875200002000000,BINANCE-001,MARGIN,USDT,7219.78853620,249.74229750,6970.04623870,False
956,1625904000000000000,BINANCE-001,MARGIN,USDT,7218.98893168,249.74229750,6969.24663418,True
957,1625904000000000000,BINANCE-001,MARGIN,USDT,7218.98893168,249.74229750,6969.24663418,False
958,1625932800001000000,BINANCE-001,MARGIN,USDT,7218.98157259,249.74229750,6969.23927509,True
959,1625932800001000000,BINANCE-001,MARGIN,USDT,7218.98157259,249.74229750,6969.23927509,False
960,1625961600001000000,BINANCE-001,MARGIN,USDT,7218.19399118,249.74229750,6968.45169368,True
961,1625961600001000000,BINANCE-001,MARGIN,USDT,7218.19399118,249.74229750,6968.45169368,False
962,1625990400025000000,BINANCE-001,MARGIN,USDT,7217.18232138,249.74229750,6967.44002388,True
963,1625990400025000000,BINANCE-001,MARGIN,USDT,7217.18232138,249.74229750,6967.44002388,False
964,1626019200006000000,BINANCE-001,MARGIN,USDT,7217.52795938,249.74229750,6967.78566188,True
965,1626019200006000000,BINANCE-001,MARGIN,USDT,7217.52795938,249.74229750,6967.78566188,False
966,1626048000000000000,BINANCE-001,MARGIN,USDT,7216.61256338,249.74229750,6966.87026588,True
967,1626048000000000000,BINANCE-001,MARGIN,USDT,7216.61256338,249.74229750,6966.87026588,False
968,1626076800021000000,BINANCE-001,MARGIN,USDT,7216.25412859,249.74229750,6966.51183109,True
969,1626076800021000000,BINANCE-001,MARGIN,USDT,7216.25412859,249.74229750,6966.51183109,False
970,1626105600000000000,BINANCE-001,MARGIN,USDT,7215.24712918,249.74229750,6965.50483168,True
971,1626105600000000000,BINANCE-001,MARGIN,USDT,7215.24712918,249.74229750,6965.50483168,False
972,1626134400000000000,BINANCE-001,MARGIN,USDT,7214.24789865,249.74229750,6964.50560115,True
973,1626134400000000000,BINANCE-001,MARGIN,USDT,7214.24789865,249.74229750,6964.50560115,False
974,1626163200013000000,BINANCE-001,MARGIN,USDT,7213.24641633,249.74229750,6963.50411883,True
975,1626163200013000000,BINANCE-001,MARGIN,USDT,7213.24641633,249.74229750,6963.50411883,False
976,1626192000005000000,BINANCE-001,MARGIN,USDT,7213.24126968,249.74229750,6963.49897218,True
977,1626192000005000000,BINANCE-001,MARGIN,USDT,7213.24126968,249.74229750,6963.49897218,False
978,1626220800000000000,BINANCE-001,MARGIN,USDT,7212.25332121,249.74229750,6962.51102371,True
979,1626220800000000000,BINANCE-001,MARGIN,USDT,7212.25332121,249.74229750,6962.51102371,False
980,1626249600000000000,BINANCE-001,MARGIN,USDT,7212.12640274,249.74229750,6962.38410524,True
981,1626249600000000000,BINANCE-001,MARGIN,USDT,7212.12640274,249.74229750,6962.38410524,False
982,1626278400005000000,BINANCE-001,MARGIN,USDT,7213.28964815,249.74229750,6963.54735065,True
983,1626278400005000000,BINANCE-001,MARGIN,USDT,7213.28964815,249.74229750,6963.54735065,False
984,1626307200005000000,BINANCE-001,MARGIN,USDT,7213.77348700,249.74229750,6964.03118950,True
985,1626307200005000000,BINANCE-001,MARGIN,USDT,7213.77348700,249.74229750,6964.03118950,False
986,1626336000001000000,BINANCE-001,MARGIN,USDT,7212.79316601,249.74229750,6963.05086851,True
987,1626336000001000000,BINANCE-001,MARGIN,USDT,7212.79316601,249.74229750,6963.05086851,False
988,1626364800000000000,BINANCE-001,MARGIN,USDT,7212.64238770,249.74229750,6962.90009020,True
989,1626364800000000000,BINANCE-001,MARGIN,USDT,7212.64238770,249.74229750,6962.90009020,False
990,1626393600000000000,BINANCE-001,MARGIN,USDT,7213.75151542,249.74229750,6964.00921792,True
991,1626393600000000000,BINANCE-001,MARGIN,USDT,7213.75151542,249.74229750,6964.00921792,False
992,1626422400000000000,BINANCE-001,MARGIN,USDT,7213.16588005,249.74229750,6963.42358255,True
993,1626422400000000000,BINANCE-001,MARGIN,USDT,7213.16588005,249.74229750,6963.42358255,False
994,1626451200001000000,BINANCE-001,MARGIN,USDT,7213.06185027,249.74229750,6963.31955277,True
995,1626451200001000000,BINANCE-001,MARGIN,USDT,7213.06185027,249.74229750,6963.31955277,False
996,1626480000004000000,BINANCE-001,MARGIN,USDT,7212.11416766,249.74229750,6962.37187016,True
997,1626480000004000000,BINANCE-001,MARGIN,USDT,7212.11416766,249.74229750,6962.37187016,False
998,1626508800009000000,BINANCE-001,MARGIN,USDT,7212.52726938,249.74229750,6962.78497188,True
999,1626508800009000000,BINANCE-001,MARGIN,USDT,7212.52726938,249.74229750,6962.78497188,False
1000,1626537600006000000,BINANCE-001,MARGIN,USDT,7212.30058092,249.74229750,6962.55828342,True
1001,1626537600006000000,BINANCE-001,MARGIN,USDT,7212.30058092,249.74229750,6962.55828342,False
1002,1626566400000000000,BINANCE-001,MARGIN,USDT,7211.34952494,249.74229750,6961.60722744,True
1003,1626566400000000000,BINANCE-001,MARGIN,USDT,7211.34952494,249.74229750,6961.60722744,False
1004,1626595200001000000,BINANCE-001,MARGIN,USDT,7210.39203424,249.74229750,6960.64973674,True
1005,1626595200001000000,BINANCE-001,MARGIN,USDT,7210.39203424,249.74229750,6960.64973674,False
1006,1626624000003000000,BINANCE-001,MARGIN,USDT,7210.81193760,249.74229750,6961.06964010,True
1007,1626624000003000000,BINANCE-001,MARGIN,USDT,7210.81193760,249.74229750,6961.06964010,False
1008,1626652800002000000,BINANCE-001,MARGIN,USDT,7211.53219952,249.74229750,6961.78990202,True
1009,1626652800002000000,BINANCE-001,MARGIN,USDT,7211.53219952,249.74229750,6961.78990202,False
1010,1626681600006000000,BINANCE-001,MARGIN,USDT,7211.22846766,249.74229750,6961.48617016,True
1011,1626681600006000000,BINANCE-001,MARGIN,USDT,7211.22846766,249.74229750,6961.48617016,False
1012,1626710400006000000,BINANCE-001,MARGIN,USDT,7211.34240432,249.74229750,6961.60010682,True
1013,1626710400006000000,BINANCE-001,MARGIN,USDT,7211.34240432,249.74229750,6961.60010682,False
1014,1626739200002000000,BINANCE-001,MARGIN,USDT,7212.80259329,249.74229750,6963.06029579,True
1015,1626739200002000000,BINANCE-001,MARGIN,USDT,7212.80259329,249.74229750,6963.06029579,False
1016,1626768000011000000,BINANCE-001,MARGIN,USDT,7213.93372960,249.74229750,6964.19143210,True
1017,1626768000011000000,BINANCE-001,MARGIN,USDT,7213.93372960,249.74229750,6964.19143210,False
1018,1626796800001000000,BINANCE-001,MARGIN,USDT,7215.64213735,249.74229750,6965.89983985,True
1019,1626796800001000000,BINANCE-001,MARGIN,USDT,7215.64213735,249.74229750,6965.89983985,False
1020,1626825600022000000,BINANCE-001,MARGIN,USDT,7217.69820943,249.74229750,6967.95591193,True
1021,1626825600022000000,BINANCE-001,MARGIN,USDT,7217.69820943,249.74229750,6967.95591193,False
1022,1626854400000000000,BINANCE-001,MARGIN,USDT,7221.33925073,249.74229750,6971.59695323,True
1023,1626854400000000000,BINANCE-001,MARGIN,USDT,7221.33925073,249.74229750,6971.59695323,False
1024,1626883200018000000,BINANCE-001,MARGIN,USDT,7224.45183912,249.74229750,6974.70954162,True
1025,1626883200018000000,BINANCE-001,MARGIN,USDT,7224.45183912,249.74229750,6974.70954162,False
1026,1626912000002000000,BINANCE-001,MARGIN,USDT,7226.02881800,249.74229750,6976.28652050,True
1027,1626912000002000000,BINANCE-001,MARGIN,USDT,7226.02881800,249.74229750,6976.28652050,False
1028,1626940800006000000,BINANCE-001,MARGIN,USDT,7225.89672084,249.74229750,6976.15442334,True
1029,1626940800006000000,BINANCE-001,MARGIN,USDT,7225.89672084,249.74229750,6976.15442334,False
1030,1626969600010000000,BINANCE-001,MARGIN,USDT,7225.76196342,249.74229750,6976.01966592,True
1031,1626969600010000000,BINANCE-001,MARGIN,USDT,7225.76196342,249.74229750,6976.01966592,False
1032,1626998400013000000,BINANCE-001,MARGIN,USDT,7225.72843901,249.74229750,6975.98614151,True
1033,1626998400013000000,BINANCE-001,MARGIN,USDT,7225.72843901,249.74229750,6975.98614151,False
1034,1627027200000000000,BINANCE-001,MARGIN,USDT,7227.39335636,249.74229750,6977.65105886,True
1035,1627027200000000000,BINANCE-001,MARGIN,USDT,7227.39335636,249.74229750,6977.65105886,False
1036,1627056000005000000,BINANCE-001,MARGIN,USDT,7227.48992965,249.74229750,6977.74763215,True
1037,1627056000005000000,BINANCE-001,MARGIN,USDT,7227.48992965,249.74229750,6977.74763215,False
1038,1627084800000000000,BINANCE-001,MARGIN,USDT,7228.22572506,249.74229750,6978.48342756,True
1039,1627084800000000000,BINANCE-001,MARGIN,USDT,7228.22572506,249.74229750,6978.48342756,False
1040,1627113600002000000,BINANCE-001,MARGIN,USDT,7229.59115658,249.74229750,6979.84885908,True
1041,1627113600002000000,BINANCE-001,MARGIN,USDT,7229.59115658,249.74229750,6979.84885908,False
1042,1627142400001000000,BINANCE-001,MARGIN,USDT,7230.67495130,249.74229750,6980.93265380,True
1043,1627142400001000000,BINANCE-001,MARGIN,USDT,7230.67495130,249.74229750,6980.93265380,False
1044,1627171200003000000,BINANCE-001,MARGIN,USDT,7233.32969388,249.74229750,6983.58739638,True
1045,1627171200003000000,BINANCE-001,MARGIN,USDT,7233.32969388,249.74229750,6983.58739638,False
1046,1627200000015000000,BINANCE-001,MARGIN,USDT,7235.60251268,249.74229750,6985.86021518,True
1047,1627200000015000000,BINANCE-001,MARGIN,USDT,7235.60251268,249.74229750,6985.86021518,False
1048,1627228800000000000,BINANCE-001,MARGIN,USDT,7236.13862093,249.74229750,6986.39632343,True
1049,1627228800000000000,BINANCE-001,MARGIN,USDT,7236.13862093,249.74229750,6986.39632343,False
1050,1627257600000000000,BINANCE-001,MARGIN,USDT,7241.99812429,249.74229750,6992.25582679,True
1051,1627257600000000000,BINANCE-001,MARGIN,USDT,7241.99812429,249.74229750,6992.25582679,False
1052,1627286400000000000,BINANCE-001,MARGIN,USDT,7240.84603080,249.74229750,6991.10373330,True
1053,1627286400000000000,BINANCE-001,MARGIN,USDT,7240.84603080,249.74229750,6991.10373330,False
1054,1627315200000000000,BINANCE-001,MARGIN,USDT,7239.68124081,249.74229750,6989.93894331,True
1055,1627315200000000000,BINANCE-001,MARGIN,USDT,7239.68124081,249.74229750,6989.93894331,False
1056,1627344000046000000,BINANCE-001,MARGIN,USDT,7238.55701984,249.74229750,6988.81472234,True
1057,1627344000046000000,BINANCE-001,MARGIN,USDT,7238.55701984,249.74229750,6988.81472234,False
1058,1627372800014000000,BINANCE-001,MARGIN,USDT,7237.43614178,249.74229750,6987.69384428,True
1059,1627372800014000000,BINANCE-001,MARGIN,USDT,7237.43614178,249.74229750,6987.69384428,False
1060,1627401600007000000,BINANCE-001,MARGIN,USDT,7237.69555066,249.74229750,6987.95325316,True
1061,1627401600007000000,BINANCE-001,MARGIN,USDT,7237.69555066,249.74229750,6987.95325316,False
1062,1627430400000000000,BINANCE-001,MARGIN,USDT,7237.93828021,249.74229750,6988.19598271,True
1063,1627430400000000000,BINANCE-001,MARGIN,USDT,7237.93828021,249.74229750,6988.19598271,False
1064,1627459200002000000,BINANCE-001,MARGIN,USDT,7236.73366291,249.74229750,6986.99136541,True
1065,1627459200002000000,BINANCE-001,MARGIN,USDT,7236.73366291,249.74229750,6986.99136541,False
1066,1627488000005000000,BINANCE-001,MARGIN,USDT,7235.53573008,249.74229750,6985.79343258,True
1067,1627488000005000000,BINANCE-001,MARGIN,USDT,7235.53573008,249.74229750,6985.79343258,False
1068,1627516800004000000,BINANCE-001,MARGIN,USDT,7235.35535512,249.74229750,6985.61305762,True
1069,1627516800004000000,BINANCE-001,MARGIN,USDT,7235.35535512,249.74229750,6985.61305762,False
1070,1627545600000000000,BINANCE-001,MARGIN,USDT,7234.35790028,249.74229750,6984.61560278,True
1071,1627545600000000000,BINANCE-001,MARGIN,USDT,7234.35790028,249.74229750,6984.61560278,False
1072,1627574400007000000,BINANCE-001,MARGIN,USDT,7233.15182816,249.74229750,6983.40953066,True
1073,1627574400007000000,BINANCE-001,MARGIN,USDT,7233.15182816,249.74229750,6983.40953066,False
1074,1627603200004000000,BINANCE-001,MARGIN,USDT,7231.94343556,249.74229750,6982.20113806,True
1075,1627603200004000000,BINANCE-001,MARGIN,USDT,7231.94343556,249.74229750,6982.20113806,False
1076,1627632000000000000,BINANCE-001,MARGIN,USDT,7230.74384656,249.74229750,6981.00154906,True
1077,1627632000000000000,BINANCE-001,MARGIN,USDT,7230.74384656,249.74229750,6981.00154906,False
1078,1627660800000000000,BINANCE-001,MARGIN,USDT,7231.02416855,249.74229750,6981.28187105,True
1079,1627660800000000000,BINANCE-001,MARGIN,USDT,7231.02416855,249.74229750,6981.28187105,False
1080,1627689600000000000,BINANCE-001,MARGIN,USDT,7229.74943893,249.74229750,6980.00714143,True
1081,1627689600000000000,BINANCE-001,MARGIN,USDT,7229.74943893,249.74229750,6980.00714143,False
1082,1627718400014000000,BINANCE-001,MARGIN,USDT,7228.49495946,249.74229750,6978.75266196,True
1083,1627718400014000000,BINANCE-001,MARGIN,USDT,7228.49495946,249.74229750,6978.75266196,False
1084,1627747200003000000,BINANCE-001,MARGIN,USDT,7227.24053813,249.74229750,6977.49824063,True
1085,1627747200003000000,BINANCE-001,MARGIN,USDT,7227.24053813,249.74229750,6977.49824063,False
