event_index,ts_event,account_id,account_type,currency,total,locked,free,reported
0,1609459200000000000,BINANCE-001,MARGIN,USDT,10000.00000000,0.00000000,10000.00000000,True
1,1612742460000000000,BINANCE-001,MARGIN,USDT,9997.97983848,50.50403800,9947.47580048,False
2,1612771200001000000,BINANCE-001,MARGIN,USDT,9996.79668095,50.50403800,9946.29264295,True
3,1612771200001000000,BINANCE-001,MARGIN,USDT,9996.79668095,50.50403800,9946.29264295,False
4,1612800000000000000,BINANCE-001,MARGIN,USDT,9991.12918346,50.50403800,9940.62514546,True
5,1612800000000000000,BINANCE-001,MARGIN,USDT,9991.12918346,50.50403800,9940.62514546,False
6,1612828800010000000,BINANCE-001,MARGIN,USDT,9987.96434055,50.50403800,9937.46030255,True
7,1612828800010000000,BINANCE-001,MARGIN,USDT,9987.96434055,50.50403800,9937.46030255,False
8,1612857600006000000,BINANCE-001,MARGIN,USDT,9983.34393278,50.50403800,9932.83989478,True
9,1612857600006000000,BINANCE-001,MARGIN,USDT,9983.34393278,50.50403800,9932.83989478,False
10,1612886400007000000,BINANCE-001,MARGIN,USDT,9979.41717300,50.50403800,9928.91313500,True
11,1612886400007000000,BINANCE-001,MARGIN,USDT,9979.41717300,50.50403800,9928.91313500,False
12,1612915200009000000,BINANCE-001,MARGIN,USDT,9976.41027440,50.50403800,9925.90623640,True
13,1612915200009000000,BINANCE-001,MARGIN,USDT,9976.41027440,50.50403800,9925.90623640,False
14,1612944000014000000,BINANCE-001,MARGIN,USDT,9972.15425428,50.50403800,9921.65021628,True
15,1612944000014000000,BINANCE-001,MARGIN,USDT,9972.15425428,50.50403800,9921.65021628,False
16,1612972800005000000,BINANCE-001,MARGIN,USDT,9969.56135103,50.50403800,9919.05731303,True
17,1612972800005000000,BINANCE-001,MARGIN,USDT,9969.56135103,50.50403800,9919.05731303,False
18,1613001600000000000,BINANCE-001,MARGIN,USDT,9967.77099826,50.50403800,9917.26696026,True
19,1613001600000000000,BINANCE-001,MARGIN,USDT,9967.77099826,50.50403800,9917.26696026,False
20,1613030400000000000,BINANCE-001,MARGIN,USDT,9965.83752005,50.50403800,9915.33348205,True
21,1613030400000000000,BINANCE-001,MARGIN,USDT,9965.83752005,50.50403800,9915.33348205,False
22,1613059200000000000,BINANCE-001,MARGIN,USDT,9961.48462213,50.50403800,9910.98058413,True
23,1613059200000000000,BINANCE-001,MARGIN,USDT,9961.48462213,50.50403800,9910.98058413,False
24,1613088000000000000,BINANCE-001,MARGIN,USDT,9958.26572069,50.50403800,9907.76168269,True
25,1613088000000000000,BINANCE-001,MARGIN,USDT,9958.26572069,50.50403800,9907.76168269,False
26,1613116800000000000,BINANCE-001,MARGIN,USDT,9955.16969809,50.50403800,9904.66566009,True
27,1613116800000000000,BINANCE-001,MARGIN,USDT,9955.16969809,50.50403800,9904.66566009,False
28,1613145600000000000,BINANCE-001,MARGIN,USDT,9952.58695456,50.50403800,9902.08291656,True
29,1613145600000000000,BINANCE-001,MARGIN,USDT,9952.58695456,50.50403800,9902.08291656,False
30,1613174400001000000,BINANCE-001,MARGIN,USDT,9949.13767880,50.50403800,9898.63364080,True
31,1613174400001000000,BINANCE-001,MARGIN,USDT,9949.13767880,50.50403800,9898.63364080,False
32,1613203200003000000,BINANCE-001,MARGIN,USDT,9945.67351998,50.50403800,9895.16948198,True
33,1613203200003000000,BINANCE-001,MARGIN,USDT,9945.67351998,50.50403800,9895.16948198,False
34,1613232000000000000,BINANCE-001,MARGIN,USDT,9943.81225473,50.50403800,9893.30821673,True
35,1613232000000000000,BINANCE-001,MARGIN,USDT,9943.81225473,50.50403800,9893.30821673,False
36,1613260800013000000,BINANCE-001,MARGIN,USDT,9941.72388003,50.50403800,9891.21984203,True
37,1613260800013000000,BINANCE-001,MARGIN,USDT,9941.72388003,50.50403800,9891.21984203,False
38,1613289600000000000,BINANCE-001,MARGIN,USDT,9938.01232419,50.50403800,9887.50828619,True
39,1613289600000000000,BINANCE-001,MARGIN,USDT,9938.01232419,50.50403800,9887.50828619,False
40,1613318400008000000,BINANCE-001,MARGIN,USDT,9934.23096675,50.50403800,9883.72692875,True
41,1613318400008000000,BINANCE-001,MARGIN,USDT,9934.23096675,50.50403800,9883.72692875,False
42,1613347200000000000,BINANCE-001,MARGIN,USDT,9931.24797920,50.50403800,9880.74394120,True
43,1613347200000000000,BINANCE-001,MARGIN,USDT,9931.24797920,50.50403800,9880.74394120,False
44,1613347260000000000,BINANCE-001,MARGIN,USDT,10048.33539680,38.84926000,10009.48613680,False
45,1613376000006000000,BINANCE-001,MARGIN,USDT,10047.56710171,38.84926000,10008.71784171,True
46,1613376000006000000,BINANCE-001,MARGIN,USDT,10047.56710171,38.84926000,10008.71784171,False
47,1613404800000000000,BINANCE-001,MARGIN,USDT,10046.25908192,38.84926000,10007.40982192,True
48,1613404800000000000,BINANCE-001,MARGIN,USDT,10046.25908192,38.84926000,10007.40982192,False
49,1613433600001000000,BINANCE-001,MARGIN,USDT,10044.34754199,38.84926000,10005.49828199,True
50,1613433600001000000,BINANCE-001,MARGIN,USDT,10044.34754199,38.84926000,10005.49828199,False
51,1613462400000000000,BINANCE-001,MARGIN,USDT,10041.91524741,38.84926000,10003.06598741,True
52,1613462400000000000,BINANCE-001,MARGIN,USDT,10041.91524741,38.84926000,10003.06598741,False
53,1613491200010000000,BINANCE-001,MARGIN,USDT,10039.13368191,38.84926000,10000.28442191,True
54,1613491200010000000,BINANCE-001,MARGIN,USDT,10039.13368191,38.84926000,10000.28442191,False
55,1613520000005000000,BINANCE-001,MARGIN,USDT,10037.08475724,38.84926000,9998.23549724,True
56,1613520000005000000,BINANCE-001,MARGIN,USDT,10037.08475724,38.84926000,9998.23549724,False
57,1613548800010000000,BINANCE-001,MARGIN,USDT,10035.17200758,38.84926000,9996.32274758,True
58,1613548800010000000,BINANCE-001,MARGIN,USDT,10035.17200758,38.84926000,9996.32274758,False
59,1613577600008000000,BINANCE-001,MARGIN,USDT,10032.15791043,38.84926000,9993.30865043,True
60,1613577600008000000,BINANCE-001,MARGIN,USDT,10032.15791043,38.84926000,9993.30865043,False
61,1613606400012000000,BINANCE-001,MARGIN,USDT,10029.39683644,38.84926000,9990.54757644,True
62,1613606400012000000,BINANCE-001,MARGIN,USDT,10029.39683644,38.84926000,9990.54757644,False
63,1613635200000000000,BINANCE-001,MARGIN,USDT,10026.18644155,38.84926000,9987.33718155,True
64,1613635200000000000,BINANCE-001,MARGIN,USDT,10026.18644155,38.84926000,9987.33718155,False
65,1613664000009000000,BINANCE-001,MARGIN,USDT,10023.58614598,38.84926000,9984.73688598,True
66,1613664000009000000,BINANCE-001,MARGIN,USDT,10023.58614598,38.84926000,9984.73688598,False
67,1613692800010000000,BINANCE-001,MARGIN,USDT,10021.70227155,38.84926000,9982.85301155,True
68,1613692800010000000,BINANCE-001,MARGIN,USDT,10021.70227155,38.84926000,9982.85301155,False
69,1613721600002000000,BINANCE-001,MARGIN,USDT,10019.94993667,38.84926000,9981.10067667,True
70,1613721600002000000,BINANCE-001,MARGIN,USDT,10019.94993667,38.84926000,9981.10067667,False
71,1613750400008000000,BINANCE-001,MARGIN,USDT,10017.17131071,38.84926000,9978.32205071,True
72,1613750400008000000,BINANCE-001,MARGIN,USDT,10017.17131071,38.84926000,9978.32205071,False
73,1613779200000000000,BINANCE-001,MARGIN,USDT,10013.67084982,38.84926000,9974.82158982,True
74,1613779200000000000,BINANCE-001,MARGIN,USDT,10013.67084982,38.84926000,9974.82158982,False
75,1613808000009000000,BINANCE-001,MARGIN,USDT,10011.09456481,38.84926000,9972.24530481,True
76,1613808000009000000,BINANCE-001,MARGIN,USDT,10011.09456481,38.84926000,9972.24530481,False
77,1613836800000000000,BINANCE-001,MARGIN,USDT,10008.34010153,38.84926000,9969.49084153,True
78,1613836800000000000,BINANCE-001,MARGIN,USDT,10008.34010153,38.84926000,9969.49084153,False
79,1613865600007000000,BINANCE-001,MARGIN,USDT,10006.09465219,38.84926000,9967.24539219,True
80,1613865600007000000,BINANCE-001,MARGIN,USDT,10006.09465219,38.84926000,9967.24539219,False
81,1613894400012000000,BINANCE-001,MARGIN,USDT,10003.87085295,38.84926000,9965.02159295,True
82,1613894400012000000,BINANCE-001,MARGIN,USDT,10003.87085295,38.84926000,9965.02159295,False
83,1613923200001000000,BINANCE-001,MARGIN,USDT,10000.98253596,38.84926000,9962.13327596,True
84,1613923200001000000,BINANCE-001,MARGIN,USDT,10000.98253596,38.84926000,9962.13327596,False
85,1613952000006000000,BINANCE-001,MARGIN,USDT,9998.29181355,38.84926000,9959.44255355,True
86,1613952000006000000,BINANCE-001,MARGIN,USDT,9998.29181355,38.84926000,9959.44255355,False
87,1613952060000000000,BINANCE-001,MARGIN,USDT,9998.23432611,40.28644600,9957.94788011,False
88,1613980800002000000,BINANCE-001,MARGIN,USDT,9996.10815845,40.28644600,9955.82171245,True
89,1613980800002000000,BINANCE-001,MARGIN,USDT,9996.10815845,40.28644600,9955.82171245,False
90,1614009600000000000,BINANCE-001,MARGIN,USDT,9994.40688224,40.28644600,9954.12043624,True
91,1614009600000000000,BINANCE-001,MARGIN,USDT,9994.40688224,40.28644600,9954.12043624,False
92,1614038400000000000,BINANCE-001,MARGIN,USDT,9993.85338396,40.28644600,9953.56693796,True
93,1614038400000000000,BINANCE-001,MARGIN,USDT,9993.85338396,40.28644600,9953.56693796,False
94,1614067200006000000,BINANCE-001,MARGIN,USDT,9993.24977108,40.28644600,9952.96332508,True
95,1614067200006000000,BINANCE-001,MARGIN,USDT,9993.24977108,40.28644600,9952.96332508,False
96,1614096000000000000,BINANCE-001,MARGIN,USDT,9992.98504198,40.28644600,9952.69859598,True
97,1614096000000000000,BINANCE-001,MARGIN,USDT,9992.98504198,40.28644600,9952.69859598,False
98,1614124800012000000,BINANCE-001,MARGIN,USDT,9992.78441235,40.28644600,9952.49796635,True
99,1614124800012000000,BINANCE-001,MARGIN,USDT,9992.78441235,40.28644600,9952.49796635,False
100,1614153600016000000,BINANCE-001,MARGIN,USDT,9991.72000009,40.28644600,9951.43355409,True
101,1614153600016000000,BINANCE-001,MARGIN,USDT,9991.72000009,40.28644600,9951.43355409,False
102,1614182400011000000,BINANCE-001,MARGIN,USDT,9990.95783966,40.28644600,9950.67139366,True
103,1614182400011000000,BINANCE-001,MARGIN,USDT,9990.95783966,40.28644600,9950.67139366,False
104,1614211200007000000,BINANCE-001,MARGIN,USDT,9990.59700668,40.28644600,9950.31056068,True
105,1614211200007000000,BINANCE-001,MARGIN,USDT,9990.59700668,40.28644600,9950.31056068,False
106,1614240000000000000,BINANCE-001,MARGIN,USDT,9990.21982656,40.28644600,9949.93338056,True
107,1614240000000000000,BINANCE-001,MARGIN,USDT,9990.21982656,40.28644600,9949.93338056,False
108,1614268800010000000,BINANCE-001,MARGIN,USDT,9989.50964911,40.28644600,9949.22320311,True
109,1614268800010000000,BINANCE-001,MARGIN,USDT,9989.50964911,40.28644600,9949.22320311,False
110,1614297600000000000,BINANCE-001,MARGIN,USDT,9989.31654621,40.28644600,9949.03010021,True
111,1614297600000000000,BINANCE-001,MARGIN,USDT,9989.31654621,40.28644600,9949.03010021,False
112,1614326400025000000,BINANCE-001,MARGIN,USDT,9989.13234127,40.28644600,9948.84589527,True
113,1614326400025000000,BINANCE-001,MARGIN,USDT,9989.13234127,40.28644600,9948.84589527,False
114,1614355200010000000,BINANCE-001,MARGIN,USDT,9988.93712522,40.28644600,9948.65067922,True
115,1614355200010000000,BINANCE-001,MARGIN,USDT,9988.93712522,40.28644600,9948.65067922,False
116,1614384000001000000,BINANCE-001,MARGIN,USDT,9988.36428320,40.28644600,9948.07783720,True
117,1614384000001000000,BINANCE-001,MARGIN,USDT,9988.36428320,40.28644600,9948.07783720,False
118,1614412800000000000,BINANCE-001,MARGIN,USDT,9987.50182135,40.28644600,9947.21537535,True
119,1614412800000000000,BINANCE-001,MARGIN,USDT,9987.50182135,40.28644600,9947.21537535,False
120,1614441600000000000,BINANCE-001,MARGIN,USDT,9987.31018447,40.28644600,9947.02373847,True
121,1614441600000000000,BINANCE-001,MARGIN,USDT,9987.31018447,40.28644600,9947.02373847,False
122,1614470400021000000,BINANCE-001,MARGIN,USDT,9987.12110149,40.28644600,9946.83465549,True
123,1614470400021000000,BINANCE-001,MARGIN,USDT,9987.12110149,40.28644600,9946.83465549,False
124,1614499200009000000,BINANCE-001,MARGIN,USDT,9986.93888695,40.28644600,9946.65244095,True
125,1614499200009000000,BINANCE-001,MARGIN,USDT,9986.93888695,40.28644600,9946.65244095,False
126,1614528000000000000,BINANCE-001,MARGIN,USDT,9986.26736820,40.28644600,9945.98092220,True
127,1614528000000000000,BINANCE-001,MARGIN,USDT,9986.26736820,40.28644600,9945.98092220,False
128,1614556800000000000,BINANCE-001,MARGIN,USDT,9985.95385180,40.28644600,9945.66740580,True
129,1614556800000000000,BINANCE-001,MARGIN,USDT,9985.95385180,40.28644600,9945.66740580,False
130,1614556860000000000,BINANCE-001,MARGIN,USDT,9985.77319832,44.80278300,9940.97041532,False
131,1614585600003000000,BINANCE-001,MARGIN,USDT,9985.56485980,44.80278300,9940.76207680,True
132,1614585600003000000,BINANCE-001,MARGIN,USDT,9985.56485980,44.80278300,9940.76207680,False
133,1614614400001000000,BINANCE-001,MARGIN,USDT,9985.34356745,44.80278300,9940.54078445,True
134,1614614400001000000,BINANCE-001,MARGIN,USDT,9985.34356745,44.80278300,9940.54078445,False
135,1614643200000000000,BINANCE-001,MARGIN,USDT,9985.12045485,44.80278300,9940.31767185,True
136,1614643200000000000,BINANCE-001,MARGIN,USDT,9985.12045485,44.80278300,9940.31767185,False
137,1614672000000000000,BINANCE-001,MARGIN,USDT,9984.90281959,44.80278300,9940.10003659,True
138,1614672000000000000,BINANCE-001,MARGIN,USDT,9984.90281959,44.80278300,9940.10003659,False
139,1614700800004000000,BINANCE-001,MARGIN,USDT,9984.68374438,44.80278300,9939.88096138,True
140,1614700800004000000,BINANCE-001,MARGIN,USDT,9984.68374438,44.80278300,9939.88096138,False
141,1614729600000000000,BINANCE-001,MARGIN,USDT,9984.46574788,44.80278300,9939.66296488,True
142,1614729600000000000,BINANCE-001,MARGIN,USDT,9984.46574788,44.80278300,9939.66296488,False
143,1614758400016000000,BINANCE-001,MARGIN,USDT,9984.24189207,44.80278300,9939.43910907,True
144,1614758400016000000,BINANCE-001,MARGIN,USDT,9984.24189207,44.80278300,9939.43910907,False
145,1614787200000000000,BINANCE-001,MARGIN,USDT,9983.21193011,44.80278300,9938.40914711,True
146,1614787200000000000,BINANCE-001,MARGIN,USDT,9983.21193011,44.80278300,9938.40914711,False
147,1614816000000000000,BINANCE-001,MARGIN,USDT,9982.98526219,44.80278300,9938.18247919,True
148,1614816000000000000,BINANCE-001,MARGIN,USDT,9982.98526219,44.80278300,9938.18247919,False
149,1614844800015000000,BINANCE-001,MARGIN,USDT,9982.76161297,44.80278300,9937.95882997,True
150,1614844800015000000,BINANCE-001,MARGIN,USDT,9982.76161297,44.80278300,9937.95882997,False
151,1614873600001000000,BINANCE-001,MARGIN,USDT,9982.53912725,44.80278300,9937.73634425,True
152,1614873600001000000,BINANCE-001,MARGIN,USDT,9982.53912725,44.80278300,9937.73634425,False
153,1614902400000000000,BINANCE-001,MARGIN,USDT,9982.32145538,44.80278300,9937.51867238,True
154,1614902400000000000,BINANCE-001,MARGIN,USDT,9982.32145538,44.80278300,9937.51867238,False
155,1614931200002000000,BINANCE-001,MARGIN,USDT,9982.10801030,44.80278300,9937.30522730,True
156,1614931200002000000,BINANCE-001,MARGIN,USDT,9982.10801030,44.80278300,9937.30522730,False
157,1614960000008000000,BINANCE-001,MARGIN,USDT,9981.89244198,44.80278300,9937.08965898,True
158,1614960000008000000,BINANCE-001,MARGIN,USDT,9981.89244198,44.80278300,9937.08965898,False
159,1614988800000000000,BINANCE-001,MARGIN,USDT,9981.67295466,44.80278300,9936.87017166,True
160,1614988800000000000,BINANCE-001,MARGIN,USDT,9981.67295466,44.80278300,9936.87017166,False
161,1615017600000000000,BINANCE-001,MARGIN,USDT,9981.45316796,44.80278300,9936.65038496,True
162,1615017600000000000,BINANCE-001,MARGIN,USDT,9981.45316796,44.80278300,9936.65038496,False
163,1615046400000000000,BINANCE-001,MARGIN,USDT,9981.24046558,44.80278300,9936.43768258,True
164,1615046400000000000,BINANCE-001,MARGIN,USDT,9981.24046558,44.80278300,9936.43768258,False
165,1615075200006000000,BINANCE-001,MARGIN,USDT,9981.02053460,44.80278300,9936.21775160,True
166,1615075200006000000,BINANCE-001,MARGIN,USDT,9981.02053460,44.80278300,9936.21775160,False
167,1615104000005000000,BINANCE-001,MARGIN,USDT,9980.79519021,44.80278300,9935.99240721,True
168,1615104000005000000,BINANCE-001,MARGIN,USDT,9980.79519021,44.80278300,9935.99240721,False
169,1615132800008000000,BINANCE-001,MARGIN,USDT,9980.39440110,44.80278300,9935.59161810,True
170,1615132800008000000,BINANCE-001,MARGIN,USDT,9980.39440110,44.80278300,9935.59161810,False
171,1615161600000000000,BINANCE-001,MARGIN,USDT,9980.16502692,44.80278300,9935.36224392,True
172,1615161600000000000,BINANCE-001,MARGIN,USDT,9980.16502692,44.80278300,9935.36224392,False
173,1615161660000000000,BINANCE-001,MARGIN,USDT,10035.76287062,39.82469600,9995.93817462,False
174,1615190400000000000,BINANCE-001,MARGIN,USDT,10035.56369279,39.82469600,9995.73899679,True
175,1615190400000000000,BINANCE-001,MARGIN,USDT,10035.56369279,39.82469600,9995.73899679,False
176,1615219200006000000,BINANCE-001,MARGIN,USDT,10035.05808587,39.82469600,9995.23338987,True
177,1615219200006000000,BINANCE-001,MARGIN,USDT,10035.05808587,39.82469600,9995.23338987,False
178,1615248000000000000,BINANCE-001,MARGIN,USDT,10033.53971928,39.82469600,9993.71502328,True
179,1615248000000000000,BINANCE-001,MARGIN,USDT,10033.53971928,39.82469600,9993.71502328,False
180,1615276800000000000,BINANCE-001,MARGIN,USDT,10032.64012309,39.82469600,9992.81542709,True
181,1615276800000000000,BINANCE-001,MARGIN,USDT,10032.64012309,39.82469600,9992.81542709,False
182,1615305600000000000,BINANCE-001,MARGIN,USDT,10031.40502084,39.82469600,9991.58032484,True
183,1615305600000000000,BINANCE-001,MARGIN,USDT,10031.40502084,39.82469600,9991.58032484,False
184,1615334400009000000,BINANCE-001,MARGIN,USDT,10030.87021851,39.82469600,9991.04552251,True
185,1615334400009000000,BINANCE-001,MARGIN,USDT,10030.87021851,39.82469600,9991.04552251,False
186,1615363200006000000,BINANCE-001,MARGIN,USDT,10029.81684557,39.82469600,9989.99214957,True
187,1615363200006000000,BINANCE-001,MARGIN,USDT,10029.81684557,39.82469600,9989.99214957,False
188,1615392000008000000,BINANCE-001,MARGIN,USDT,10028.53307643,39.82469600,9988.70838043,True
189,1615392000008000000,BINANCE-001,MARGIN,USDT,10028.53307643,39.82469600,9988.70838043,False
190,1615420800000000000,BINANCE-001,MARGIN,USDT,10026.38702502,39.82469600,9986.56232902,True
191,1615420800000000000,BINANCE-001,MARGIN,USDT,10026.38702502,39.82469600,9986.56232902,False
192,1615449600000000000,BINANCE-001,MARGIN,USDT,10024.19805245,39.82469600,9984.37335645,True
193,1615449600000000000,BINANCE-001,MARGIN,USDT,10024.19805245,39.82469600,9984.37335645,False
194,1615478400014000000,BINANCE-001,MARGIN,USDT,10022.27003004,39.82469600,9982.44533404,True
195,1615478400014000000,BINANCE-001,MARGIN,USDT,10022.27003004,39.82469600,9982.44533404,False
196,1615507200002000000,BINANCE-001,MARGIN,USDT,10019.90929616,39.82469600,9980.08460016,True
197,1615507200002000000,BINANCE-001,MARGIN,USDT,10019.90929616,39.82469600,9980.08460016,False
198,1615536000005000000,BINANCE-001,MARGIN,USDT,10018.38508107,39.82469600,9978.56038507,True
199,1615536000005000000,BINANCE-001,MARGIN,USDT,10018.38508107,39.82469600,9978.56038507,False
200,1615564800011000000,BINANCE-001,MARGIN,USDT,10017.21738936,39.82469600,9977.39269336,True
201,1615564800011000000,BINANCE-001,MARGIN,USDT,10017.21738936,39.82469600,9977.39269336,False
202,1615593600000000000,BINANCE-001,MARGIN,USDT,10016.12070618,39.82469600,9976.29601018,True
203,1615593600000000000,BINANCE-001,MARGIN,USDT,10016.12070618,39.82469600,9976.29601018,False
204,1615622400002000000,BINANCE-001,MARGIN,USDT,10014.73039021,39.82469600,9974.90569421,True
205,1615622400002000000,BINANCE-001,MARGIN,USDT,10014.73039021,39.82469600,9974.90569421,False
206,1615651200000000000,BINANCE-001,MARGIN,USDT,10013.36594517,39.82469600,9973.54124917,True
207,1615651200000000000,BINANCE-001,MARGIN,USDT,10013.36594517,39.82469600,9973.54124917,False
208,1615680000011000000,BINANCE-001,MARGIN,USDT,10011.36129042,39.82469600,9971.53659442,True
209,1615680000011000000,BINANCE-001,MARGIN,USDT,10011.36129042,39.82469600,9971.53659442,False
210,1615708800000000000,BINANCE-001,MARGIN,USDT,10009.31101462,39.82469600,9969.48631862,True
211,1615708800000000000,BINANCE-001,MARGIN,USDT,10009.31101462,39.82469600,9969.48631862,False
212,1615737600000000000,BINANCE-001,MARGIN,USDT,10006.56015072,39.82469600,9966.73545472,True
213,1615737600000000000,BINANCE-001,MARGIN,USDT,10006.56015072,39.82469600,9966.73545472,False
214,1615766400012000000,BINANCE-001,MARGIN,USDT,10004.62286291,39.82469600,9964.79816691,True
215,1615766400012000000,BINANCE-001,MARGIN,USDT,10004.62286291,39.82469600,9964.79816691,False
216,1615766460000000000,BINANCE-001,MARGIN,USDT,10004.44575152,44.25248075,9960.19327077,False
217,1615795200016000000,BINANCE-001,MARGIN,USDT,10001.82930637,44.25248075,9957.57682562,True
218,1615795200016000000,BINANCE-001,MARGIN,USDT,10001.82930637,44.25248075,9957.57682562,False
219,1615824000030000000,BINANCE-001,MARGIN,USDT,10001.44772484,44.25248075,9957.19524409,True
220,1615824000030000000,BINANCE-001,MARGIN,USDT,10001.44772484,44.25248075,9957.19524409,False
221,1615852800005000000,BINANCE-001,MARGIN,USDT,10000.90739399,44.25248075,9956.65491324,True
222,1615852800005000000,BINANCE-001,MARGIN,USDT,10000.90739399,44.25248075,9956.65491324,False
223,1615881600008000000,BINANCE-001,MARGIN,USDT,10000.05560854,44.25248075,9955.80312779,True
224,1615881600008000000,BINANCE-001,MARGIN,USDT,10000.05560854,44.25248075,9955.80312779,False
225,1615910400012000000,BINANCE-001,MARGIN,USDT,9999.07821160,44.25248075,9954.82573085,True
226,1615910400012000000,BINANCE-001,MARGIN,USDT,9999.07821160,44.25248075,9954.82573085,False
227,1615939200010000000,BINANCE-001,MARGIN,USDT,9998.21212341,44.25248075,9953.95964266,True
228,1615939200010000000,BINANCE-001,MARGIN,USDT,9998.21212341,44.25248075,9953.95964266,False
229,1615968000000000000,BINANCE-001,MARGIN,USDT,9997.75016800,44.25248075,9953.49768725,True
230,1615968000000000000,BINANCE-001,MARGIN,USDT,9997.75016800,44.25248075,9953.49768725,False
231,1615996800009000000,BINANCE-001,MARGIN,USDT,9997.16947637,44.25248075,9952.91699562,True
232,1615996800009000000,BINANCE-001,MARGIN,USDT,9997.16947637,44.25248075,9952.91699562,False
233,1616025600001000000,BINANCE-001,MARGIN,USDT,9996.40243533,44.25248075,9952.14995458,True
234,1616025600001000000,BINANCE-001,MARGIN,USDT,9996.40243533,44.25248075,9952.14995458,False
235,1616054400000000000,BINANCE-001,MARGIN,USDT,9995.66769578,44.25248075,9951.41521503,True
236,1616054400000000000,BINANCE-001,MARGIN,USDT,9995.66769578,44.25248075,9951.41521503,False
237,1616083200000000000,BINANCE-001,MARGIN,USDT,9994.83404425,44.25248075,9950.58156350,True
238,1616083200000000000,BINANCE-001,MARGIN,USDT,9994.83404425,44.25248075,9950.58156350,False
239,1616112000011000000,BINANCE-001,MARGIN,USDT,9994.03994338,44.25248075,9949.78746263,True
240,1616112000011000000,BINANCE-001,MARGIN,USDT,9994.03994338,44.25248075,9949.78746263,False
241,1616140800001000000,BINANCE-001,MARGIN,USDT,9993.71927898,44.25248075,9949.46679823,True
242,1616140800001000000,BINANCE-001,MARGIN,USDT,9993.71927898,44.25248075,9949.46679823,False
243,1616169600000000000,BINANCE-001,MARGIN,USDT,9992.87519704,44.25248075,9948.62271629,True
244,1616169600000000000,BINANCE-001,MARGIN,USDT,9992.87519704,44.25248075,9948.62271629,False
245,1616198400000000000,BINANCE-001,MARGIN,USDT,9991.64398034,44.25248075,9947.39149959,True
246,1616198400000000000,BINANCE-001,MARGIN,USDT,9991.64398034,44.25248075,9947.39149959,False
247,1616227200000000000,BINANCE-001,MARGIN,USDT,9990.52632281,44.25248075,9946.27384206,True
248,1616227200000000000,BINANCE-001,MARGIN,USDT,9990.52632281,44.25248075,9946.27384206,False
249,1616256000007000000,BINANCE-001,MARGIN,USDT,9989.27896037,44.25248075,9945.02647962,True
250,1616256000007000000,BINANCE-001,MARGIN,USDT,9989.27896037,44.25248075,9945.02647962,False
251,1616284800000000000,BINANCE-001,MARGIN,USDT,9988.49456593,44.25248075,9944.24208518,True
252,1616284800000000000,BINANCE-001,MARGIN,USDT,9988.49456593,44.25248075,9944.24208518,False
253,1616313600000000000,BINANCE-001,MARGIN,USDT,9987.45568282,44.25248075,9943.20320207,True
254,1616313600000000000,BINANCE-001,MARGIN,USDT,9987.45568282,44.25248075,9943.20320207,False
255,1616342400000000000,BINANCE-001,MARGIN,USDT,9987.20971891,44.25248075,9942.95723816,True
256,1616342400000000000,BINANCE-001,MARGIN,USDT,9987.20971891,44.25248075,9942.95723816,False
257,1616371200007000000,BINANCE-001,MARGIN,USDT,9985.92806930,44.25248075,9941.67558855,True
258,1616371200007000000,BINANCE-001,MARGIN,USDT,9985.92806930,44.25248075,9941.67558855,False
259,1616371260000000000,BINANCE-001,MARGIN,USDT,10682.21229699,0.00000000,10682.21229699,False
260,1616371320000000000,BINANCE-001,MARGIN,USDT,10679.56962643,66.06676400,10613.50286243,False
261,1616400000001000000,BINANCE-001,MARGIN,USDT,10680.77757969,66.06676400,10614.71081569,True
262,1616400000001000000,BINANCE-001,MARGIN,USDT,10680.77757969,66.06676400,10614.71081569,False
263,1616428800000000000,BINANCE-001,MARGIN,USDT,10682.06411462,66.06676400,10615.99735062,True
264,1616428800000000000,BINANCE-001,MARGIN,USDT,10682.06411462,66.06676400,10615.99735062,False
265,1616457600000000000,BINANCE-001,MARGIN,USDT,10682.66670384,66.06676400,10616.59993984,True
266,1616457600000000000,BINANCE-001,MARGIN,USDT,10682.66670384,66.06676400,10616.59993984,False
267,1616486400010000000,BINANCE-001,MARGIN,USDT,10683.33036165,66.06676400,10617.26359765,True
268,1616486400010000000,BINANCE-001,MARGIN,USDT,10683.33036165,66.06676400,10617.26359765,False
269,1616515200023000000,BINANCE-001,MARGIN,USDT,10684.40337705,66.06676400,10618.33661305,True
270,1616515200023000000,BINANCE-001,MARGIN,USDT,10684.40337705,66.06676400,10618.33661305,False
271,1616544000002000000,BINANCE-001,MARGIN,USDT,10685.74091110,66.06676400,10619.67414710,True
272,1616544000002000000,BINANCE-001,MARGIN,USDT,10685.74091110,66.06676400,10619.67414710,False
273,1616572800000000000,BINANCE-001,MARGIN,USDT,10686.16378796,66.06676400,10620.09702396,True
274,1616572800000000000,BINANCE-001,MARGIN,USDT,10686.16378796,66.06676400,10620.09702396,False
275,1616601600000000000,BINANCE-001,MARGIN,USDT,10686.84867201,66.06676400,10620.78190801,True
276,1616601600000000000,BINANCE-001,MARGIN,USDT,10686.84867201,66.06676400,10620.78190801,False
277,1616630400000000000,BINANCE-001,MARGIN,USDT,10687.13327664,66.06676400,10621.06651264,True
278,1616630400000000000,BINANCE-001,MARGIN,USDT,10687.13327664,66.06676400,10621.06651264,False
279,1616659200000000000,BINANCE-001,MARGIN,USDT,10687.37376216,66.06676400,10621.30699816,True
280,1616659200000000000,BINANCE-001,MARGIN,USDT,10687.37376216,66.06676400,10621.30699816,False
281,1616688000000000000,BINANCE-001,MARGIN,USDT,10687.60838594,66.06676400,10621.54162194,True
282,1616688000000000000,BINANCE-001,MARGIN,USDT,10687.60838594,66.06676400,10621.54162194,False
283,1616716800008000000,BINANCE-001,MARGIN,USDT,10687.98620065,66.06676400,10621.91943665,True
284,1616716800008000000,BINANCE-001,MARGIN,USDT,10687.98620065,66.06676400,10621.91943665,False
285,1616745600000000000,BINANCE-001,MARGIN,USDT,10688.23261281,66.06676400,10622.16584881,True
286,1616745600000000000,BINANCE-001,MARGIN,USDT,10688.23261281,66.06676400,10622.16584881,False
287,1616774400012000000,BINANCE-001,MARGIN,USDT,10688.47781084,66.06676400,10622.41104684,True
288,1616774400012000000,BINANCE-001,MARGIN,USDT,10688.47781084,66.06676400,10622.41104684,False
289,1616803200018000000,BINANCE-001,MARGIN,USDT,10688.73094889,66.06676400,10622.66418489,True
290,1616803200018000000,BINANCE-001,MARGIN,USDT,10688.73094889,66.06676400,10622.66418489,False
291,1616832000000000000,BINANCE-001,MARGIN,USDT,10688.98381005,66.06676400,10622.91704605,True
292,1616832000000000000,BINANCE-001,MARGIN,USDT,10688.98381005,66.06676400,10622.91704605,False
293,1616860800001000000,BINANCE-001,MARGIN,USDT,10689.23672284,66.06676400,10623.16995884,True
294,1616860800001000000,BINANCE-001,MARGIN,USDT,10689.23672284,66.06676400,10623.16995884,False
295,1616889600000000000,BINANCE-001,MARGIN,USDT,10689.49367264,66.06676400,10623.42690864,True
296,1616889600000000000,BINANCE-001,MARGIN,USDT,10689.49367264,66.06676400,10623.42690864,False
297,1616918400000000000,BINANCE-001,MARGIN,USDT,10689.75222479,66.06676400,10623.68546079,True
298,1616918400000000000,BINANCE-001,MARGIN,USDT,10689.75222479,66.06676400,10623.68546079,False
299,1616947200005000000,BINANCE-001,MARGIN,USDT,10690.01151189,66.06676400,10623.94474789,True
300,1616947200005000000,BINANCE-001,MARGIN,USDT,10690.01151189,66.06676400,10623.94474789,False
301,1616976000003000000,BINANCE-001,MARGIN,USDT,10690.26816178,66.06676400,10624.20139778,True
302,1616976000003000000,BINANCE-001,MARGIN,USDT,10690.26816178,66.06676400,10624.20139778,False
303,1616976060000000000,BINANCE-001,MARGIN,USDT,10763.33754764,0.00000000,10763.33754764,False
304,1616976120000000000,BINANCE-001,MARGIN,USDT,10760.37712452,74.01057800,10686.36654652,False
305,1617004800000000000,BINANCE-001,MARGIN,USDT,10760.08069101,74.01057800,10686.07011301,True
306,1617004800000000000,BINANCE-001,MARGIN,USDT,10760.08069101,74.01057800,10686.07011301,False
307,1617033600000000000,BINANCE-001,MARGIN,USDT,10759.52450286,74.01057800,10685.51392486,True
308,1617033600000000000,BINANCE-001,MARGIN,USDT,10759.52450286,74.01057800,10685.51392486,False
309,1617062400018000000,BINANCE-001,MARGIN,USDT,10758.54557691,74.01057800,10684.53499891,True
310,1617062400018000000,BINANCE-001,MARGIN,USDT,10758.54557691,74.01057800,10684.53499891,False
311,1617091200012000000,BINANCE-001,MARGIN,USDT,10757.70527521,74.01057800,10683.69469721,True
312,1617091200012000000,BINANCE-001,MARGIN,USDT,10757.70527521,74.01057800,10683.69469721,False
313,1617120000001000000,BINANCE-001,MARGIN,USDT,10755.11116740,74.01057800,10681.10058940,True
314,1617120000001000000,BINANCE-001,MARGIN,USDT,10755.11116740,74.01057800,10681.10058940,False
315,1617148800000000000,BINANCE-001,MARGIN,USDT,10752.59464176,74.01057800,10678.58406376,True
316,1617148800000000000,BINANCE-001,MARGIN,USDT,10752.59464176,74.01057800,10678.58406376,False
317,1617177600000000000,BINANCE-001,MARGIN,USDT,10750.40966257,74.01057800,10676.39908457,True
318,1617177600000000000,BINANCE-001,MARGIN,USDT,10750.40966257,74.01057800,10676.39908457,False
319,1617206400000000000,BINANCE-001,MARGIN,USDT,10748.57290582,74.01057800,10674.56232782,True
320,1617206400000000000,BINANCE-001,MARGIN,USDT,10748.57290582,74.01057800,10674.56232782,False
321,1617235200025000000,BINANCE-001,MARGIN,USDT,10745.16663926,74.01057800,10671.15606126,True
322,1617235200025000000,BINANCE-001,MARGIN,USDT,10745.16663926,74.01057800,10671.15606126,False
323,1617264000011000000,BINANCE-001,MARGIN,USDT,10742.19452268,74.01057800,10668.18394468,True
324,1617264000011000000,BINANCE-001,MARGIN,USDT,10742.19452268,74.01057800,10668.18394468,False
325,1617292800004000000,BINANCE-001,MARGIN,USDT,10740.56974754,74.01057800,10666.55916954,True
326,1617292800004000000,BINANCE-001,MARGIN,USDT,10740.56974754,74.01057800,10666.55916954,False
327,1617321600000000000,BINANCE-001,MARGIN,USDT,10738.35541466,74.01057800,10664.34483666,True
328,1617321600000000000,BINANCE-001,MARGIN,USDT,10738.35541466,74.01057800,10664.34483666,False
329,1617350400000000000,BINANCE-001,MARGIN,USDT,10735.00253099,74.01057800,10660.99195299,True
330,1617350400000000000,BINANCE-001,MARGIN,USDT,10735.00253099,74.01057800,10660.99195299,False
331,1617379200000000000,BINANCE-001,MARGIN,USDT,10731.78528680,74.01057800,10657.77470880,True
332,1617379200000000000,BINANCE-001,MARGIN,USDT,10731.78528680,74.01057800,10657.77470880,False
333,1617408000003000000,BINANCE-001,MARGIN,USDT,10729.80576987,74.01057800,10655.79519187,True
334,1617408000003000000,BINANCE-001,MARGIN,USDT,10729.80576987,74.01057800,10655.79519187,False
335,1617436800000000000,BINANCE-001,MARGIN,USDT,10726.41266732,74.01057800,10652.40208932,True
336,1617436800000000000,BINANCE-001,MARGIN,USDT,10726.41266732,74.01057800,10652.40208932,False
337,1617465600000000000,BINANCE-001,MARGIN,USDT,10723.25173394,74.01057800,10649.24115594,True
338,1617465600000000000,BINANCE-001,MARGIN,USDT,10723.25173394,74.01057800,10649.24115594,False
339,1617494400000000000,BINANCE-001,MARGIN,USDT,10721.67440162,74.01057800,10647.66382362,True
340,1617494400000000000,BINANCE-001,MARGIN,USDT,10721.67440162,74.01057800,10647.66382362,False
341,1617523200000000000,BINANCE-001,MARGIN,USDT,10720.19252039,74.01057800,10646.18194239,True
342,1617523200000000000,BINANCE-001,MARGIN,USDT,10720.19252039,74.01057800,10646.18194239,False
343,1617552000016000000,BINANCE-001,MARGIN,USDT,10719.37812227,74.01057800,10645.36754427,True
344,1617552000016000000,BINANCE-001,MARGIN,USDT,10719.37812227,74.01057800,10645.36754427,False
345,1617580800000000000,BINANCE-001,MARGIN,USDT,10718.16027945,74.01057800,10644.14970145,True
346,1617580800000000000,BINANCE-001,MARGIN,USDT,10718.16027945,74.01057800,10644.14970145,False
347,1617580860000000000,BINANCE-001,MARGIN,USDT,10717.75263711,84.20163650,10633.55100061,False
348,1617609600001000000,BINANCE-001,MARGIN,USDT,10716.26718360,84.20163650,10632.06554710,True
349,1617609600001000000,BINANCE-001,MARGIN,USDT,10716.26718360,84.20163650,10632.06554710,False
350,1617638400001000000,BINANCE-001,MARGIN,USDT,10714.94046604,84.20163650,10630.73882954,True
351,1617638400001000000,BINANCE-001,MARGIN,USDT,10714.94046604,84.20163650,10630.73882954,False
352,1617667200010000000,BINANCE-001,MARGIN,USDT,10711.48716786,84.20163650,10627.28553136,True
353,1617667200010000000,BINANCE-001,MARGIN,USDT,10711.48716786,84.20163650,10627.28553136,False
354,1617696000000000000,BINANCE-001,MARGIN,USDT,10709.45438560,84.20163650,10625.25274910,True
355,1617696000000000000,BINANCE-001,MARGIN,USDT,10709.45438560,84.20163650,10625.25274910,False
356,1617724800003000000,BINANCE-001,MARGIN,USDT,10706.54680322,84.20163650,10622.34516672,True
357,1617724800003000000,BINANCE-001,MARGIN,USDT,10706.54680322,84.20163650,10622.34516672,False
358,1617753600000000000,BINANCE-001,MARGIN,USDT,10704.54006651,84.20163650,10620.33843001,True
359,1617753600000000000,BINANCE-001,MARGIN,USDT,10704.54006651,84.20163650,10620.33843001,False
360,1617782400006000000,BINANCE-001,MARGIN,USDT,10702.67309553,84.20163650,10618.47145903,True
361,1617782400006000000,BINANCE-001,MARGIN,USDT,10702.67309553,84.20163650,10618.47145903,False
362,1617811200004000000,BINANCE-001,MARGIN,USDT,10700.85327688,84.20163650,10616.65164038,True
363,1617811200004000000,BINANCE-001,MARGIN,USDT,10700.85327688,84.20163650,10616.65164038,False
364,1617840000013000000,BINANCE-001,MARGIN,USDT,10699.48266280,84.20163650,10615.28102630,True
365,1617840000013000000,BINANCE-001,MARGIN,USDT,10699.48266280,84.20163650,10615.28102630,False
366,1617868800003000000,BINANCE-001,MARGIN,USDT,10698.62853586,84.20163650,10614.42689936,True
367,1617868800003000000,BINANCE-001,MARGIN,USDT,10698.62853586,84.20163650,10614.42689936,False
368,1617897600005000000,BINANCE-001,MARGIN,USDT,10697.71926149,84.20163650,10613.51762499,True
369,1617897600005000000,BINANCE-001,MARGIN,USDT,10697.71926149,84.20163650,10613.51762499,False
370,1617926400000000000,BINANCE-001,MARGIN,USDT,10697.03530449,84.20163650,10612.83366799,True
371,1617926400000000000,BINANCE-001,MARGIN,USDT,10697.03530449,84.20163650,10612.83366799,False
372,1617955200004000000,BINANCE-001,MARGIN,USDT,10696.11838966,84.20163650,10611.91675316,True
373,1617955200004000000,BINANCE-001,MARGIN,USDT,10696.11838966,84.20163650,10611.91675316,False
374,1617984000004000000,BINANCE-001,MARGIN,USDT,10695.35654510,84.20163650,10611.15490860,True
375,1617984000004000000,BINANCE-001,MARGIN,USDT,10695.35654510,84.20163650,10611.15490860,False
376,1618012800011000000,BINANCE-001,MARGIN,USDT,10694.90431500,84.20163650,10610.70267850,True
377,1618012800011000000,BINANCE-001,MARGIN,USDT,10694.90431500,84.20163650,10610.70267850,False
378,1618041600005000000,BINANCE-001,MARGIN,USDT,10689.50209077,84.20163650,10605.30045427,True
379,1618041600005000000,BINANCE-001,MARGIN,USDT,10689.50209077,84.20163650,10605.30045427,False
380,1618070400000000000,BINANCE-001,MARGIN,USDT,10685.17024135,84.20163650,10600.96860485,True
381,1618070400000000000,BINANCE-001,MARGIN,USDT,10685.17024135,84.20163650,10600.96860485,False
382,1618099200004000000,BINANCE-001,MARGIN,USDT,10682.05644663,84.20163650,10597.85481013,True
383,1618099200004000000,BINANCE-001,MARGIN,USDT,10682.05644663,84.20163650,10597.85481013,False
384,1618128000000000000,BINANCE-001,MARGIN,USDT,10678.49370141,84.20163650,10594.29206491,True
385,1618128000000000000,BINANCE-001,MARGIN,USDT,10678.49370141,84.20163650,10594.29206491,False
386,1618156800000000000,BINANCE-001,MARGIN,USDT,10674.69514292,84.20163650,10590.49350642,True
387,1618156800000000000,BINANCE-001,MARGIN,USDT,10674.69514292,84.20163650,10590.49350642,False
388,1618185600001000000,BINANCE-001,MARGIN,USDT,10671.31386958,84.20163650,10587.11223308,True
389,1618185600001000000,BINANCE-001,MARGIN,USDT,10671.31386958,84.20163650,10587.11223308,False
390,1618185660000000000,BINANCE-001,MARGIN,USDT,10671.01341853,91.71291275,10579.30050578,False
391,1618214400001000000,BINANCE-001,MARGIN,USDT,10666.80842205,91.71291275,10575.09550930,True
392,1618214400001000000,BINANCE-001,MARGIN,USDT,10666.80842205,91.71291275,10575.09550930,False
393,1618243200008000000,BINANCE-001,MARGIN,USDT,10663.12442743,91.71291275,10571.41151468,True
394,1618243200008000000,BINANCE-001,MARGIN,USDT,10663.12442743,91.71291275,10571.41151468,False
395,1618272000003000000,BINANCE-001,MARGIN,USDT,10659.85032397,91.71291275,10568.13741122,True
396,1618272000003000000,BINANCE-001,MARGIN,USDT,10659.85032397,91.71291275,10568.13741122,False
397,1618300800008000000,BINANCE-001,MARGIN,USDT,10656.27754408,91.71291275,10564.56463133,True
398,1618300800008000000,BINANCE-001,MARGIN,USDT,10656.27754408,91.71291275,10564.56463133,False
399,1618329600008000000,BINANCE-001,MARGIN,USDT,10651.22044757,91.71291275,10559.50753482,True
400,1618329600008000000,BINANCE-001,MARGIN,USDT,10651.22044757,91.71291275,10559.50753482,False
401,1618358400008000000,BINANCE-001,MARGIN,USDT,10647.47606363,91.71291275,10555.76315088,True
402,1618358400008000000,BINANCE-001,MARGIN,USDT,10647.47606363,91.71291275,10555.76315088,False
403,1618387200000000000,BINANCE-001,MARGIN,USDT,10642.93352568,91.71291275,10551.22061293,True
404,1618387200000000000,BINANCE-001,MARGIN,USDT,10642.93352568,91.71291275,10551.22061293,False
405,1618416000012000000,BINANCE-001,MARGIN,USDT,10638.63306407,91.71291275,10546.92015132,True
406,1618416000012000000,BINANCE-001,MARGIN,USDT,10638.63306407,91.71291275,10546.92015132,False
407,1618444800006000000,BINANCE-001,MARGIN,USDT,10635.50576148,91.71291275,10543.79284873,True
408,1618444800006000000,BINANCE-001,MARGIN,USDT,10635.50576148,91.71291275,10543.79284873,False
409,1618473600000000000,BINANCE-001,MARGIN,USDT,10632.14861145,91.71291275,10540.43569870,True
410,1618473600000000000,BINANCE-001,MARGIN,USDT,10632.14861145,91.71291275,10540.43569870,False
411,1618502400008000000,BINANCE-001,MARGIN,USDT,10627.64606565,91.71291275,10535.93315290,True
412,1618502400008000000,BINANCE-001,MARGIN,USDT,10627.64606565,91.71291275,10535.93315290,False
413,1618531200008000000,BINANCE-001,MARGIN,USDT,10623.14003430,91.71291275,10531.42712155,True
414,1618531200008000000,BINANCE-001,MARGIN,USDT,10623.14003430,91.71291275,10531.42712155,False
415,1618560000000000000,BINANCE-001,MARGIN,USDT,10618.34268814,91.71291275,10526.62977539,True
416,1618560000000000000,BINANCE-001,MARGIN,USDT,10618.34268814,91.71291275,10526.62977539,False
417,1618588800002000000,BINANCE-001,MARGIN,USDT,10613.71633124,91.71291275,10522.00341849,True
418,1618588800002000000,BINANCE-001,MARGIN,USDT,10613.71633124,91.71291275,10522.00341849,False
419,1618617600008000000,BINANCE-001,MARGIN,USDT,10611.52413235,91.71291275,10519.81121960,True
420,1618617600008000000,BINANCE-001,MARGIN,USDT,10611.52413235,91.71291275,10519.81121960,False
421,1618646400000000000,BINANCE-001,MARGIN,USDT,10609.34248953,91.71291275,10517.62957678,True
422,1618646400000000000,BINANCE-001,MARGIN,USDT,10609.34248953,91.71291275,10517.62957678,False
423,1618675200001000000,BINANCE-001,MARGIN,USDT,10605.90725776,91.71291275,10514.19434501,True
424,1618675200001000000,BINANCE-001,MARGIN,USDT,10605.90725776,91.71291275,10514.19434501,False
425,1618704000006000000,BINANCE-001,MARGIN,USDT,10602.71974257,91.71291275,10511.00682982,True
426,1618704000006000000,BINANCE-001,MARGIN,USDT,10602.71974257,91.71291275,10511.00682982,False
427,1618732800004000000,BINANCE-001,MARGIN,USDT,10600.58505222,91.71291275,10508.87213947,True
428,1618732800004000000,BINANCE-001,MARGIN,USDT,10600.58505222,91.71291275,10508.87213947,False
429,1618761600000000000,BINANCE-001,MARGIN,USDT,10600.22446519,91.71291275,10508.51155244,True
430,1618761600000000000,BINANCE-001,MARGIN,USDT,10600.22446519,91.71291275,10508.51155244,False
431,1618790400000000000,BINANCE-001,MARGIN,USDT,10599.85943397,91.71291275,10508.14652122,True
432,1618790400000000000,BINANCE-001,MARGIN,USDT,10599.85943397,91.71291275,10508.14652122,False
433,1618790460000000000,BINANCE-001,MARGIN,USDT,10576.79642137,0.00000000,10576.79642137,False
434,1618790520000000000,BINANCE-001,MARGIN,USDT,10573.25352376,88.57244025,10484.68108351,False
435,1618819200000000000,BINANCE-001,MARGIN,USDT,10573.61466870,88.57244025,10485.04222845,True
436,1618819200000000000,BINANCE-001,MARGIN,USDT,10573.61466870,88.57244025,10485.04222845,False
437,1618848000009000000,BINANCE-001,MARGIN,USDT,10573.95850815,88.57244025,10485.38606790,True
438,1618848000009000000,BINANCE-001,MARGIN,USDT,10573.95850815,88.57244025,10485.38606790,False
439,1618876800004000000,BINANCE-001,MARGIN,USDT,10574.30900134,88.57244025,10485.73656109,True
440,1618876800004000000,BINANCE-001,MARGIN,USDT,10574.30900134,88.57244025,10485.73656109,False
441,1618905600000000000,BINANCE-001,MARGIN,USDT,10574.65171323,88.57244025,10486.07927298,True
442,1618905600000000000,BINANCE-001,MARGIN,USDT,10574.65171323,88.57244025,10486.07927298,False
443,1618934400001000000,BINANCE-001,MARGIN,USDT,10575.00028681,88.57244025,10486.42784656,True
444,1618934400001000000,BINANCE-001,MARGIN,USDT,10575.00028681,88.57244025,10486.42784656,False
445,1618963200013000000,BINANCE-001,MARGIN,USDT,10575.35585632,88.57244025,10486.78341607,True
446,1618963200013000000,BINANCE-001,MARGIN,USDT,10575.35585632,88.57244025,10486.78341607,False
447,1618992000001000000,BINANCE-001,MARGIN,USDT,10575.70417570,88.57244025,10487.13173545,True
448,1618992000001000000,BINANCE-001,MARGIN,USDT,10575.70417570,88.57244025,10487.13173545,False
449,1619020800002000000,BINANCE-001,MARGIN,USDT,10576.05790369,88.57244025,10487.48546344,True
450,1619020800002000000,BINANCE-001,MARGIN,USDT,10576.05790369,88.57244025,10487.48546344,False
451,1619049600000000000,BINANCE-001,MARGIN,USDT,10576.39680610,88.57244025,10487.82436585,True
452,1619049600000000000,BINANCE-001,MARGIN,USDT,10576.39680610,88.57244025,10487.82436585,False
453,1619078400000000000,BINANCE-001,MARGIN,USDT,10576.73791374,88.57244025,10488.16547349,True
454,1619078400000000000,BINANCE-001,MARGIN,USDT,10576.73791374,88.57244025,10488.16547349,False
455,1619107200001000000,BINANCE-001,MARGIN,USDT,10577.08232378,88.57244025,10488.50988353,True
456,1619107200001000000,BINANCE-001,MARGIN,USDT,10577.08232378,88.57244025,10488.50988353,False
457,1619136000002000000,BINANCE-001,MARGIN,USDT,10577.40818284,88.57244025,10488.83574259,True
458,1619136000002000000,BINANCE-001,MARGIN,USDT,10577.40818284,88.57244025,10488.83574259,False
459,1619164800009000000,BINANCE-001,MARGIN,USDT,10578.84982032,88.57244025,10490.27738007,True
460,1619164800009000000,BINANCE-001,MARGIN,USDT,10578.84982032,88.57244025,10490.27738007,False
461,1619193600001000000,BINANCE-001,MARGIN,USDT,10579.16383434,88.57244025,10490.59139409,True
462,1619193600001000000,BINANCE-001,MARGIN,USDT,10579.16383434,88.57244025,10490.59139409,False
463,1619222400019000000,BINANCE-001,MARGIN,USDT,10579.48595567,88.57244025,10490.91351542,True
464,1619222400019000000,BINANCE-001,MARGIN,USDT,10579.48595567,88.57244025,10490.91351542,False
465,1619251200001000000,BINANCE-001,MARGIN,USDT,10580.35510797,88.57244025,10491.78266772,True
466,1619251200001000000,BINANCE-001,MARGIN,USDT,10580.35510797,88.57244025,10491.78266772,False
467,1619280000011000000,BINANCE-001,MARGIN,USDT,10580.88549724,88.57244025,10492.31305699,True
468,1619280000011000000,BINANCE-001,MARGIN,USDT,10580.88549724,88.57244025,10492.31305699,False
469,1619308800000000000,BINANCE-001,MARGIN,USDT,10581.57032261,88.57244025,10492.99788236,True
470,1619308800000000000,BINANCE-001,MARGIN,USDT,10581.57032261,88.57244025,10492.99788236,False
471,1619337600010000000,BINANCE-001,MARGIN,USDT,10582.77719138,88.57244025,10494.20475113,True
472,1619337600010000000,BINANCE-001,MARGIN,USDT,10582.77719138,88.57244025,10494.20475113,False
473,1619366400000000000,BINANCE-001,MARGIN,USDT,10583.09387339,88.57244025,10494.52143314,True
474,1619366400000000000,BINANCE-001,MARGIN,USDT,10583.09387339,88.57244025,10494.52143314,False
475,1619395200003000000,BINANCE-001,MARGIN,USDT,10583.40292519,88.57244025,10494.83048494,True
476,1619395200003000000,BINANCE-001,MARGIN,USDT,10583.40292519,88.57244025,10494.83048494,False
477,1619395260000000000,BINANCE-001,MARGIN,USDT,10582.32351873,115.55760175,10466.76591698,False
478,1619424000002000000,BINANCE-001,MARGIN,USDT,10582.77245375,115.55760175,10467.21485200,True
479,1619424000002000000,BINANCE-001,MARGIN,USDT,10582.77245375,115.55760175,10467.21485200,False
480,1619452800004000000,BINANCE-001,MARGIN,USDT,10583.22776747,115.55760175,10467.67016572,True
481,1619452800004000000,BINANCE-001,MARGIN,USDT,10583.22776747,115.55760175,10467.67016572,False
482,1619481600000000000,BINANCE-001,MARGIN,USDT,10583.68666572,115.55760175,10468.12906397,True
483,1619481600000000000,BINANCE-001,MARGIN,USDT,10583.68666572,115.55760175,10468.12906397,False
484,1619510400000000000,BINANCE-001,MARGIN,USDT,10584.15026412,115.55760175,10468.59266237,True
485,1619510400000000000,BINANCE-001,MARGIN,USDT,10584.15026412,115.55760175,10468.59266237,False
486,1619539200009000000,BINANCE-001,MARGIN,USDT,10584.61771926,115.55760175,10469.06011751,True
487,1619539200009000000,BINANCE-001,MARGIN,USDT,10584.61771926,115.55760175,10469.06011751,False
488,1619568000000000000,BINANCE-001,MARGIN,USDT,10585.08534203,115.55760175,10469.52774028,True
489,1619568000000000000,BINANCE-001,MARGIN,USDT,10585.08534203,115.55760175,10469.52774028,False
490,1619596800000000000,BINANCE-001,MARGIN,USDT,10585.54674208,115.55760175,10469.98914033,True
491,1619596800000000000,BINANCE-001,MARGIN,USDT,10585.54674208,115.55760175,10469.98914033,False
492,1619625600001000000,BINANCE-001,MARGIN,USDT,10586.00876668,115.55760175,10470.45116493,True
493,1619625600001000000,BINANCE-001,MARGIN,USDT,10586.00876668,115.55760175,10470.45116493,False
494,1619654400004000000,BINANCE-001,MARGIN,USDT,10586.47488713,115.55760175,10470.91728538,True
495,1619654400004000000,BINANCE-001,MARGIN,USDT,10586.47488713,115.55760175,10470.91728538,False
496,1619683200013000000,BINANCE-001,MARGIN,USDT,10586.93771471,115.55760175,10471.38011296,True
497,1619683200013000000,BINANCE-001,MARGIN,USDT,10586.93771471,115.55760175,10471.38011296,False
498,1619712000003000000,BINANCE-001,MARGIN,USDT,10587.39461402,115.55760175,10471.83701227,True
499,1619712000003000000,BINANCE-001,MARGIN,USDT,10587.39461402,115.55760175,10471.83701227,False
500,1619740800004000000,BINANCE-001,MARGIN,USDT,10587.84983858,115.55760175,10472.29223683,True
501,1619740800004000000,BINANCE-001,MARGIN,USDT,10587.84983858,115.55760175,10472.29223683,False
502,1619769600019000000,BINANCE-001,MARGIN,USDT,10588.31184758,115.55760175,10472.75424583,True
503,1619769600019000000,BINANCE-001,MARGIN,USDT,10588.31184758,115.55760175,10472.75424583,False
504,1619798400003000000,BINANCE-001,MARGIN,USDT,10588.79755127,115.55760175,10473.23994952,True
505,1619798400003000000,BINANCE-001,MARGIN,USDT,10588.79755127,115.55760175,10473.23994952,False
506,1619827200002000000,BINANCE-001,MARGIN,USDT,10589.34723508,115.55760175,10473.78963333,True
507,1619827200002000000,BINANCE-001,MARGIN,USDT,10589.34723508,115.55760175,10473.78963333,False
508,1619856000006000000,BINANCE-001,MARGIN,USDT,10589.83806444,115.55760175,10474.28046269,True
509,1619856000006000000,BINANCE-001,MARGIN,USDT,10589.83806444,115.55760175,10474.28046269,False
510,1619884800000000000,BINANCE-001,MARGIN,USDT,10591.42340286,115.55760175,10475.86580111,True
511,1619884800000000000,BINANCE-001,MARGIN,USDT,10591.42340286,115.55760175,10475.86580111,False
512,1619913600010000000,BINANCE-001,MARGIN,USDT,10592.20104266,115.55760175,10476.64344091,True
513,1619913600010000000,BINANCE-001,MARGIN,USDT,10592.20104266,115.55760175,10476.64344091,False
514,1619942400011000000,BINANCE-001,MARGIN,USDT,10594.38287769,115.55760175,10478.82527594,True
515,1619942400011000000,BINANCE-001,MARGIN,USDT,10594.38287769,115.55760175,10478.82527594,False
516,1619971200007000000,BINANCE-001,MARGIN,USDT,10596.56335961,115.55760175,10481.00575786,True
517,1619971200007000000,BINANCE-001,MARGIN,USDT,10596.56335961,115.55760175,10481.00575786,False
518,1620000000003000000,BINANCE-001,MARGIN,USDT,10598.50377393,115.55760175,10482.94617218,True
519,1620000000003000000,BINANCE-001,MARGIN,USDT,10598.50377393,115.55760175,10482.94617218,False
520,1620000060000000000,BINANCE-001,MARGIN,USDT,10526.98917774,73.41306464,10453.57611310,False
521,1620028800000000000,BINANCE-001,MARGIN,USDT,10528.13906932,73.41306464,10454.72600468,True
522,1620028800000000000,BINANCE-001,MARGIN,USDT,10528.13906932,73.41306464,10454.72600468,False
523,1620057600043000000,BINANCE-001,MARGIN,USDT,10530.23503708,73.41306464,10456.82197244,True
524,1620057600043000000,BINANCE-001,MARGIN,USDT,10530.23503708,73.41306464,10456.82197244,False
525,1620086400004000000,BINANCE-001,MARGIN,USDT,10531.80883372,73.41306464,10458.39576908,True
526,1620086400004000000,BINANCE-001,MARGIN,USDT,10531.80883372,73.41306464,10458.39576908,False
527,1620115200003000000,BINANCE-001,MARGIN,USDT,10532.17698453,73.41306464,10458.76391989,True
528,1620115200003000000,BINANCE-001,MARGIN,USDT,10532.17698453,73.41306464,10458.76391989,False
529,1620144000011000000,BINANCE-001,MARGIN,USDT,10534.10897007,73.41306464,10460.69590543,True
530,1620144000011000000,BINANCE-001,MARGIN,USDT,10534.10897007,73.41306464,10460.69590543,False
531,1620172800001000000,BINANCE-001,MARGIN,USDT,10535.39455539,73.41306464,10461.98149075,True
532,1620172800001000000,BINANCE-001,MARGIN,USDT,10535.39455539,73.41306464,10461.98149075,False
533,1620201600007000000,BINANCE-001,MARGIN,USDT,10536.65274936,73.41306464,10463.23968472,True
534,1620201600007000000,BINANCE-001,MARGIN,USDT,10536.65274936,73.41306464,10463.23968472,False
535,1620230400001000000,BINANCE-001,MARGIN,USDT,10537.01761457,73.41306464,10463.60454993,True
536,1620230400001000000,BINANCE-001,MARGIN,USDT,10537.01761457,73.41306464,10463.60454993,False
537,1620259200003000000,BINANCE-001,MARGIN,USDT,10539.38081280,73.41306464,10465.96774816,True
538,1620259200003000000,BINANCE-001,MARGIN,USDT,10539.38081280,73.41306464,10465.96774816,False
539,1620288000001000000,BINANCE-001,MARGIN,USDT,10541.22227860,73.41306464,10467.80921396,True
540,1620288000001000000,BINANCE-001,MARGIN,USDT,10541.22227860,73.41306464,10467.80921396,False
541,1620316800000000000,BINANCE-001,MARGIN,USDT,10544.10948541,73.41306464,10470.69642077,True
542,1620316800000000000,BINANCE-001,MARGIN,USDT,10544.10948541,73.41306464,10470.69642077,False
543,1620345600000000000,BINANCE-001,MARGIN,USDT,10545.47016341,73.41306464,10472.05709877,True
544,1620345600000000000,BINANCE-001,MARGIN,USDT,10545.47016341,73.41306464,10472.05709877,False
545,1620374400000000000,BINANCE-001,MARGIN,USDT,10547.07782894,73.41306464,10473.66476430,True
546,1620374400000000000,BINANCE-001,MARGIN,USDT,10547.07782894,73.41306464,10473.66476430,False
547,1620403200001000000,BINANCE-001,MARGIN,USDT,10547.61056135,73.41306464,10474.19749671,True
548,1620403200001000000,BINANCE-001,MARGIN,USDT,10547.61056135,73.41306464,10474.19749671,False
549,1620432000006000000,BINANCE-001,MARGIN,USDT,10549.44919120,73.41306464,10476.03612656,True
550,1620432000006000000,BINANCE-001,MARGIN,USDT,10549.44919120,73.41306464,10476.03612656,False
551,1620460800000000000,BINANCE-001,MARGIN,USDT,10550.91098687,73.41306464,10477.49792223,True
552,1620460800000000000,BINANCE-001,MARGIN,USDT,10550.91098687,73.41306464,10477.49792223,False
553,1620489600000000000,BINANCE-001,MARGIN,USDT,10552.35573642,73.41306464,10478.94267178,True
554,1620489600000000000,BINANCE-001,MARGIN,USDT,10552.35573642,73.41306464,10478.94267178,False
555,1620518400005000000,BINANCE-001,MARGIN,USDT,10553.91294252,73.41306464,10480.49987788,True
556,1620518400005000000,BINANCE-001,MARGIN,USDT,10553.91294252,73.41306464,10480.49987788,False
557,1620547200016000000,BINANCE-001,MARGIN,USDT,10555.28610755,73.41306464,10481.87304291,True
558,1620547200016000000,BINANCE-001,MARGIN,USDT,10555.28610755,73.41306464,10481.87304291,False
559,1620576000000000000,BINANCE-001,MARGIN,USDT,10557.26768786,73.41306464,10483.85462322,True
560,1620576000000000000,BINANCE-001,MARGIN,USDT,10557.26768786,73.41306464,10483.85462322,False
561,1620604800004000000,BINANCE-001,MARGIN,USDT,10558.32272955,73.41306464,10484.90966491,True
562,1620604800004000000,BINANCE-001,MARGIN,USDT,10558.32272955,73.41306464,10484.90966491,False
563,1620604860000000000,BINANCE-001,MARGIN,USDT,10530.52723695,63.89655626,10466.63068069,False
564,1620633600000000000,BINANCE-001,MARGIN,USDT,10533.00731250,63.89655626,10469.11075624,True
565,1620633600000000000,BINANCE-001,MARGIN,USDT,10533.00731250,63.89655626,10469.11075624,False
566,1620662400013000000,BINANCE-001,MARGIN,USDT,10535.71296636,63.89655626,10471.81641010,True
567,1620662400013000000,BINANCE-001,MARGIN,USDT,10535.71296636,63.89655626,10471.81641010,False
568,1620691200000000000,BINANCE-001,MARGIN,USDT,10536.75178254,63.89655626,10472.85522628,True
569,1620691200000000000,BINANCE-001,MARGIN,USDT,10536.75178254,63.89655626,10472.85522628,False
570,1620720000000000000,BINANCE-001,MARGIN,USDT,10538.08585869,63.89655626,10474.18930243,True
571,1620720000000000000,BINANCE-001,MARGIN,USDT,10538.08585869,63.89655626,10474.18930243,False
572,1620748800002000000,BINANCE-001,MARGIN,USDT,10538.76132615,63.89655626,10474.86476989,True
573,1620748800002000000,BINANCE-001,MARGIN,USDT,10538.76132615,63.89655626,10474.86476989,False
574,1620777600004000000,BINANCE-001,MARGIN,USDT,10539.20538913,63.89655626,10475.30883287,True
575,1620777600004000000,BINANCE-001,MARGIN,USDT,10539.20538913,63.89655626,10475.30883287,False
576,1620806400007000000,BINANCE-001,MARGIN,USDT,10540.11173768,63.89655626,10476.21518142,True
577,1620806400007000000,BINANCE-001,MARGIN,USDT,10540.11173768,63.89655626,10476.21518142,False
578,1620835200012000000,BINANCE-001,MARGIN,USDT,10541.14922508,63.89655626,10477.25266882,True
579,1620835200012000000,BINANCE-001,MARGIN,USDT,10541.14922508,63.89655626,10477.25266882,False
580,1620864000016000000,BINANCE-001,MARGIN,USDT,10541.42090209,63.89655626,10477.52434583,True
581,1620864000016000000,BINANCE-001,MARGIN,USDT,10541.42090209,63.89655626,10477.52434583,False
582,1620892800000000000,BINANCE-001,MARGIN,USDT,10541.66011508,63.89655626,10477.76355882,True
583,1620892800000000000,BINANCE-001,MARGIN,USDT,10541.66011508,63.89655626,10477.76355882,False
584,1620921600008000000,BINANCE-001,MARGIN,USDT,10542.19416911,63.89655626,10478.29761285,True
585,1620921600008000000,BINANCE-001,MARGIN,USDT,10542.19416911,63.89655626,10478.29761285,False
586,1620950400007000000,BINANCE-001,MARGIN,USDT,10543.12962776,63.89655626,10479.23307150,True
587,1620950400007000000,BINANCE-001,MARGIN,USDT,10543.12962776,63.89655626,10479.23307150,False
588,1620979200001000000,BINANCE-001,MARGIN,USDT,10543.95801968,63.89655626,10480.06146342,True
589,1620979200001000000,BINANCE-001,MARGIN,USDT,10543.95801968,63.89655626,10480.06146342,False
590,1621008000004000000,BINANCE-001,MARGIN,USDT,10544.32094854,63.89655626,10480.42439228,True
591,1621008000004000000,BINANCE-001,MARGIN,USDT,10544.32094854,63.89655626,10480.42439228,False
592,1621036800022000000,BINANCE-001,MARGIN,USDT,10544.55530538,63.89655626,10480.65874912,True
593,1621036800022000000,BINANCE-001,MARGIN,USDT,10544.55530538,63.89655626,10480.65874912,False
594,1621065600014000000,BINANCE-001,MARGIN,USDT,10544.78603623,63.89655626,10480.88947997,True
595,1621065600014000000,BINANCE-001,MARGIN,USDT,10544.78603623,63.89655626,10480.88947997,False
596,1621094400002000000,BINANCE-001,MARGIN,USDT,10545.25022145,63.89655626,10481.35366519,True
597,1621094400002000000,BINANCE-001,MARGIN,USDT,10545.25022145,63.89655626,10481.35366519,False
598,1621123200000000000,BINANCE-001,MARGIN,USDT,10546.13524984,63.89655626,10482.23869358,True
599,1621123200000000000,BINANCE-001,MARGIN,USDT,10546.13524984,63.89655626,10482.23869358,False
600,1621152000003000000,BINANCE-001,MARGIN,USDT,10546.52246761,63.89655626,10482.62591135,True
601,1621152000003000000,BINANCE-001,MARGIN,USDT,10546.52246761,63.89655626,10482.62591135,False
602,1621180800002000000,BINANCE-001,MARGIN,USDT,10547.33564695,63.89655626,10483.43909069,True
603,1621180800002000000,BINANCE-001,MARGIN,USDT,10547.33564695,63.89655626,10483.43909069,False
604,1621209600005000000,BINANCE-001,MARGIN,USDT,10547.55388474,63.89655626,10483.65732848,True
605,1621209600005000000,BINANCE-001,MARGIN,USDT,10547.55388474,63.89655626,10483.65732848,False
606,1621209660000000000,BINANCE-001,MARGIN,USDT,10547.22887985,72.02167851,10475.20720134,False
607,1621238400001000000,BINANCE-001,MARGIN,USDT,10548.78928177,72.02167851,10476.76760326,True
608,1621238400001000000,BINANCE-001,MARGIN,USDT,10548.78928177,72.02167851,10476.76760326,False
609,1621267200000000000,BINANCE-001,MARGIN,USDT,10550.17890972,72.02167851,10478.15723121,True
610,1621267200000000000,BINANCE-001,MARGIN,USDT,10550.17890972,72.02167851,10478.15723121,False
611,1621296000019000000,BINANCE-001,MARGIN,USDT,10551.46414095,72.02167851,10479.44246244,True
612,1621296000019000000,BINANCE-001,MARGIN,USDT,10551.46414095,72.02167851,10479.44246244,False
613,1621324800001000000,BINANCE-001,MARGIN,USDT,10551.82314447,72.02167851,10479.80146596,True
614,1621324800001000000,BINANCE-001,MARGIN,USDT,10551.82314447,72.02167851,10479.80146596,False
615,1621353600006000000,BINANCE-001,MARGIN,USDT,10552.32965348,72.02167851,10480.30797497,True
616,1621353600006000000,BINANCE-001,MARGIN,USDT,10552.32965348,72.02167851,10480.30797497,False
617,1621382400000000000,BINANCE-001,MARGIN,USDT,10552.56113807,72.02167851,10480.53945956,True
618,1621382400000000000,BINANCE-001,MARGIN,USDT,10552.56113807,72.02167851,10480.53945956,False
619,1621411200003000000,BINANCE-001,MARGIN,USDT,10553.34246407,72.02167851,10481.32078556,True
620,1621411200003000000,BINANCE-001,MARGIN,USDT,10553.34246407,72.02167851,10481.32078556,False
621,1621440000018000000,BINANCE-001,MARGIN,USDT,10551.53538445,72.02167851,10479.51370594,True
622,1621440000018000000,BINANCE-001,MARGIN,USDT,10551.53538445,72.02167851,10479.51370594,False
623,1621468800005000000,BINANCE-001,MARGIN,USDT,10551.73331287,72.02167851,10479.71163436,True
624,1621468800005000000,BINANCE-001,MARGIN,USDT,10551.73331287,72.02167851,10479.71163436,False
625,1621497600000000000,BINANCE-001,MARGIN,USDT,10551.94909406,72.02167851,10479.92741555,True
626,1621497600000000000,BINANCE-001,MARGIN,USDT,10551.94909406,72.02167851,10479.92741555,False
627,1621526400005000000,BINANCE-001,MARGIN,USDT,10552.17271373,72.02167851,10480.15103522,True
628,1621526400005000000,BINANCE-001,MARGIN,USDT,10552.17271373,72.02167851,10480.15103522,False
629,1621555200000000000,BINANCE-001,MARGIN,USDT,10552.39147130,72.02167851,10480.36979279,True
630,1621555200000000000,BINANCE-001,MARGIN,USDT,10552.39147130,72.02167851,10480.36979279,False
631,1621584000000000000,BINANCE-001,MARGIN,USDT,10552.36994700,72.02167851,10480.34826849,True
632,1621584000000000000,BINANCE-001,MARGIN,USDT,10552.36994700,72.02167851,10480.34826849,False
633,1621612800001000000,BINANCE-001,MARGIN,USDT,10552.51988213,72.02167851,10480.49820362,True
634,1621612800001000000,BINANCE-001,MARGIN,USDT,10552.51988213,72.02167851,10480.49820362,False
635,1621641600001000000,BINANCE-001,MARGIN,USDT,10552.02830934,72.02167851,10480.00663083,True
636,1621641600001000000,BINANCE-001,MARGIN,USDT,10552.02830934,72.02167851,10480.00663083,False
637,1621670400002000000,BINANCE-001,MARGIN,USDT,10552.22416407,72.02167851,10480.20248556,True
638,1621670400002000000,BINANCE-001,MARGIN,USDT,10552.22416407,72.02167851,10480.20248556,False
639,1621699200005000000,BINANCE-001,MARGIN,USDT,10552.43010928,72.02167851,10480.40843077,True
640,1621699200005000000,BINANCE-001,MARGIN,USDT,10552.43010928,72.02167851,10480.40843077,False
641,1621728000006000000,BINANCE-001,MARGIN,USDT,10552.32882029,72.02167851,10480.30714178,True
642,1621728000006000000,BINANCE-001,MARGIN,USDT,10552.32882029,72.02167851,10480.30714178,False
643,1621756800004000000,BINANCE-001,MARGIN,USDT,10552.30829492,72.02167851,10480.28661641,True
644,1621756800004000000,BINANCE-001,MARGIN,USDT,10552.30829492,72.02167851,10480.28661641,False
645,1621785600002000000,BINANCE-001,MARGIN,USDT,10552.39277259,72.02167851,10480.37109408,True
646,1621785600002000000,BINANCE-001,MARGIN,USDT,10552.39277259,72.02167851,10480.37109408,False
647,1621814400007000000,BINANCE-001,MARGIN,USDT,10552.23328849,72.02167851,10480.21160998,True
648,1621814400007000000,BINANCE-001,MARGIN,USDT,10552.23328849,72.02167851,10480.21160998,False
649,1621814460000000000,BINANCE-001,MARGIN,USDT,10552.09468213,75.48683751,10476.60784462,False
650,1621843200005000000,BINANCE-001,MARGIN,USDT,10551.88435435,75.48683751,10476.39751684,True
651,1621843200005000000,BINANCE-001,MARGIN,USDT,10551.88435435,75.48683751,10476.39751684,False
652,1621872000005000000,BINANCE-001,MARGIN,USDT,10551.92982410,75.48683751,10476.44298659,True
653,1621872000005000000,BINANCE-001,MARGIN,USDT,10551.92982410,75.48683751,10476.44298659,False
654,1621900800000000000,BINANCE-001,MARGIN,USDT,10552.15473499,75.48683751,10476.66789748,True
655,1621900800000000000,BINANCE-001,MARGIN,USDT,10552.15473499,75.48683751,10476.66789748,False
656,1621929600014000000,BINANCE-001,MARGIN,USDT,10552.38083474,75.48683751,10476.89399723,True
657,1621929600014000000,BINANCE-001,MARGIN,USDT,10552.38083474,75.48683751,10476.89399723,False
658,1621958400000000000,BINANCE-001,MARGIN,USDT,10552.60278450,75.48683751,10477.11594699,True
659,1621958400000000000,BINANCE-001,MARGIN,USDT,10552.60278450,75.48683751,10477.11594699,False
660,1621987200022000000,BINANCE-001,MARGIN,USDT,10552.82517725,75.48683751,10477.33833974,True
661,1621987200022000000,BINANCE-001,MARGIN,USDT,10552.82517725,75.48683751,10477.33833974,False
662,1622016000018000000,BINANCE-001,MARGIN,USDT,10553.05982888,75.48683751,10477.57299137,True
663,1622016000018000000,BINANCE-001,MARGIN,USDT,10553.05982888,75.48683751,10477.57299137,False
664,1622044800004000000,BINANCE-001,MARGIN,USDT,10553.28478084,75.48683751,10477.79794333,True
665,1622044800004000000,BINANCE-001,MARGIN,USDT,10553.28478084,75.48683751,10477.79794333,False
666,1622073600000000000,BINANCE-001,MARGIN,USDT,10553.51231217,75.48683751,10478.02547466,True
667,1622073600000000000,BINANCE-001,MARGIN,USDT,10553.51231217,75.48683751,10478.02547466,False
668,1622102400017000000,BINANCE-001,MARGIN,USDT,10553.73425758,75.48683751,10478.24742007,True
669,1622102400017000000,BINANCE-001,MARGIN,USDT,10553.73425758,75.48683751,10478.24742007,False
670,1622131200000000000,BINANCE-001,MARGIN,USDT,10553.96440947,75.48683751,10478.47757196,True
671,1622131200000000000,BINANCE-001,MARGIN,USDT,10553.96440947,75.48683751,10478.47757196,False
672,1622160000005000000,BINANCE-001,MARGIN,USDT,10554.18765872,75.48683751,10478.70082121,True
673,1622160000005000000,BINANCE-001,MARGIN,USDT,10554.18765872,75.48683751,10478.70082121,False
674,1622188800009000000,BINANCE-001,MARGIN,USDT,10554.40212093,75.48683751,10478.91528342,True
675,1622188800009000000,BINANCE-001,MARGIN,USDT,10554.40212093,75.48683751,10478.91528342,False
676,1622217600000000000,BINANCE-001,MARGIN,USDT,10554.61522430,75.48683751,10479.12838679,True
677,1622217600000000000,BINANCE-001,MARGIN,USDT,10554.61522430,75.48683751,10479.12838679,False
678,1622246400006000000,BINANCE-001,MARGIN,USDT,10554.82208391,75.48683751,10479.33524640,True
679,1622246400006000000,BINANCE-001,MARGIN,USDT,10554.82208391,75.48683751,10479.33524640,False
680,1622275200000000000,BINANCE-001,MARGIN,USDT,10555.03199107,75.48683751,10479.54515356,True
681,1622275200000000000,BINANCE-001,MARGIN,USDT,10555.03199107,75.48683751,10479.54515356,False
682,1622304000000000000,BINANCE-001,MARGIN,USDT,10555.23917961,75.48683751,10479.75234210,True
683,1622304000000000000,BINANCE-001,MARGIN,USDT,10555.23917961,75.48683751,10479.75234210,False
684,1622332800003000000,BINANCE-001,MARGIN,USDT,10555.43980169,75.48683751,10479.95296418,True
685,1622332800003000000,BINANCE-001,MARGIN,USDT,10555.43980169,75.48683751,10479.95296418,False
686,1622361600004000000,BINANCE-001,MARGIN,USDT,10555.64855140,75.48683751,10480.16171389,True
687,1622361600004000000,BINANCE-001,MARGIN,USDT,10555.64855140,75.48683751,10480.16171389,False
688,1622390400018000000,BINANCE-001,MARGIN,USDT,10555.85441005,75.48683751,10480.36757254,True
689,1622390400018000000,BINANCE-001,MARGIN,USDT,10555.85441005,75.48683751,10480.36757254,False
690,1622419200002000000,BINANCE-001,MARGIN,USDT,10556.06119049,75.48683751,10480.57435298,True
691,1622419200002000000,BINANCE-001,MARGIN,USDT,10556.06119049,75.48683751,10480.57435298,False
692,1622419260000000000,BINANCE-001,MARGIN,USDT,10605.17843885,71.58234592,10533.59609293,False
693,1622448000000000000,BINANCE-001,MARGIN,USDT,10605.37553968,71.58234592,10533.79319376,True
694,1622448000000000000,BINANCE-001,MARGIN,USDT,10605.37553968,71.58234592,10533.79319376,False
695,1622476800000000000,BINANCE-001,MARGIN,USDT,10605.57879575,71.58234592,10533.99644983,True
696,1622476800000000000,BINANCE-001,MARGIN,USDT,10605.57879575,71.58234592,10533.99644983,False
697,1622505600001000000,BINANCE-001,MARGIN,USDT,10605.78362685,71.58234592,10534.20128093,True
698,1622505600001000000,BINANCE-001,MARGIN,USDT,10605.78362685,71.58234592,10534.20128093,False
699,1622534400010000000,BINANCE-001,MARGIN,USDT,10605.98614373,71.58234592,10534.40379781,True
700,1622534400010000000,BINANCE-001,MARGIN,USDT,10605.98614373,71.58234592,10534.40379781,False
701,1622563200010000000,BINANCE-001,MARGIN,USDT,10606.18537157,71.58234592,10534.60302565,True
702,1622563200010000000,BINANCE-001,MARGIN,USDT,10606.18537157,71.58234592,10534.60302565,False
703,1622592000008000000,BINANCE-001,MARGIN,USDT,10606.38717542,71.58234592,10534.80482950,True
704,1622592000008000000,BINANCE-001,MARGIN,USDT,10606.38717542,71.58234592,10534.80482950,False
705,1622620800000000000,BINANCE-001,MARGIN,USDT,10606.59188162,71.58234592,10535.00953570,True
706,1622620800000000000,BINANCE-001,MARGIN,USDT,10606.59188162,71.58234592,10535.00953570,False
707,1622649600007000000,BINANCE-001,MARGIN,USDT,10606.80106695,71.58234592,10535.21872103,True
708,1622649600007000000,BINANCE-001,MARGIN,USDT,10606.80106695,71.58234592,10535.21872103,False
709,1622678400019000000,BINANCE-001,MARGIN,USDT,10607.00768755,71.58234592,10535.42534163,True
710,1622678400019000000,BINANCE-001,MARGIN,USDT,10607.00768755,71.58234592,10535.42534163,False
711,1622707200002000000,BINANCE-001,MARGIN,USDT,10607.22017493,71.58234592,10535.63782901,True
712,1622707200002000000,BINANCE-001,MARGIN,USDT,10607.22017493,71.58234592,10535.63782901,False
713,1622736000003000000,BINANCE-001,MARGIN,USDT,10607.43222600,71.58234592,10535.84988008,True
714,1622736000003000000,BINANCE-001,MARGIN,USDT,10607.43222600,71.58234592,10535.84988008,False
715,1622764800003000000,BINANCE-001,MARGIN,USDT,10607.64804783,71.58234592,10536.06570191,True
716,1622764800003000000,BINANCE-001,MARGIN,USDT,10607.64804783,71.58234592,10536.06570191,False
717,1622793600006000000,BINANCE-001,MARGIN,USDT,10608.06232295,71.58234592,10536.47997703,True
718,1622793600006000000,BINANCE-001,MARGIN,USDT,10608.06232295,71.58234592,10536.47997703,False
719,1622822400002000000,BINANCE-001,MARGIN,USDT,10608.26553820,71.58234592,10536.68319228,True
720,1622822400002000000,BINANCE-001,MARGIN,USDT,10608.26553820,71.58234592,10536.68319228,False
721,1622851200000000000,BINANCE-001,MARGIN,USDT,10608.46816696,71.58234592,10536.88582104,True
722,1622851200000000000,BINANCE-001,MARGIN,USDT,10608.46816696,71.58234592,10536.88582104,False
723,1622880000004000000,BINANCE-001,MARGIN,USDT,10608.67485477,71.58234592,10537.09250885,True
724,1622880000004000000,BINANCE-001,MARGIN,USDT,10608.67485477,71.58234592,10537.09250885,False
725,1622908800020000000,BINANCE-001,MARGIN,USDT,10608.87451167,71.58234592,10537.29216575,True
726,1622908800020000000,BINANCE-001,MARGIN,USDT,10608.87451167,71.58234592,10537.29216575,False
727,1622937600000000000,BINANCE-001,MARGIN,USDT,10609.06978728,71.58234592,10537.48744136,True
728,1622937600000000000,BINANCE-001,MARGIN,USDT,10609.06978728,71.58234592,10537.48744136,False
729,1622966400004000000,BINANCE-001,MARGIN,USDT,10609.26850348,71.58234592,10537.68615756,True
730,1622966400004000000,BINANCE-001,MARGIN,USDT,10609.26850348,71.58234592,10537.68615756,False
731,1622995200000000000,BINANCE-001,MARGIN,USDT,10609.46743848,71.58234592,10537.88509256,True
732,1622995200000000000,BINANCE-001,MARGIN,USDT,10609.46743848,71.58234592,10537.88509256,False
733,1623024000007000000,BINANCE-001,MARGIN,USDT,10609.66435272,71.58234592,10538.08200680,True
734,1623024000007000000,BINANCE-001,MARGIN,USDT,10609.66435272,71.58234592,10538.08200680,False
735,1623052800007000000,BINANCE-001,MARGIN,USDT,10609.86317272,71.58234592,10538.28082680,True
736,1623052800007000000,BINANCE-001,MARGIN,USDT,10609.86317272,71.58234592,10538.28082680,False
737,1623081600003000000,BINANCE-001,MARGIN,USDT,10610.06138436,71.58234592,10538.47903844,True
738,1623081600003000000,BINANCE-001,MARGIN,USDT,10610.06138436,71.58234592,10538.47903844,False
739,1623110400000000000,BINANCE-001,MARGIN,USDT,10610.24600205,71.58234592,10538.66365613,True
740,1623110400000000000,BINANCE-001,MARGIN,USDT,10610.24600205,71.58234592,10538.66365613,False
741,1623139200000000000,BINANCE-001,MARGIN,USDT,10610.26439027,71.58234592,10538.68204435,True
742,1623139200000000000,BINANCE-001,MARGIN,USDT,10610.26439027,71.58234592,10538.68204435,False
743,1623168000002000000,BINANCE-001,MARGIN,USDT,10610.43872434,71.58234592,10538.85637842,True
744,1623168000002000000,BINANCE-001,MARGIN,USDT,10610.43872434,71.58234592,10538.85637842,False
745,1623196800009000000,BINANCE-001,MARGIN,USDT,10610.62229866,71.58234592,10539.03995274,True
746,1623196800009000000,BINANCE-001,MARGIN,USDT,10610.62229866,71.58234592,10539.03995274,False
747,1623225600002000000,BINANCE-001,MARGIN,USDT,10610.52097089,71.58234592,10538.93862497,True
748,1623225600002000000,BINANCE-001,MARGIN,USDT,10610.52097089,71.58234592,10538.93862497,False
749,1623254400000000000,BINANCE-001,MARGIN,USDT,10610.22433526,71.58234592,10538.64198934,True
750,1623254400000000000,BINANCE-001,MARGIN,USDT,10610.22433526,71.58234592,10538.64198934,False
751,1623283200007000000,BINANCE-001,MARGIN,USDT,10609.87932331,71.58234592,10538.29697739,True
752,1623283200007000000,BINANCE-001,MARGIN,USDT,10609.87932331,71.58234592,10538.29697739,False
753,1623312000003000000,BINANCE-001,MARGIN,USDT,10610.00178802,71.58234592,10538.41944210,True
754,1623312000003000000,BINANCE-001,MARGIN,USDT,10610.00178802,71.58234592,10538.41944210,False
755,1623340800000000000,BINANCE-001,MARGIN,USDT,10610.20473394,71.58234592,10538.62238802,True
756,1623340800000000000,BINANCE-001,MARGIN,USDT,10610.20473394,71.58234592,10538.62238802,False
757,1623369600010000000,BINANCE-001,MARGIN,USDT,10610.40638594,71.58234592,10538.82404002,True
758,1623369600010000000,BINANCE-001,MARGIN,USDT,10610.40638594,71.58234592,10538.82404002,False
759,1623398400007000000,BINANCE-001,MARGIN,USDT,10610.45975122,71.58234592,10538.87740530,True
760,1623398400007000000,BINANCE-001,MARGIN,USDT,10610.45975122,71.58234592,10538.87740530,False
761,1623427200006000000,BINANCE-001,MARGIN,USDT,10610.55647864,71.58234592,10538.97413272,True
762,1623427200006000000,BINANCE-001,MARGIN,USDT,10610.55647864,71.58234592,10538.97413272,False
763,1623456000005000000,BINANCE-001,MARGIN,USDT,10610.39682530,71.58234592,10538.81447938,True
764,1623456000005000000,BINANCE-001,MARGIN,USDT,10610.39682530,71.58234592,10538.81447938,False
765,1623484800000000000,BINANCE-001,MARGIN,USDT,10610.59084770,71.58234592,10539.00850178,True
766,1623484800000000000,BINANCE-001,MARGIN,USDT,10610.59084770,71.58234592,10539.00850178,False
767,1623513600018000000,BINANCE-001,MARGIN,USDT,10610.57500480,71.58234592,10538.99265888,True
768,1623513600018000000,BINANCE-001,MARGIN,USDT,10610.57500480,71.58234592,10538.99265888,False
769,1623542400002000000,BINANCE-001,MARGIN,USDT,10610.76339911,71.58234592,10539.18105319,True
770,1623542400002000000,BINANCE-001,MARGIN,USDT,10610.76339911,71.58234592,10539.18105319,False
771,1623571200000000000,BINANCE-001,MARGIN,USDT,10610.81872324,71.58234592,10539.23637732,True
772,1623571200000000000,BINANCE-001,MARGIN,USDT,10610.81872324,71.58234592,10539.23637732,False
773,1623600000003000000,BINANCE-001,MARGIN,USDT,10610.68882724,71.58234592,10539.10648132,True
774,1623600000003000000,BINANCE-001,MARGIN,USDT,10610.68882724,71.58234592,10539.10648132,False
775,1623628800000000000,BINANCE-001,MARGIN,USDT,10610.90334300,71.58234592,10539.32099708,True
776,1623628800000000000,BINANCE-001,MARGIN,USDT,10610.90334300,71.58234592,10539.32099708,False
777,1623628860000000000,BINANCE-001,MARGIN,USDT,10702.09398295,62.47186553,10639.62211742,False
778,1623657600015000000,BINANCE-001,MARGIN,USDT,10702.28372661,62.47186553,10639.81186108,True
779,1623657600015000000,BINANCE-001,MARGIN,USDT,10702.28372661,62.47186553,10639.81186108,False
780,1623686400000000000,BINANCE-001,MARGIN,USDT,10702.22233968,62.47186553,10639.75047415,True
781,1623686400000000000,BINANCE-001,MARGIN,USDT,10702.22233968,62.47186553,10639.75047415,False
782,1623715200000000000,BINANCE-001,MARGIN,USDT,10702.37786524,62.47186553,10639.90599971,True
783,1623715200000000000,BINANCE-001,MARGIN,USDT,10702.37786524,62.47186553,10639.90599971,False
784,1623744000000000000,BINANCE-001,MARGIN,USDT,10702.57155875,62.47186553,10640.09969322,True
785,1623744000000000000,BINANCE-001,MARGIN,USDT,10702.57155875,62.47186553,10640.09969322,False
786,1623772800004000000,BINANCE-001,MARGIN,USDT,10702.76389242,62.47186553,10640.29202689,True
787,1623772800004000000,BINANCE-001,MARGIN,USDT,10702.76389242,62.47186553,10640.29202689,False
788,1623801600004000000,BINANCE-001,MARGIN,USDT,10702.95656754,62.47186553,10640.48470201,True
789,1623801600004000000,BINANCE-001,MARGIN,USDT,10702.95656754,62.47186553,10640.48470201,False
790,1623830400001000000,BINANCE-001,MARGIN,USDT,10703.14916932,62.47186553,10640.67730379,True
791,1623830400001000000,BINANCE-001,MARGIN,USDT,10703.14916932,62.47186553,10640.67730379,False
792,1623859200000000000,BINANCE-001,MARGIN,USDT,10703.33530867,62.47186553,10640.86344314,True
793,1623859200000000000,BINANCE-001,MARGIN,USDT,10703.33530867,62.47186553,10640.86344314,False
794,1623888000004000000,BINANCE-001,MARGIN,USDT,10703.51938239,62.47186553,10641.04751686,True
795,1623888000004000000,BINANCE-001,MARGIN,USDT,10703.51938239,62.47186553,10641.04751686,False
796,1623916800000000000,BINANCE-001,MARGIN,USDT,10703.70760704,62.47186553,10641.23574151,True
797,1623916800000000000,BINANCE-001,MARGIN,USDT,10703.70760704,62.47186553,10641.23574151,False
798,1623945600002000000,BINANCE-001,MARGIN,USDT,10703.89482374,62.47186553,10641.42295821,True
799,1623945600002000000,BINANCE-001,MARGIN,USDT,10703.89482374,62.47186553,10641.42295821,False
800,1623974400009000000,BINANCE-001,MARGIN,USDT,10703.99241018,62.47186553,10641.52054465,True
801,1623974400009000000,BINANCE-001,MARGIN,USDT,10703.99241018,62.47186553,10641.52054465,False
802,1624003200014000000,BINANCE-001,MARGIN,USDT,10703.99865142,62.47186553,10641.52678589,True
803,1624003200014000000,BINANCE-001,MARGIN,USDT,10703.99865142,62.47186553,10641.52678589,False
804,1624032000007000000,BINANCE-001,MARGIN,USDT,10704.17315864,62.47186553,10641.70129311,True
805,1624032000007000000,BINANCE-001,MARGIN,USDT,10704.17315864,62.47186553,10641.70129311,False
806,1624060800003000000,BINANCE-001,MARGIN,USDT,10704.08371142,62.47186553,10641.61184589,True
807,1624060800003000000,BINANCE-001,MARGIN,USDT,10704.08371142,62.47186553,10641.61184589,False
808,1624089600001000000,BINANCE-001,MARGIN,USDT,10703.92160711,62.47186553,10641.44974158,True
809,1624089600001000000,BINANCE-001,MARGIN,USDT,10703.92160711,62.47186553,10641.44974158,False
810,1624118400000000000,BINANCE-001,MARGIN,USDT,10704.05115063,62.47186553,10641.57928510,True
811,1624118400000000000,BINANCE-001,MARGIN,USDT,10704.05115063,62.47186553,10641.57928510,False
812,1624147200005000000,BINANCE-001,MARGIN,USDT,10704.22149601,62.47186553,10641.74963048,True
813,1624147200005000000,BINANCE-001,MARGIN,USDT,10704.22149601,62.47186553,10641.74963048,False
814,1624176000000000000,BINANCE-001,MARGIN,USDT,10704.39244908,62.47186553,10641.92058355,True
815,1624176000000000000,BINANCE-001,MARGIN,USDT,10704.39244908,62.47186553,10641.92058355,False
816,1624204800002000000,BINANCE-001,MARGIN,USDT,10704.08805828,62.47186553,10641.61619275,True
817,1624204800002000000,BINANCE-001,MARGIN,USDT,10704.08805828,62.47186553,10641.61619275,False
818,1624233600019000000,BINANCE-001,MARGIN,USDT,10704.06043688,62.47186553,10641.58857135,True
819,1624233600019000000,BINANCE-001,MARGIN,USDT,10704.06043688,62.47186553,10641.58857135,False
820,1624233660000000000,BINANCE-001,MARGIN,USDT,11492.97160276,0.00000000,11492.97160276,False
821,1624233720000000000,BINANCE-001,MARGIN,USDT,11490.55280944,60.46983300,11430.08297644,False
822,1624262400000000000,BINANCE-001,MARGIN,USDT,11490.32850920,60.46983300,11429.85867620,True
823,1624262400000000000,BINANCE-001,MARGIN,USDT,11490.32850920,60.46983300,11429.85867620,False
824,1624291200024000000,BINANCE-001,MARGIN,USDT,11490.76947741,60.46983300,11430.29964441,True
825,1624291200024000000,BINANCE-001,MARGIN,USDT,11490.76947741,60.46983300,11430.29964441,False
826,1624320000008000000,BINANCE-001,MARGIN,USDT,11490.59859700,60.46983300,11430.12876400,True
827,1624320000008000000,BINANCE-001,MARGIN,USDT,11490.59859700,60.46983300,11430.12876400,False
828,1624348800009000000,BINANCE-001,MARGIN,USDT,11490.37672149,60.46983300,11429.90688849,True
829,1624348800009000000,BINANCE-001,MARGIN,USDT,11490.37672149,60.46983300,11429.90688849,False
830,1624377600001000000,BINANCE-001,MARGIN,USDT,11491.08243689,60.46983300,11430.61260389,True
831,1624377600001000000,BINANCE-001,MARGIN,USDT,11491.08243689,60.46983300,11430.61260389,False
832,1624406400003000000,BINANCE-001,MARGIN,USDT,11491.08095663,60.46983300,11430.61112363,True
833,1624406400003000000,BINANCE-001,MARGIN,USDT,11491.08095663,60.46983300,11430.61112363,False
834,1624435200000000000,BINANCE-001,MARGIN,USDT,11491.39712900,60.46983300,11430.92729600,True
835,1624435200000000000,BINANCE-001,MARGIN,USDT,11491.39712900,60.46983300,11430.92729600,False
836,1624464000000000000,BINANCE-001,MARGIN,USDT,11491.85012904,60.46983300,11431.38029604,True
837,1624464000000000000,BINANCE-001,MARGIN,USDT,11491.85012904,60.46983300,11431.38029604,False
838,1624492800009000000,BINANCE-001,MARGIN,USDT,11492.02824222,60.46983300,11431.55840922,True
839,1624492800009000000,BINANCE-001,MARGIN,USDT,11492.02824222,60.46983300,11431.55840922,False
840,1624521600018000000,BINANCE-001,MARGIN,USDT,11491.80491523,60.46983300,11431.33508223,True
841,1624521600018000000,BINANCE-001,MARGIN,USDT,11491.80491523,60.46983300,11431.33508223,False
842,1624550400001000000,BINANCE-001,MARGIN,USDT,11492.23948261,60.46983300,11431.76964961,True
843,1624550400001000000,BINANCE-001,MARGIN,USDT,11492.23948261,60.46983300,11431.76964961,False
844,1624579200009000000,BINANCE-001,MARGIN,USDT,11492.18359816,60.46983300,11431.71376516,True
845,1624579200009000000,BINANCE-001,MARGIN,USDT,11492.18359816,60.46983300,11431.71376516,False
846,1624608000004000000,BINANCE-001,MARGIN,USDT,11491.95053326,60.46983300,11431.48070026,True
847,1624608000004000000,BINANCE-001,MARGIN,USDT,11491.95053326,60.46983300,11431.48070026,False
848,1624636800000000000,BINANCE-001,MARGIN,USDT,11491.72883211,60.46983300,11431.25899911,True
849,1624636800000000000,BINANCE-001,MARGIN,USDT,11491.72883211,60.46983300,11431.25899911,False
850,1624665600007000000,BINANCE-001,MARGIN,USDT,11491.96561406,60.46983300,11431.49578106,True
851,1624665600007000000,BINANCE-001,MARGIN,USDT,11491.96561406,60.46983300,11431.49578106,False
852,1624694400000000000,BINANCE-001,MARGIN,USDT,11492.23951058,60.46983300,11431.76967758,True
853,1624694400000000000,BINANCE-001,MARGIN,USDT,11492.23951058,60.46983300,11431.76967758,False
854,1624723200002000000,BINANCE-001,MARGIN,USDT,11492.46186405,60.46983300,11431.99203105,True
855,1624723200002000000,BINANCE-001,MARGIN,USDT,11492.46186405,60.46983300,11431.99203105,False
856,1624752000005000000,BINANCE-001,MARGIN,USDT,11492.97920327,60.46983300,11432.50937027,True
857,1624752000005000000,BINANCE-001,MARGIN,USDT,11492.97920327,60.46983300,11432.50937027,False
858,1624780800010000000,BINANCE-001,MARGIN,USDT,11494.17557311,60.46983300,11433.70574011,True
859,1624780800010000000,BINANCE-001,MARGIN,USDT,11494.17557311,60.46983300,11433.70574011,False
860,1624809600001000000,BINANCE-001,MARGIN,USDT,11494.76446812,60.46983300,11434.29463512,True
861,1624809600001000000,BINANCE-001,MARGIN,USDT,11494.76446812,60.46983300,11434.29463512,False
862,1624838400025000000,BINANCE-001,MARGIN,USDT,11494.83319865,60.46983300,11434.36336565,True
863,1624838400025000000,BINANCE-001,MARGIN,USDT,11494.83319865,60.46983300,11434.36336565,False
864,1624838460000000000,BINANCE-001,MARGIN,USDT,11432.44471505,0.00000000,11432.44471505,False
865,1624838520000000000,BINANCE-001,MARGIN,USDT,11430.19748565,56.18073500,11374.01675065,False
866,1624867200017000000,BINANCE-001,MARGIN,USDT,11430.27285453,56.18073500,11374.09211953,True
867,1624867200017000000,BINANCE-001,MARGIN,USDT,11430.27285453,56.18073500,11374.09211953,False
868,1624896000007000000,BINANCE-001,MARGIN,USDT,11430.50001154,56.18073500,11374.31927654,True
869,1624896000007000000,BINANCE-001,MARGIN,USDT,11430.50001154,56.18073500,11374.31927654,False
870,1624924800008000000,BINANCE-001,MARGIN,USDT,11430.68705791,56.18073500,11374.50632291,True
871,1624924800008000000,BINANCE-001,MARGIN,USDT,11430.68705791,56.18073500,11374.50632291,False
872,1624953600000000000,BINANCE-001,MARGIN,USDT,11430.91356371,56.18073500,11374.73282871,True
873,1624953600000000000,BINANCE-001,MARGIN,USDT,11430.91356371,56.18073500,11374.73282871,False
874,1624982400000000000,BINANCE-001,MARGIN,USDT,11431.00504483,56.18073500,11374.82430983,True
875,1624982400000000000,BINANCE-001,MARGIN,USDT,11431.00504483,56.18073500,11374.82430983,False
876,1625011200011000000,BINANCE-001,MARGIN,USDT,11431.23843712,56.18073500,11375.05770212,True
877,1625011200011000000,BINANCE-001,MARGIN,USDT,11431.23843712,56.18073500,11375.05770212,False
878,1625040000044000000,BINANCE-001,MARGIN,USDT,11431.46741698,56.18073500,11375.28668198,True
879,1625040000044000000,BINANCE-001,MARGIN,USDT,11431.46741698,56.18073500,11375.28668198,False
880,1625068800005000000,BINANCE-001,MARGIN,USDT,11431.68968178,56.18073500,11375.50894678,True
881,1625068800005000000,BINANCE-001,MARGIN,USDT,11431.68968178,56.18073500,11375.50894678,False
882,1625097600000000000,BINANCE-001,MARGIN,USDT,11431.91738594,56.18073500,11375.73665094,True
883,1625097600000000000,BINANCE-001,MARGIN,USDT,11431.91738594,56.18073500,11375.73665094,False
884,1625126400004000000,BINANCE-001,MARGIN,USDT,11432.13408402,56.18073500,11375.95334902,True
885,1625126400004000000,BINANCE-001,MARGIN,USDT,11432.13408402,56.18073500,11375.95334902,False
886,1625155200028000000,BINANCE-001,MARGIN,USDT,11432.35133126,56.18073500,11376.17059626,True
887,1625155200028000000,BINANCE-001,MARGIN,USDT,11432.35133126,56.18073500,11376.17059626,False
888,1625184000002000000,BINANCE-001,MARGIN,USDT,11432.53219175,56.18073500,11376.35145675,True
889,1625184000002000000,BINANCE-001,MARGIN,USDT,11432.53219175,56.18073500,11376.35145675,False
890,1625212800016000000,BINANCE-001,MARGIN,USDT,11432.74898255,56.18073500,11376.56824755,True
891,1625212800016000000,BINANCE-001,MARGIN,USDT,11432.74898255,56.18073500,11376.56824755,False
892,1625241600007000000,BINANCE-001,MARGIN,USDT,11432.48210743,56.18073500,11376.30137243,True
893,1625241600007000000,BINANCE-001,MARGIN,USDT,11432.48210743,56.18073500,11376.30137243,False
894,1625270400008000000,BINANCE-001,MARGIN,USDT,11432.37531308,56.18073500,11376.19457808,True
895,1625270400008000000,BINANCE-001,MARGIN,USDT,11432.37531308,56.18073500,11376.19457808,False
896,1625299200000000000,BINANCE-001,MARGIN,USDT,11432.07166439,56.18073500,11375.89092939,True
897,1625299200000000000,BINANCE-001,MARGIN,USDT,11432.07166439,56.18073500,11375.89092939,False
898,1625328000004000000,BINANCE-001,MARGIN,USDT,11432.15104827,56.18073500,11375.97031327,True
899,1625328000004000000,BINANCE-001,MARGIN,USDT,11432.15104827,56.18073500,11375.97031327,False
900,1625356800012000000,BINANCE-001,MARGIN,USDT,11432.22391337,56.18073500,11376.04317837,True
901,1625356800012000000,BINANCE-001,MARGIN,USDT,11432.22391337,56.18073500,11376.04317837,False
902,1625385600002000000,BINANCE-001,MARGIN,USDT,11431.87092289,56.18073500,11375.69018789,True
903,1625385600002000000,BINANCE-001,MARGIN,USDT,11431.87092289,56.18073500,11375.69018789,False
904,1625414400003000000,BINANCE-001,MARGIN,USDT,11431.97304330,56.18073500,11375.79230830,True
905,1625414400003000000,BINANCE-001,MARGIN,USDT,11431.97304330,56.18073500,11375.79230830,False
906,1625443200004000000,BINANCE-001,MARGIN,USDT,11432.20235998,56.18073500,11376.02162498,True
907,1625443200004000000,BINANCE-001,MARGIN,USDT,11432.20235998,56.18073500,11376.02162498,False
908,1625472000000000000,BINANCE-001,MARGIN,USDT,11432.42489647,56.18073500,11376.24416147,True
909,1625472000000000000,BINANCE-001,MARGIN,USDT,11432.42489647,56.18073500,11376.24416147,False
910,1625500800009000000,BINANCE-001,MARGIN,USDT,11432.19703459,56.18073500,11376.01629959,True
911,1625500800009000000,BINANCE-001,MARGIN,USDT,11432.19703459,56.18073500,11376.01629959,False
912,1625529600008000000,BINANCE-001,MARGIN,USDT,11432.18212770,56.18073500,11376.00139270,True
913,1625529600008000000,BINANCE-001,MARGIN,USDT,11432.18212770,56.18073500,11376.00139270,False
914,1625558400019000000,BINANCE-001,MARGIN,USDT,11431.92975507,56.18073500,11375.74902007,True
915,1625558400019000000,BINANCE-001,MARGIN,USDT,11431.92975507,56.18073500,11375.74902007,False
916,1625587200000000000,BINANCE-001,MARGIN,USDT,11431.74811351,56.18073500,11375.56737851,True
917,1625587200000000000,BINANCE-001,MARGIN,USDT,11431.74811351,56.18073500,11375.56737851,False
918,1625616000007000000,BINANCE-001,MARGIN,USDT,11431.45097793,56.18073500,11375.27024293,True
919,1625616000007000000,BINANCE-001,MARGIN,USDT,11431.45097793,56.18073500,11375.27024293,False
920,1625644800001000000,BINANCE-001,MARGIN,USDT,11431.67657346,56.18073500,11375.49583846,True
921,1625644800001000000,BINANCE-001,MARGIN,USDT,11431.67657346,56.18073500,11375.49583846,False
922,1625673600008000000,BINANCE-001,MARGIN,USDT,11431.90101612,56.18073500,11375.72028112,True
923,1625673600008000000,BINANCE-001,MARGIN,USDT,11431.90101612,56.18073500,11375.72028112,False
924,1625702400002000000,BINANCE-001,MARGIN,USDT,11431.93142224,56.18073500,11375.75068724,True
925,1625702400002000000,BINANCE-001,MARGIN,USDT,11431.93142224,56.18073500,11375.75068724,False
926,1625731200010000000,BINANCE-001,MARGIN,USDT,11431.79621946,56.18073500,11375.61548446,True
927,1625731200010000000,BINANCE-001,MARGIN,USDT,11431.79621946,56.18073500,11375.61548446,False
928,1625760000003000000,BINANCE-001,MARGIN,USDT,11431.19617239,56.18073500,11375.01543739,True
929,1625760000003000000,BINANCE-001,MARGIN,USDT,11431.19617239,56.18073500,11375.01543739,False
930,1625788800000000000,BINANCE-001,MARGIN,USDT,11430.96375389,56.18073500,11374.78301889,True
931,1625788800000000000,BINANCE-001,MARGIN,USDT,11430.96375389,56.18073500,11374.78301889,False
932,1625817600006000000,BINANCE-001,MARGIN,USDT,11430.59266673,56.18073500,11374.41193173,True
933,1625817600006000000,BINANCE-001,MARGIN,USDT,11430.59266673,56.18073500,11374.41193173,False
934,1625846400000000000,BINANCE-001,MARGIN,USDT,11430.18188721,56.18073500,11374.00115221,True
935,1625846400000000000,BINANCE-001,MARGIN,USDT,11430.18188721,56.18073500,11374.00115221,False
936,1625875200002000000,BINANCE-001,MARGIN,USDT,11430.18010736,56.18073500,11373.99937236,True
937,1625875200002000000,BINANCE-001,MARGIN,USDT,11430.18010736,56.18073500,11373.99937236,False
938,1625904000000000000,BINANCE-001,MARGIN,USDT,11430.35220767,56.18073500,11374.17147267,True
939,1625904000000000000,BINANCE-001,MARGIN,USDT,11430.35220767,56.18073500,11374.17147267,False
940,1625932800001000000,BINANCE-001,MARGIN,USDT,11430.35379158,56.18073500,11374.17305658,True
941,1625932800001000000,BINANCE-001,MARGIN,USDT,11430.35379158,56.18073500,11374.17305658,False
942,1625961600001000000,BINANCE-001,MARGIN,USDT,11430.52330413,56.18073500,11374.34256913,True
943,1625961600001000000,BINANCE-001,MARGIN,USDT,11430.52330413,56.18073500,11374.34256913,False
944,1625990400025000000,BINANCE-001,MARGIN,USDT,11430.74104763,56.18073500,11374.56031263,True
945,1625990400025000000,BINANCE-001,MARGIN,USDT,11430.74104763,56.18073500,11374.56031263,False
946,1626019200006000000,BINANCE-001,MARGIN,USDT,11430.66665535,56.18073500,11374.48592035,True
947,1626019200006000000,BINANCE-001,MARGIN,USDT,11430.66665535,56.18073500,11374.48592035,False
948,1626048000000000000,BINANCE-001,MARGIN,USDT,11430.86367767,56.18073500,11374.68294267,True
949,1626048000000000000,BINANCE-001,MARGIN,USDT,11430.86367767,56.18073500,11374.68294267,False
950,1626048060000000000,BINANCE-001,MARGIN,USDT,11430.21285547,72.45129000,11357.76156547,False
951,1626076800021000000,BINANCE-001,MARGIN,USDT,11430.31255257,72.45129000,11357.86126257,True
952,1626076800021000000,BINANCE-001,MARGIN,USDT,11430.31255257,72.45129000,11357.86126257,False
953,1626105600000000000,BINANCE-001,MARGIN,USDT,11430.59264512,72.45129000,11358.14135512,True
954,1626105600000000000,BINANCE-001,MARGIN,USDT,11430.59264512,72.45129000,11358.14135512,False
955,1626134400000000000,BINANCE-001,MARGIN,USDT,11430.87057679,72.45129000,11358.41928679,True
956,1626134400000000000,BINANCE-001,MARGIN,USDT,11430.87057679,72.45129000,11358.41928679,False
957,1626163200013000000,BINANCE-001,MARGIN,USDT,11431.14913479,72.45129000,11358.69784479,True
958,1626163200013000000,BINANCE-001,MARGIN,USDT,11431.14913479,72.45129000,11358.69784479,False
959,1626192000005000000,BINANCE-001,MARGIN,USDT,11431.15056631,72.45129000,11358.69927631,True
960,1626192000005000000,BINANCE-001,MARGIN,USDT,11431.15056631,72.45129000,11358.69927631,False
961,1626220800000000000,BINANCE-001,MARGIN,USDT,11431.42535992,72.45129000,11358.97406992,True
962,1626220800000000000,BINANCE-001,MARGIN,USDT,11431.42535992,72.45129000,11358.97406992,False
963,1626249600000000000,BINANCE-001,MARGIN,USDT,11431.46066175,72.45129000,11359.00937175,True
964,1626249600000000000,BINANCE-001,MARGIN,USDT,11431.46066175,72.45129000,11359.00937175,False
965,1626278400005000000,BINANCE-001,MARGIN,USDT,11431.13711005,72.45129000,11358.68582005,True
966,1626278400005000000,BINANCE-001,MARGIN,USDT,11431.13711005,72.45129000,11358.68582005,False
967,1626307200005000000,BINANCE-001,MARGIN,USDT,11431.00253236,72.45129000,11358.55124236,True
968,1626307200005000000,BINANCE-001,MARGIN,USDT,11431.00253236,72.45129000,11358.55124236,False
969,1626336000001000000,BINANCE-001,MARGIN,USDT,11431.27520442,72.45129000,11358.82391442,True
970,1626336000001000000,BINANCE-001,MARGIN,USDT,11431.27520442,72.45129000,11358.82391442,False
971,1626364800000000000,BINANCE-001,MARGIN,USDT,11431.31714276,72.45129000,11358.86585276,True
972,1626364800000000000,BINANCE-001,MARGIN,USDT,11431.31714276,72.45129000,11358.86585276,False
973,1626393600000000000,BINANCE-001,MARGIN,USDT,11431.00864366,72.45129000,11358.55735366,True
974,1626393600000000000,BINANCE-001,MARGIN,USDT,11431.00864366,72.45129000,11358.55735366,False
975,1626422400000000000,BINANCE-001,MARGIN,USDT,11431.17153562,72.45129000,11358.72024562,True
976,1626422400000000000,BINANCE-001,MARGIN,USDT,11431.17153562,72.45129000,11358.72024562,False
977,1626451200001000000,BINANCE-001,MARGIN,USDT,11431.20047106,72.45129000,11358.74918106,True
978,1626451200001000000,BINANCE-001,MARGIN,USDT,11431.20047106,72.45129000,11358.74918106,False
979,1626480000004000000,BINANCE-001,MARGIN,USDT,11431.46406490,72.45129000,11359.01277490,True
980,1626480000004000000,BINANCE-001,MARGIN,USDT,11431.46406490,72.45129000,11359.01277490,False
981,1626508800009000000,BINANCE-001,MARGIN,USDT,11431.34916244,72.45129000,11358.89787244,True
982,1626508800009000000,BINANCE-001,MARGIN,USDT,11431.34916244,72.45129000,11358.89787244,False
983,1626537600006000000,BINANCE-001,MARGIN,USDT,11431.41221486,72.45129000,11358.96092486,True
984,1626537600006000000,BINANCE-001,MARGIN,USDT,11431.41221486,72.45129000,11358.96092486,False
985,1626566400000000000,BINANCE-001,MARGIN,USDT,11431.67674699,72.45129000,11359.22545699,True
986,1626566400000000000,BINANCE-001,MARGIN,USDT,11431.67674699,72.45129000,11359.22545699,False
987,1626595200001000000,BINANCE-001,MARGIN,USDT,11431.94306891,72.45129000,11359.49177891,True
988,1626595200001000000,BINANCE-001,MARGIN,USDT,11431.94306891,72.45129000,11359.49177891,False
989,1626624000003000000,BINANCE-001,MARGIN,USDT,11431.82627460,72.45129000,11359.37498460,True
990,1626624000003000000,BINANCE-001,MARGIN,USDT,11431.82627460,72.45129000,11359.37498460,False
991,1626652800002000000,BINANCE-001,MARGIN,USDT,11431.62593685,72.45129000,11359.17464685,True
992,1626652800002000000,BINANCE-001,MARGIN,USDT,11431.62593685,72.45129000,11359.17464685,False
993,1626652860000000000,BINANCE-001,MARGIN,USDT,11431.21296598,82.77556175,11348.43740423,False
994,1626681600006000000,BINANCE-001,MARGIN,USDT,11431.31052224,82.77556175,11348.53496049,True
995,1626681600006000000,BINANCE-001,MARGIN,USDT,11431.31052224,82.77556175,11348.53496049,False
996,1626710400006000000,BINANCE-001,MARGIN,USDT,11431.27392669,82.77556175,11348.49836494,True
997,1626710400006000000,BINANCE-001,MARGIN,USDT,11431.27392669,82.77556175,11348.49836494,False
998,1626739200002000000,BINANCE-001,MARGIN,USDT,11430.80492560,82.77556175,11348.02936385,True
999,1626739200002000000,BINANCE-001,MARGIN,USDT,11430.80492560,82.77556175,11348.02936385,False
1000,1626768000011000000,BINANCE-001,MARGIN,USDT,11430.44161361,82.77556175,11347.66605186,True
1001,1626768000011000000,BINANCE-001,MARGIN,USDT,11430.44161361,82.77556175,11347.66605186,False
1002,1626796800001000000,BINANCE-001,MARGIN,USDT,11429.89288662,82.77556175,11347.11732487,True
1003,1626796800001000000,BINANCE-001,MARGIN,USDT,11429.89288662,82.77556175,11347.11732487,False
1004,1626825600022000000,BINANCE-001,MARGIN,USDT,11429.23249261,82.77556175,11346.45693086,True
1005,1626825600022000000,BINANCE-001,MARGIN,USDT,11429.23249261,82.77556175,11346.45693086,False
1006,1626854400000000000,BINANCE-001,MARGIN,USDT,11428.06301908,82.77556175,11345.28745733,True
1007,1626854400000000000,BINANCE-001,MARGIN,USDT,11428.06301908,82.77556175,11345.28745733,False
1008,1626883200018000000,BINANCE-001,MARGIN,USDT,11427.06328042,82.77556175,11344.28771867,True
1009,1626883200018000000,BINANCE-001,MARGIN,USDT,11427.06328042,82.77556175,11344.28771867,False
1010,1626912000002000000,BINANCE-001,MARGIN,USDT,11426.55676734,82.77556175,11343.78120559,True
1011,1626912000002000000,BINANCE-001,MARGIN,USDT,11426.55676734,82.77556175,11343.78120559,False
1012,1626940800006000000,BINANCE-001,MARGIN,USDT,11426.59919590,82.77556175,11343.82363415,True
1013,1626940800006000000,BINANCE-001,MARGIN,USDT,11426.59919590,82.77556175,11343.82363415,False
1014,1626969600010000000,BINANCE-001,MARGIN,USDT,11426.64247891,82.77556175,11343.86691716,True
1015,1626969600010000000,BINANCE-001,MARGIN,USDT,11426.64247891,82.77556175,11343.86691716,False
1016,1626998400013000000,BINANCE-001,MARGIN,USDT,11426.65324668,82.77556175,11343.87768493,True
1017,1626998400013000000,BINANCE-001,MARGIN,USDT,11426.65324668,82.77556175,11343.87768493,False
1018,1627027200000000000,BINANCE-001,MARGIN,USDT,11426.11848846,82.77556175,11343.34292671,True
1019,1627027200000000000,BINANCE-001,MARGIN,USDT,11426.11848846,82.77556175,11343.34292671,False
1020,1627056000005000000,BINANCE-001,MARGIN,USDT,11426.08746989,82.77556175,11343.31190814,True
1021,1627056000005000000,BINANCE-001,MARGIN,USDT,11426.08746989,82.77556175,11343.31190814,False
1022,1627084800000000000,BINANCE-001,MARGIN,USDT,11425.85113825,82.77556175,11343.07557650,True
1023,1627084800000000000,BINANCE-001,MARGIN,USDT,11425.85113825,82.77556175,11343.07557650,False
1024,1627113600002000000,BINANCE-001,MARGIN,USDT,11425.41257250,82.77556175,11342.63701075,True
1025,1627113600002000000,BINANCE-001,MARGIN,USDT,11425.41257250,82.77556175,11342.63701075,False
1026,1627142400001000000,BINANCE-001,MARGIN,USDT,11425.06446625,82.77556175,11342.28890450,True
1027,1627142400001000000,BINANCE-001,MARGIN,USDT,11425.06446625,82.77556175,11342.28890450,False
1028,1627171200003000000,BINANCE-001,MARGIN,USDT,11424.21178403,82.77556175,11341.43622228,True
1029,1627171200003000000,BINANCE-001,MARGIN,USDT,11424.21178403,82.77556175,11341.43622228,False
1030,1627200000015000000,BINANCE-001,MARGIN,USDT,11423.48177269,82.77556175,11340.70621094,True
1031,1627200000015000000,BINANCE-001,MARGIN,USDT,11423.48177269,82.77556175,11340.70621094,False
1032,1627228800000000000,BINANCE-001,MARGIN,USDT,11423.30957898,82.77556175,11340.53401723,True
1033,1627228800000000000,BINANCE-001,MARGIN,USDT,11423.30957898,82.77556175,11340.53401723,False
1034,1627257600000000000,BINANCE-001,MARGIN,USDT,11421.42755307,82.77556175,11338.65199132,True
1035,1627257600000000000,BINANCE-001,MARGIN,USDT,11421.42755307,82.77556175,11338.65199132,False
1036,1627257660000000000,BINANCE-001,MARGIN,USDT,11298.06407808,0.00000000,11298.06407808,False
1037,1627257720000000000,BINANCE-001,MARGIN,USDT,11294.00411808,101.49900000,11192.50511808,False
1038,1627286400000000000,BINANCE-001,MARGIN,USDT,11293.56540698,101.49900000,11192.06640698,True
1039,1627286400000000000,BINANCE-001,MARGIN,USDT,11293.56540698,101.49900000,11192.06640698,False
1040,1627315200000000000,BINANCE-001,MARGIN,USDT,11293.12186112,101.49900000,11191.62286112,True
1041,1627315200000000000,BINANCE-001,MARGIN,USDT,11293.12186112,101.49900000,11191.62286112,False
1042,1627344000046000000,BINANCE-001,MARGIN,USDT,11292.69376373,101.49900000,11191.19476373,True
1043,1627344000046000000,BINANCE-001,MARGIN,USDT,11292.69376373,101.49900000,11191.19476373,False
1044,1627372800014000000,BINANCE-001,MARGIN,USDT,11292.26693930,101.49900000,11190.76793930,True
1045,1627372800014000000,BINANCE-001,MARGIN,USDT,11292.26693930,101.49900000,11190.76793930,False
1046,1627401600007000000,BINANCE-001,MARGIN,USDT,11292.36572083,101.49900000,11190.86672083,True
1047,1627401600007000000,BINANCE-001,MARGIN,USDT,11292.36572083,101.49900000,11190.86672083,False
1048,1627430400000000000,BINANCE-001,MARGIN,USDT,11292.45815096,101.49900000,11190.95915096,True
1049,1627430400000000000,BINANCE-001,MARGIN,USDT,11292.45815096,101.49900000,11190.95915096,False
1050,1627459200002000000,BINANCE-001,MARGIN,USDT,11291.99943908,101.49900000,11190.50043908,True
1051,1627459200002000000,BINANCE-001,MARGIN,USDT,11291.99943908,101.49900000,11190.50043908,False
1052,1627488000005000000,BINANCE-001,MARGIN,USDT,11291.54327260,101.49900000,11190.04427260,True
1053,1627488000005000000,BINANCE-001,MARGIN,USDT,11291.54327260,101.49900000,11190.04427260,False
1054,1627516800004000000,BINANCE-001,MARGIN,USDT,11291.47458677,101.49900000,11189.97558677,True
1055,1627516800004000000,BINANCE-001,MARGIN,USDT,11291.47458677,101.49900000,11189.97558677,False
1056,1627545600000000000,BINANCE-001,MARGIN,USDT,11291.09476125,101.49900000,11189.59576125,True
1057,1627545600000000000,BINANCE-001,MARGIN,USDT,11291.09476125,101.49900000,11189.59576125,False
1058,1627574400007000000,BINANCE-001,MARGIN,USDT,11290.63549538,101.49900000,11189.13649538,True
1059,1627574400007000000,BINANCE-001,MARGIN,USDT,11290.63549538,101.49900000,11189.13649538,False
1060,1627603200004000000,BINANCE-001,MARGIN,USDT,11290.17534588,101.49900000,11188.67634588,True
1061,1627603200004000000,BINANCE-001,MARGIN,USDT,11290.17534588,101.49900000,11188.67634588,False
1062,1627632000000000000,BINANCE-001,MARGIN,USDT,11289.71854874,101.49900000,11188.21954874,True
1063,1627632000000000000,BINANCE-001,MARGIN,USDT,11289.71854874,101.49900000,11188.21954874,False
1064,1627660800000000000,BINANCE-001,MARGIN,USDT,11289.82529387,101.49900000,11188.32629387,True
1065,1627660800000000000,BINANCE-001,MARGIN,USDT,11289.82529387,101.49900000,11188.32629387,False
1066,1627689600000000000,BINANCE-001,MARGIN,USDT,11289.33988359,101.49900000,11187.84088359,True
1067,1627689600000000000,BINANCE-001,MARGIN,USDT,11289.33988359,101.49900000,11187.84088359,False
1068,1627718400014000000,BINANCE-001,MARGIN,USDT,11288.86218445,101.49900000,11187.36318445,True
1069,1627718400014000000,BINANCE-001,MARGIN,USDT,11288.86218445,101.49900000,11187.36318445,False
1070,1627747200003000000,BINANCE-001,MARGIN,USDT,11288.38450745,101.49900000,11186.88550745,True
1071,1627747200003000000,BINANCE-001,MARGIN,USDT,11288.38450745,101.49900000,11186.88550745,False
